id,group_key,split
1163,group_0,train
1164,group_1,train
1165,group_2,train
1525,group_3,train
1526,group_4,train
1528,group_5,train
1529,group_6,train
1530,group_7,test
1531,group_8,train
1532,group_9,train
1533,group_10,train
1534,group_11,train
1535,group_12,test
1536,group_13,train
1537,group_14,train
1538,group_15,train
1539,group_16,train
1540,group_17,train
1541,group_18,test
1542,group_19,validation
1543,group_20,train
1544,group_21,test
1545,group_22,train
1546,group_23,train
1547,group_24,train
1548,group_25,train
1549,group_26,validation
1550,group_27,train
1551,group_28,train
1552,group_29,validation
1553,group_30,train
1554,group_31,test
1555,group_32,train
1556,group_33,train
1557,group_34,train
1558,group_35,train
1559,group_36,train
1561,group_37,train
1562,group_38,validation
1563,group_39,train
1565,group_40,train
1566,group_41,validation
1567,group_42,train
1569,group_43,train
1570,group_44,train
1571,group_45,test
1572,group_46,train
1573,group_47,train
1575,group_48,train
1577,group_49,train
1578,group_50,train
1579,group_51,validation
1580,group_52,train
1581,group_53,test
1582,group_54,train
1583,group_55,test
1584,group_56,train
1587,group_57,train
1588,group_58,train
1590,group_59,test
1591,group_60,train
1592,group_61,train
1594,group_62,train
1595,group_63,train
1596,group_64,train
1597,group_65,validation
1598,group_66,train
1599,group_67,validation
1603,group_68,train
1604,group_69,train
1605,group_70,test
1607,group_71,train
1608,group_72,train
1609,group_73,validation
1610,group_74,test
1611,group_75,train
1612,group_76,train
1613,group_77,train
1614,group_78,train
1615,group_79,train
1616,group_80,train
1617,group_81,train
1618,group_82,test
1619,group_83,test
1620,group_84,train
1621,group_85,train
1622,group_86,train
1623,group_87,train
1624,group_88,validation
1625,group_89,train
1626,group_90,train
1627,group_91,train
1628,group_92,train
1634,group_93,train
1635,group_94,train
1636,group_95,train
1637,group_96,train
1638,group_97,train
1641,group_98,test
1642,group_99,train
1644,group_100,train
1645,group_101,train
1646,group_102,test
1647,group_103,test
1648,group_104,train
1649,group_105,train
1651,group_106,test
1653,group_107,train
1654,group_108,train
1656,group_109,train
1657,group_110,train
1658,group_111,train
1662,group_112,train
1668,group_113,validation
1670,group_114,train
1671,group_115,train
1673,group_116,train
1678,group_117,train
1689,group_118,validation
1697,group_119,train
1727,group_120,train
1728,group_121,train
1729,group_122,train
1730,group_123,train
1731,group_124,train
1752,group_125,train
1754,group_126,train
1755,group_127,validation
1756,group_128,train
1757,group_129,test
1758,group_130,train
1759,group_131,train
1760,group_132,train
1762,group_133,test
1763,group_134,validation
1764,group_135,train
1765,group_136,train
1766,group_137,train
1782,group_138,train
1783,group_139,train
1784,group_140,train
1785,group_141,train
1786,group_142,test
1787,group_143,test
1788,group_144,train
1789,group_145,train
1790,group_146,test
1791,group_147,validation
1792,group_148,validation
1793,group_149,train
1794,group_150,validation
1795,group_151,train
1796,group_152,train
1798,group_153,validation
1799,group_154,train
1800,group_155,train
1801,group_156,test
1802,group_157,train
1803,group_158,validation
1804,group_159,train
1805,group_160,train
1806,group_161,test
1807,group_162,validation
1808,group_163,test
1809,group_164,train
1810,group_165,train
1811,group_166,train
1812,group_167,train
1813,group_168,train
1814,group_169,test
1827,group_170,train
1828,group_171,train
1831,group_172,train
1832,group_173,train
1833,group_174,train
1836,group_175,train
1841,group_176,train
1842,group_177,train
1844,group_178,train
1845,group_179,test
1846,group_180,train
1847,group_181,train
1848,group_182,train
1849,group_183,train
1852,group_184,train
1853,group_185,train
1854,group_186,train
1855,group_187,train
1856,group_188,train
1857,group_189,train
1859,group_190,train
1860,group_191,test
1861,group_192,test
1862,group_193,train
1863,group_194,train
1865,group_195,train
1866,group_196,train
1867,group_197,validation
1868,group_198,train
1869,group_199,train
1870,group_200,train
1871,group_201,train
1872,group_202,train
1875,group_203,train
1876,group_204,train
1877,group_205,train
1879,group_206,validation
1880,group_207,test
1881,group_208,train
1882,group_209,train
1883,group_210,train
1884,group_211,test
1885,group_212,test
1886,group_213,test
1887,group_214,train
1888,group_215,validation
1889,group_216,train
1890,group_217,train
1891,group_218,train
1892,group_219,train
1895,group_219,train
1897,group_221,train
1902,group_222,validation
1903,group_223,train
1904,group_224,validation
1905,group_225,train
1906,group_226,validation
1907,group_227,train
1909,group_228,train
1910,group_229,train
1911,group_230,train
1912,group_231,train
1913,group_232,validation
1915,group_233,validation
1916,group_234,train
1917,group_235,validation
1918,group_236,test
1919,group_237,test
1920,group_238,test
1922,group_239,train
1923,group_240,train
1924,group_241,test
1925,group_242,train
1926,group_243,train
1927,group_244,train
1928,group_245,train
1929,group_246,train
1930,group_247,train
1931,group_248,train
1932,group_249,train
1933,group_250,validation
1934,group_251,train
1935,group_252,train
1936,group_253,train
1937,group_254,train
1938,group_255,train
1939,group_256,train
1941,group_257,train
1942,group_258,train
1943,group_259,train
1944,group_260,train
1945,group_261,validation
1946,group_262,validation
1947,group_263,validation
1948,group_264,train
1949,group_265,test
1950,group_266,train
1951,group_267,train
1962,group_268,train
1963,group_269,train
1964,group_270,train
1966,group_271,train
1972,group_272,validation
1973,group_273,train
1976,group_274,test
1977,group_275,test
1978,group_276,train
1981,group_277,train
1982,group_278,validation
1983,group_279,train
1984,group_280,train
1985,group_281,train
1986,group_282,validation
1988,group_283,train
1989,group_284,train
1990,group_285,train
1991,group_286,train
1992,group_287,test
1993,group_288,train
1994,group_289,train
1995,group_290,test
1996,group_291,train
1997,group_292,train
1998,group_293,train
1999,group_294,test
2001,group_295,train
2002,group_296,test
2003,group_297,train
2004,group_298,test
2005,group_299,train
2006,group_300,train
2007,group_301,train
2008,group_302,train
2009,group_303,test
2010,group_304,train
2011,group_305,test
2012,group_306,train
2014,group_307,train
2015,group_308,train
2023,group_309,train
2024,group_310,train
2025,group_311,train
2026,group_312,validation
2027,group_313,train
2028,group_314,train
2029,group_315,train
2030,group_316,test
2031,group_317,validation
2032,group_318,train
2033,group_319,train
2034,group_320,train
2035,group_321,train
2036,group_322,test
2037,group_323,train
2038,group_324,train
2039,group_325,train
2040,group_326,train
2041,group_327,validation
2042,group_328,train
2044,group_329,train
2045,group_330,train
2046,group_331,train
2047,group_332,test
2048,group_333,test
2049,group_334,train
2050,group_335,train
2051,group_336,train
2052,group_337,test
2053,group_338,train
2054,group_339,validation
2055,group_340,train
2056,group_341,train
2057,group_342,validation
2058,group_343,validation
2059,group_344,train
2060,group_345,train
2061,group_346,train
2062,group_347,test
2065,group_348,test
2069,group_349,train
2078,group_350,train
2089,group_351,train
2090,group_352,train
2091,group_353,train
2092,group_354,train
2093,group_355,train
2094,group_356,train
2095,group_357,test
2096,group_358,train
2097,group_359,train
2098,group_360,train
2099,group_361,train
2100,group_362,validation
2101,group_363,train
2102,group_364,train
2103,group_365,validation
2104,group_366,train
2105,group_367,train
2106,group_368,train
2107,group_369,train
2108,group_370,train
2109,group_371,validation
2110,group_372,test
2111,group_373,train
2112,group_374,train
2113,group_375,train
2114,group_376,train
2115,group_377,train
2116,group_378,train
2117,group_379,train
2118,group_380,train
2119,group_381,train
2120,group_382,train
2121,group_383,train
2122,group_384,train
2123,group_385,train
2124,group_386,train
2125,group_387,train
2126,group_388,validation
2127,group_389,train
2128,group_390,train
2129,group_391,train
2130,group_392,train
2131,group_393,train
2132,group_394,validation
2133,group_395,train
2134,group_396,validation
2135,group_397,test
2136,group_398,train
2137,group_399,train
2138,group_400,train
2139,group_401,train
2140,group_8990,train
2141,group_403,train
2142,group_404,validation
2143,group_405,test
2144,group_406,train
2145,group_407,train
2146,group_408,train
2147,group_409,train
2148,group_410,train
2149,group_411,train
2150,group_412,train
2151,group_413,train
2152,group_414,train
2153,group_415,train
2154,group_416,validation
2155,group_417,train
2156,group_418,train
2157,group_419,validation
2158,group_420,train
2159,group_421,train
2160,group_422,train
2161,group_423,train
2162,group_424,train
2163,group_425,train
2164,group_426,test
2165,group_427,train
2166,group_428,train
2167,group_429,train
2168,group_430,train
2169,group_431,train
2170,group_432,train
2171,group_433,validation
2172,group_434,validation
2176,group_435,train
2177,group_436,train
2179,group_437,train
2180,group_438,train
2181,group_439,train
2182,group_440,train
2183,group_441,validation
2184,group_442,train
2185,group_443,test
2187,group_444,validation
2188,group_445,train
2189,group_446,train
2190,group_447,train
2191,group_448,train
2192,group_449,train
2193,group_450,train
2194,group_451,train
2195,group_452,train
2196,group_453,train
2197,group_454,test
2198,group_455,validation
2199,group_456,train
2200,group_457,train
2201,group_458,validation
2202,group_459,train
2203,group_460,train
2204,group_458,validation
2205,group_462,train
2206,group_463,train
2207,group_464,train
2208,group_465,train
2209,group_466,train
2210,group_467,train
2211,group_468,train
2212,group_469,train
2213,group_470,train
2214,group_471,train
2215,group_472,train
2216,group_473,test
2217,group_474,train
2218,group_475,validation
2219,group_476,test
2220,group_477,train
2221,group_478,train
2222,group_479,test
2223,group_480,validation
2224,group_481,train
2225,group_482,test
2226,group_483,train
2227,group_484,test
2228,group_485,train
2229,group_486,train
2230,group_487,test
2231,group_488,test
2232,group_489,train
2233,group_490,train
2234,group_491,train
2235,group_492,train
2237,group_493,train
2238,group_494,validation
2239,group_495,train
2240,group_496,train
2241,group_497,train
2242,group_498,validation
2243,group_499,train
2244,group_500,train
2245,group_501,train
2246,group_502,validation
2247,group_503,train
2248,group_504,train
2249,group_505,train
2250,group_506,train
2251,group_507,test
2252,group_508,train
2253,group_509,train
2254,group_510,train
2255,group_511,train
2256,group_512,train
2257,group_513,train
2259,group_514,validation
2260,group_515,train
2261,group_516,train
2262,group_517,train
2263,group_518,train
2264,group_519,train
2265,group_520,train
2266,group_521,train
2267,group_522,train
2268,group_523,train
2269,group_524,train
2270,group_525,validation
2271,group_526,train
2272,group_515,train
2273,group_526,train
2274,group_529,validation
2275,group_530,train
2276,group_531,train
2278,group_532,train
2279,group_533,train
2280,group_534,train
2282,group_535,test
2283,group_536,train
2284,group_537,train
2285,group_538,train
2286,group_539,test
2287,group_540,train
2288,group_541,train
2289,group_542,test
2290,group_543,validation
2291,group_544,train
2292,group_545,validation
2293,group_546,validation
2294,group_547,train
2295,group_548,train
2296,group_549,train
2297,group_550,train
2298,group_551,train
2299,group_552,test
2300,group_553,train
2301,group_554,validation
2302,group_555,train
2303,group_556,validation
2304,group_557,validation
2305,group_558,train
2306,group_559,train
2307,group_552,test
2309,group_561,validation
2310,group_562,test
2311,group_563,train
2312,group_564,train
2313,group_565,train
2314,group_566,validation
2315,group_567,train
2316,group_568,train
2317,group_569,test
2318,group_570,train
2319,group_571,validation
2320,group_572,train
2321,group_573,train
2322,group_574,train
2323,group_575,train
2324,group_576,train
2325,group_577,test
2326,group_578,train
2327,group_579,train
2328,group_580,train
2329,group_581,train
2330,group_582,validation
2331,group_583,train
2332,group_584,test
2333,group_585,train
2334,group_586,train
2335,group_118,validation
2336,group_588,train
2337,group_589,test
2338,group_590,train
2339,group_591,train
2340,group_592,train
2341,group_593,validation
2342,group_594,train
2343,group_595,test
2344,group_596,validation
2345,group_597,test
2346,group_598,train
2347,group_599,test
2348,group_600,test
2349,group_601,train
2350,group_602,validation
2351,group_603,train
2353,group_604,test
2354,group_605,test
2355,group_606,test
2356,group_607,train
2357,group_608,train
2358,group_609,validation
2359,group_610,train
2360,group_611,train
2361,group_612,test
2362,group_613,train
2363,group_502,validation
2364,group_615,train
2365,group_616,train
2366,group_617,train
2367,group_618,validation
2368,group_619,validation
2369,group_620,validation
2370,group_621,train
2371,group_622,train
2372,group_623,train
2373,group_624,test
2374,group_625,train
2375,group_626,validation
2376,group_627,validation
2377,group_628,test
2378,group_629,train
2379,group_630,train
2380,group_631,train
2381,group_632,validation
2382,group_633,test
2383,group_634,train
2384,group_635,train
2385,group_636,train
2387,group_637,test
2388,group_638,train
2389,group_639,train
2390,group_640,train
2391,group_641,train
2393,group_642,train
2394,group_643,train
2396,group_644,train
2397,group_645,train
2398,group_640,train
2399,group_647,train
2400,group_648,test
2401,group_649,train
2402,group_650,validation
2403,group_651,train
2467,group_652,validation
2474,group_653,train
2477,group_654,train
2478,group_655,train
2479,group_656,train
2480,group_657,test
2481,group_658,train
2482,group_659,train
2483,group_660,validation
2484,group_661,validation
2485,group_662,train
2486,group_663,test
2487,group_664,train
2488,group_665,train
2489,group_666,train
2490,group_667,train
2491,group_668,train
2492,group_669,train
2493,group_670,train
2494,group_671,train
2495,group_672,train
2496,group_673,validation
2497,group_674,train
2498,group_675,test
2499,group_676,train
2500,group_677,test
2501,group_678,train
2502,group_679,train
2503,group_680,train
2504,group_681,test
2505,group_682,train
2506,group_683,train
2507,group_684,train
2508,group_683,train
2509,group_686,train
2510,group_687,train
2511,group_688,train
2540,group_687,train
2541,group_690,train
2542,group_691,validation
2543,group_692,test
2544,group_693,validation
2545,group_694,train
2546,group_695,validation
2547,group_696,validation
2548,group_697,validation
2549,group_698,train
2550,group_699,train
2551,group_700,train
2552,group_701,train
2553,group_702,train
2554,group_703,validation
2555,group_704,validation
2556,group_705,train
2557,group_706,train
2558,group_707,train
2559,group_708,test
2562,group_55,test
2564,group_710,train
2572,group_711,train
2574,group_712,test
2576,group_713,validation
2577,group_714,train
2578,group_715,train
2579,group_716,train
2580,group_717,train
2582,group_718,train
2584,group_719,validation
2585,group_720,test
2586,group_721,test
2587,group_722,train
2588,group_723,train
2589,group_724,train
2590,group_725,train
2591,group_726,train
2601,group_727,train
2602,group_728,train
2603,group_729,train
2604,group_730,train
2605,group_731,train
2606,group_333,test
2607,group_733,test
2608,group_734,train
2609,group_735,validation
2610,group_736,validation
2611,group_737,train
2612,group_738,test
2613,group_739,test
2614,group_740,train
2615,group_741,validation
2616,group_742,train
2617,group_743,test
2618,group_744,train
2619,group_745,train
2620,group_746,train
2621,group_747,train
2622,group_748,train
2623,group_749,train
2624,group_750,train
2625,group_751,validation
2626,group_752,validation
2627,group_753,train
2628,group_754,validation
2629,group_755,train
2630,group_756,validation
2631,group_757,validation
2632,group_758,train
2633,group_759,train
2634,group_760,test
2635,group_761,train
2636,group_762,train
2637,group_763,train
2638,group_764,test
2639,group_765,train
2640,group_764,test
2641,group_767,test
2642,group_768,train
2644,group_769,validation
2645,group_770,train
2647,group_771,train
2648,group_772,train
2649,group_773,train
2650,group_774,train
2651,group_775,validation
2653,group_776,validation
2654,group_777,train
2655,group_778,train
2656,group_779,train
2657,group_780,train
2658,group_781,test
2659,group_782,train
2661,group_783,train
2662,group_784,train
2663,group_785,train
2664,group_786,train
2665,group_787,train
2666,group_788,train
2667,group_789,train
2668,group_790,train
2669,group_791,test
2670,group_792,train
2671,group_793,train
2672,group_794,test
2673,group_795,train
2674,group_796,train
2675,group_797,train
2676,group_798,test
2677,group_799,train
2678,group_800,validation
2679,group_801,train
2680,group_802,train
2681,group_803,train
2682,group_804,validation
2683,group_805,train
2684,group_806,train
2685,group_807,train
2686,group_808,train
2687,group_809,train
2688,group_810,validation
2689,group_811,train
2691,group_812,test
2693,group_813,test
2694,group_814,train
2695,group_815,test
2697,group_816,train
2699,group_817,train
2700,group_818,train
2701,group_819,test
2702,group_820,train
2703,group_821,train
2704,group_822,test
2705,group_823,train
2706,group_824,train
2707,group_825,train
2708,group_826,train
2710,group_827,validation
2711,group_828,train
2712,group_829,train
2714,group_830,train
2715,group_831,train
2716,group_832,train
2717,group_833,validation
2718,group_834,train
2719,group_835,validation
2720,group_836,train
2722,group_837,train
2724,group_838,test
2727,group_839,train
2728,group_840,train
2730,group_841,train
2732,group_842,test
2737,group_843,train
2738,group_844,train
2740,group_845,train
2741,group_846,train
2742,group_847,test
2743,group_848,train
2744,group_849,train
2745,group_850,train
2746,group_839,train
2747,group_852,validation
2748,group_853,train
2749,group_854,train
2750,group_855,train
2751,group_853,train
2753,group_857,train
2755,group_853,train
2757,group_859,train
2760,group_860,train
2762,group_861,train
2764,group_853,train
2766,group_863,train
2778,group_864,test
2779,group_865,train
2780,group_866,test
2781,group_867,train
2782,group_868,train
2783,group_869,train
2784,group_870,train
2785,group_871,train
2786,group_872,train
2787,group_873,train
2788,group_874,train
2800,group_875,test
2801,group_876,train
2802,group_877,train
2803,group_878,train
2805,group_879,validation
2807,group_880,train
2809,group_881,test
2812,group_882,train
2814,group_883,train
2817,group_884,train
2820,group_885,test
2821,group_886,train
2822,group_887,test
2823,group_888,train
2824,group_889,train
2825,group_890,train
2826,group_891,train
2827,group_892,validation
2828,group_893,test
2830,group_894,validation
2831,group_895,train
2832,group_896,train
2833,group_897,train
2834,group_898,train
2835,group_899,validation
2836,group_900,train
2837,group_901,train
2838,group_902,test
2840,group_903,validation
2841,group_904,train
2842,group_905,train
2843,group_906,train
2844,group_907,train
2845,group_908,train
2846,group_909,validation
2847,group_910,test
2848,group_911,train
2849,group_912,test
2850,group_913,validation
2851,group_914,train
2852,group_915,test
2853,group_916,train
2854,group_917,train
2855,group_918,validation
2856,group_919,train
2857,group_920,train
2858,group_921,test
2859,group_922,train
2860,group_923,train
2861,group_924,train
2862,group_925,test
2863,group_926,train
2865,group_927,train
2866,group_928,train
2867,group_929,train
2868,group_930,train
2869,group_931,train
2870,group_932,train
2872,group_933,train
2874,group_934,test
2876,group_935,train
2877,group_936,train
2878,group_937,train
2879,group_938,train
2880,group_939,validation
2882,group_940,validation
2885,group_941,train
2886,group_942,train
2887,group_943,validation
2888,group_944,train
2889,group_945,train
2890,group_946,train
2892,group_947,train
2893,group_948,validation
2894,group_949,train
2895,group_950,train
2897,group_951,test
2899,group_952,test
2900,group_953,train
2901,group_954,train
2903,group_955,train
2910,group_956,train
2912,group_957,validation
2915,group_958,train
2916,group_959,test
2918,group_960,train
2920,group_961,train
2921,group_962,train
2922,group_963,train
2923,group_964,train
2928,group_965,train
2931,group_966,validation
2934,group_967,train
2936,group_968,validation
2937,group_969,validation
2938,group_970,train
2939,group_971,test
2940,group_972,train
2944,group_973,train
2947,group_974,validation
2953,group_975,validation
2954,group_976,train
2956,group_977,train
2963,group_978,train
2964,group_979,test
2965,group_980,train
2966,group_981,test
2967,group_982,train
2969,group_983,test
2970,group_984,train
2971,group_985,train
2972,group_986,train
2973,group_987,train
2974,group_988,test
2975,group_989,validation
2976,group_990,train
2977,group_991,validation
2978,group_992,train
2979,group_993,train
2980,group_994,train
2981,group_995,train
2982,group_996,test
2983,group_997,train
2984,group_998,train
2985,group_999,train
2986,group_1000,train
2987,group_1001,train
2988,group_1002,validation
2994,group_1003,train
2996,group_1004,train
3009,group_1005,validation
3011,group_1006,test
3012,group_1007,train
3013,group_1008,train
3014,group_1009,train
3015,group_1010,train
3016,group_1011,validation
3017,group_1012,train
3018,group_1013,train
3019,group_1014,validation
3020,group_1015,validation
3021,group_1016,test
3023,group_1017,train
3027,group_1018,train
3028,group_1019,train
3029,group_1020,train
3042,group_1021,train
3043,group_1022,test
3044,group_1023,train
3045,group_1024,train
3046,group_1025,train
3047,group_1026,test
3048,group_1027,test
3049,group_1028,train
3050,group_1029,train
3051,group_1030,train
3052,group_1031,train
3054,group_1032,validation
3055,group_1033,train
3056,group_1034,train
3057,group_1035,validation
3058,group_1036,validation
3059,group_1037,train
3060,group_1038,validation
3061,group_1039,train
3062,group_1040,train
3063,group_1041,train
3064,group_1042,train
3065,group_1043,train
3066,group_1044,train
3067,group_1045,train
3068,group_1046,validation
3069,group_1047,test
3070,group_1048,train
3071,group_1049,train
3072,group_1050,train
3073,group_1051,train
3074,group_1052,train
3075,group_1053,train
3077,group_1054,train
3078,group_1055,train
3079,group_1056,train
3080,group_1057,test
3081,group_1058,test
3082,group_1059,test
3084,group_1060,train
3085,group_1061,validation
3087,group_1062,validation
3088,group_1063,train
3089,group_1064,train
3095,group_1065,train
3096,group_1066,train
3098,group_1067,test
3100,group_1068,train
3101,group_1069,test
3102,group_1070,train
3103,group_1071,train
3104,group_1072,test
3105,group_1073,train
3107,group_1074,train
3108,group_1075,validation
3110,group_1076,train
3120,group_1077,test
3121,group_1078,train
3122,group_1079,train
3123,group_1080,train
3124,group_1081,train
3125,group_1082,train
3126,group_1083,train
3127,group_1084,train
3128,group_1085,test
3129,group_1086,validation
3130,group_1087,train
3131,group_1088,test
3132,group_1089,train
3134,group_1090,train
3135,group_1091,train
3136,group_1092,train
3137,group_1093,train
3139,group_1094,validation
3140,group_1095,train
3141,group_1096,train
3142,group_1097,train
3150,group_1098,test
3151,group_1099,test
3152,group_1100,train
3154,group_1101,train
3159,group_1102,test
3160,group_1103,train
3161,group_1104,train
3162,group_1105,train
3163,group_1106,test
3165,group_1107,train
3167,group_1108,train
3168,group_1109,train
3170,group_1110,train
3171,group_1111,train
3175,group_1112,validation
3177,group_1113,validation
3178,group_1114,train
3181,group_1115,train
3182,group_1116,train
3183,group_1117,train
3186,group_1118,train
3187,group_1119,test
3191,group_1120,train
3192,group_1121,train
3193,group_1122,train
3196,group_1123,train
3197,group_1124,train
3198,group_1125,train
3199,group_1126,test
3200,group_1127,train
3201,group_1128,train
3202,group_1129,train
3203,group_1130,train
3204,group_1131,validation
3205,group_1132,train
3206,group_1133,train
3207,group_1134,train
3208,group_1135,train
3209,group_1136,validation
3210,group_1137,train
3211,group_1138,validation
3212,group_1139,test
3213,group_1140,train
3214,group_1141,train
3215,group_1142,validation
3216,group_1143,train
3217,group_1144,train
3218,group_1145,train
3219,group_1146,train
3220,group_1147,train
3221,group_1148,train
3223,group_1149,validation
3225,group_1150,test
3226,group_1151,train
3227,group_1152,train
3228,group_1153,validation
3229,group_1154,validation
3230,group_1155,validation
3231,group_1156,test
3232,group_1157,validation
3235,group_1158,train
3236,group_1159,test
3237,group_1160,train
3238,group_1161,train
3239,group_1162,train
3240,group_1163,train
3241,group_1164,train
3242,group_1165,train
3243,group_1166,train
3245,group_1167,train
3246,group_1168,train
3247,group_1169,test
3248,group_1170,train
3249,group_1171,test
3250,group_1172,train
3251,group_1173,train
3252,group_1174,train
3253,group_1175,test
3254,group_1176,train
3255,group_1177,train
3256,group_1178,test
3257,group_1179,test
3258,group_1180,train
3259,group_1181,train
3260,group_1182,test
3261,group_1183,test
3262,group_1184,train
3263,group_1185,train
3264,group_1186,train
3265,group_1187,train
3266,group_1188,train
3267,group_1189,train
3268,group_1190,train
3269,group_1191,train
3270,group_1192,train
3271,group_1193,train
3272,group_1194,test
3273,group_1195,train
3274,group_1196,train
3275,group_1197,validation
3276,group_1198,train
3277,group_1199,train
3278,group_1200,train
3279,group_1201,train
3280,group_1202,train
3281,group_1203,train
3282,group_1204,train
3283,group_1205,train
3284,group_1206,test
3285,group_1207,train
3286,group_1208,train
3287,group_1209,test
3288,group_1210,train
3289,group_1211,train
3290,group_1212,train
3291,group_1213,train
3292,group_1214,validation
3293,group_1215,train
3294,group_1216,train
3295,group_1217,test
3296,group_1218,train
3297,group_1219,train
3298,group_1220,validation
3299,group_1221,train
3300,group_1222,train
3301,group_1223,test
3302,group_1224,train
3303,group_1225,train
3304,group_1226,validation
3305,group_1227,validation
3306,group_1228,train
3307,group_1229,train
3308,group_1230,train
3309,group_1231,train
3310,group_1232,train
3311,group_1233,test
3312,group_1234,train
3313,group_1235,train
3314,group_1213,train
3315,group_1213,train
3317,group_1238,train
3318,group_1239,train
3319,group_1240,test
3320,group_1241,train
3321,group_1242,validation
3322,group_1243,train
3323,group_1244,validation
3324,group_1245,train
3325,group_1246,train
3327,group_1247,train
3328,group_1248,train
3329,group_1249,train
3330,group_1250,train
3332,group_1251,validation
3333,group_1252,train
3334,group_1253,train
3335,group_1254,train
3336,group_1255,test
3337,group_1256,train
3338,group_1257,test
3339,group_1258,train
3340,group_1259,train
3341,group_1260,test
3342,group_1261,test
3343,group_1262,test
3344,group_1263,train
3345,group_1264,train
3346,group_1265,train
3347,group_1266,validation
3348,group_1267,train
3349,group_1268,train
3350,group_1269,test
3351,group_1270,train
3352,group_1271,test
3353,group_1272,train
3354,group_1273,train
3355,group_1274,train
3356,group_1275,train
3357,group_1276,validation
3358,group_1277,validation
3359,group_1278,validation
3360,group_1279,train
3361,group_1280,validation
3362,group_1281,train
3363,group_1282,train
3364,group_1283,train
3365,group_1284,validation
3366,group_1285,train
3367,group_1286,train
3370,group_1287,train
3371,group_1288,train
3372,group_1289,train
3373,group_1290,test
3374,group_1291,validation
3375,group_1292,test
3376,group_1293,validation
3378,group_1294,train
3381,group_1295,train
3382,group_1296,train
3384,group_1297,train
3385,group_1298,train
3386,group_1299,validation
3387,group_1300,train
3389,group_1301,train
3390,group_1302,test
3391,group_1303,validation
3393,group_1304,train
3395,group_1305,train
3396,group_1306,train
3397,group_1307,train
3398,group_1308,train
3399,group_1309,train
3400,group_1310,test
3401,group_1311,train
3402,group_1312,train
3404,group_1313,train
3405,group_1314,train
3406,group_1315,test
3409,group_1316,validation
3410,group_1317,test
3411,group_1318,validation
3412,group_1319,validation
3413,group_1320,train
3414,group_1321,train
3415,group_1322,train
3416,group_1323,train
3417,group_1324,train
3418,group_1325,train
3419,group_1326,train
3420,group_1327,train
3421,group_1328,train
3422,group_1329,train
3423,group_1330,train
3424,group_1331,train
3425,group_1332,train
3426,group_1333,train
3427,group_1334,train
3428,group_1335,train
3429,group_1336,train
3431,group_1337,train
3432,group_1338,train
3433,group_1339,train
3434,group_1340,train
3436,group_1341,train
3439,group_1342,train
3440,group_1343,train
3441,group_1344,train
3442,group_1345,train
3445,group_1346,train
3446,group_1347,validation
3447,group_1348,train
3448,group_1349,train
3449,group_1350,test
3450,group_1351,train
3451,group_1352,train
3452,group_1353,train
3453,group_1354,train
3454,group_1355,validation
3455,group_1356,test
3456,group_1357,test
3457,group_1358,train
3458,group_1359,train
3459,group_1360,train
3460,group_1361,test
3461,group_1362,train
3462,group_1363,train
3463,group_1364,test
3464,group_1365,validation
3465,group_1366,train
3466,group_1367,train
3467,group_1368,validation
3468,group_1369,train
3469,group_1370,train
3470,group_1371,validation
3471,group_1372,validation
3472,group_1373,train
3473,group_1374,train
3474,group_1375,train
3475,group_1376,train
3476,group_1377,train
3477,group_1378,train
3478,group_1379,test
3479,group_1380,train
3481,group_1381,train
3482,group_1382,train
3483,group_1383,train
3484,group_1384,validation
3485,group_1385,validation
3486,group_1386,validation
3487,group_1387,train
3488,group_1388,validation
3489,group_1389,train
3490,group_1390,train
3491,group_1391,train
3492,group_1392,train
3493,group_1393,test
3495,group_1394,train
3496,group_1395,train
3497,group_1396,train
3498,group_1397,train
3500,group_1398,train
3501,group_1399,train
3502,group_500,train
3503,group_1401,train
3504,group_1402,train
3505,group_1403,validation
3506,group_1404,test
3507,group_1405,test
3508,group_1406,train
3509,group_1407,train
3510,group_1408,train
3511,group_1409,train
3515,group_1410,train
3516,group_1411,train
3517,group_1412,test
3518,group_1413,train
3519,group_1414,train
3520,group_1415,train
3521,group_1416,train
3522,group_1417,train
3523,group_1418,test
3524,group_1419,train
3525,group_1420,train
3526,group_1421,train
3527,group_1422,train
3528,group_1423,train
3529,group_1424,train
3530,group_1425,test
3531,group_1426,train
3532,group_1427,train
3533,group_1428,validation
3534,group_1429,validation
3535,group_1430,validation
3536,group_1431,train
3537,group_1432,train
3538,group_1433,test
3539,group_1434,train
3540,group_1435,test
3542,group_1436,train
3543,group_1437,test
3544,group_1438,test
3545,group_1439,train
3546,group_1440,validation
3547,group_1441,train
3549,group_1442,train
3550,group_1443,test
3551,group_1444,train
3552,group_1445,train
3553,group_1446,train
3554,group_1447,train
3556,group_1448,train
3557,group_1449,train
3558,group_1450,test
3559,group_1451,train
3560,group_1452,train
3561,group_1453,test
3563,group_1454,train
3564,group_1455,validation
3565,group_1456,train
3566,group_1457,train
3567,group_1458,train
3568,group_1459,validation
3569,group_1460,validation
3570,group_1461,train
3571,group_1462,validation
3572,group_1463,train
3573,group_1464,train
3574,group_1465,validation
3575,group_1466,train
3576,group_1467,train
3577,group_1468,test
3578,group_1469,validation
3579,group_1470,train
3580,group_1471,test
3581,group_1472,validation
3582,group_1473,train
3583,group_1474,train
3584,group_1475,train
3585,group_1476,train
3586,group_1477,test
3587,group_1478,test
3588,group_1479,train
3589,group_1480,train
3590,group_1481,validation
3591,group_1482,validation
3592,group_1483,train
3593,group_1484,train
3594,group_1485,validation
3595,group_1486,test
3596,group_1487,test
3597,group_1488,train
3598,group_1489,train
3599,group_1490,validation
3600,group_1491,train
3601,group_1492,train
3602,group_1493,train
3603,group_1494,train
3604,group_1495,train
3605,group_1496,train
3606,group_1497,train
3607,group_1498,test
3608,group_1499,train
3609,group_1500,train
3610,group_1501,test
3612,group_1502,train
3613,group_1503,train
3614,group_1504,train
3615,group_1505,train
3616,group_1506,train
3617,group_1507,validation
3618,group_1508,train
3619,group_1509,test
3620,group_1510,train
3621,group_1511,train
3622,group_1512,validation
3623,group_1513,train
3624,group_1514,train
3625,group_1515,train
3626,group_1516,train
3627,group_1517,test
3628,group_1518,train
3629,group_1519,test
3630,group_1520,train
3631,group_1521,validation
3632,group_1522,train
3633,group_1523,train
3634,group_1524,train
3635,group_1525,validation
3636,group_1526,train
3637,group_1527,train
3638,group_1528,train
3639,group_1529,test
3640,group_1530,train
3641,group_1531,train
3642,group_1532,validation
3643,group_1533,train
3644,group_1534,train
3645,group_1535,train
3646,group_1536,train
3647,group_1537,train
3648,group_1538,train
3649,group_1539,train
3650,group_1540,train
3651,group_1541,train
3652,group_1542,train
3653,group_1543,validation
3654,group_1544,train
3655,group_1545,train
3656,group_1546,test
3657,group_1547,train
3658,group_1548,train
3659,group_1549,validation
3660,group_1550,train
3661,group_1551,train
3662,group_1552,test
3663,group_1553,train
3664,group_1554,train
3665,group_1555,train
3666,group_1556,train
3667,group_1557,train
3668,group_1558,validation
3669,group_1559,train
3670,group_1560,test
3671,group_1561,validation
3672,group_1562,train
3673,group_1563,train
3674,group_1564,test
3675,group_1565,train
3676,group_1566,train
3677,group_1567,train
3679,group_1568,train
3680,group_1569,train
3681,group_1570,train
3682,group_1571,validation
3683,group_1572,train
3684,group_1573,validation
3685,group_1574,train
3686,group_1575,train
3687,group_1576,train
3688,group_1577,train
3689,group_1578,test
3690,group_1579,test
3691,group_1580,validation
3692,group_1581,train
3693,group_1582,train
3694,group_1583,train
3695,group_1584,train
3696,group_1585,train
3697,group_1586,train
3698,group_1587,train
3699,group_1588,train
3700,group_1589,test
3701,group_1590,train
3702,group_1591,train
3703,group_1592,train
3704,group_1593,train
3705,group_1594,test
3706,group_1595,train
3707,group_1596,train
3708,group_1597,train
3709,group_1598,train
3710,group_1599,train
3711,group_1600,train
3712,group_1601,train
3713,group_1602,validation
3714,group_1603,train
3715,group_1604,train
3716,group_1605,train
3717,group_1606,train
3718,group_1607,train
3719,group_1608,train
3720,group_1609,train
3721,group_1610,train
3722,group_1611,train
3723,group_1612,test
3724,group_1613,train
3725,group_1614,train
3727,group_1615,test
3728,group_1616,train
3729,group_1617,train
3730,group_1618,train
3731,group_1619,train
3732,group_1620,train
3733,group_1621,train
3734,group_1622,train
3735,group_1623,test
3736,group_1624,train
3737,group_1625,validation
3738,group_1626,train
3739,group_1627,train
3740,group_1628,train
3741,group_1629,validation
3742,group_1630,train
3743,group_1631,train
3744,group_1632,train
3745,group_1633,train
3746,group_1634,validation
3747,group_1635,test
3748,group_1636,test
3749,group_1637,train
3750,group_1638,train
3751,group_1639,train
3752,group_1640,train
3753,group_1641,train
3754,group_1642,train
3755,group_1643,test
3756,group_1644,train
3757,group_1645,validation
3758,group_1646,train
3759,group_1647,validation
3760,group_1648,train
3761,group_1649,validation
3762,group_1650,train
3763,group_1651,test
3764,group_1652,train
3765,group_1653,train
3766,group_1654,train
3767,group_1655,validation
3768,group_1656,train
3769,group_1655,validation
3770,group_1658,train
3771,group_1658,train
3772,group_1660,train
3773,group_1661,validation
3774,group_1662,validation
3775,group_1660,train
3776,group_1658,train
3777,group_1662,validation
3778,group_1658,train
3779,group_1667,validation
3780,group_1668,train
3781,group_1669,test
3782,group_1670,validation
3783,group_1671,train
3784,group_1672,train
3785,group_1673,validation
3786,group_1674,train
3787,group_1675,train
3788,group_1676,train
3789,group_1677,train
3790,group_1678,train
3791,group_1679,test
3792,group_1680,train
3793,group_1681,test
3794,group_1682,train
3795,group_1683,train
3796,group_1684,train
3797,group_1685,train
3798,group_1686,train
3799,group_1687,validation
3800,group_1688,train
3802,group_1689,validation
3804,group_1690,train
3805,group_1691,test
3806,group_1692,validation
3807,group_1693,train
3808,group_1694,test
3809,group_1695,train
3810,group_1696,train
3811,group_1697,test
3812,group_1698,train
3813,group_1699,test
3814,group_1700,train
3815,group_1701,test
3816,group_1702,train
3817,group_1703,test
3818,group_1704,train
3819,group_1705,test
3820,group_1706,train
3821,group_1707,test
3822,group_1708,train
3823,group_1709,train
3824,group_1710,train
3825,group_1711,validation
3826,group_1712,test
3827,group_1713,train
3828,group_1714,test
3829,group_1715,train
3830,group_1716,train
3831,group_1717,train
3832,group_1718,train
3833,group_1719,test
3834,group_1720,test
3835,group_1721,train
3836,group_1722,train
3837,group_1723,train
3838,group_1724,train
3839,group_1725,train
3840,group_1726,train
3841,group_1727,validation
3842,group_1728,test
3843,group_1729,train
3844,group_1730,train
3845,group_1731,train
3846,group_1732,train
3847,group_1733,train
3849,group_1734,train
3850,group_1735,train
3851,group_1736,train
3852,group_1737,train
3853,group_1738,train
3854,group_1739,train
3855,group_1740,train
3856,group_1741,train
3857,group_1742,train
3858,group_1743,train
3859,group_1744,train
3860,group_1745,validation
3861,group_1746,train
3862,group_1747,train
3863,group_1748,train
3864,group_1749,validation
3865,group_1750,test
3866,group_1751,train
3867,group_1752,validation
3868,group_1753,train
3869,group_1754,validation
3870,group_1755,validation
3871,group_1756,train
3872,group_1757,test
3873,group_1758,train
3874,group_1759,test
3875,group_1760,validation
3876,group_1761,train
3877,group_1762,train
3878,group_1763,train
3879,group_1764,train
3880,group_1765,train
3881,group_1766,test
3882,group_1767,train
3883,group_1768,train
3884,group_1769,train
3885,group_1770,validation
3886,group_1771,train
3887,group_1772,train
3888,group_1773,train
3889,group_1774,train
3890,group_1775,train
3891,group_1776,train
3892,group_1777,validation
3893,group_1778,train
3894,group_1779,validation
3895,group_1780,train
3896,group_1781,test
3897,group_1782,train
3898,group_1783,test
3899,group_1784,train
3900,group_1785,validation
3901,group_1786,test
3902,group_1787,validation
3903,group_1788,test
3904,group_1789,train
3906,group_1790,train
3907,group_1791,train
3908,group_1792,train
3909,group_1793,train
3910,group_1794,train
3911,group_1795,train
3912,group_1796,train
3913,group_1797,train
3914,group_1798,train
3915,group_1799,train
3916,group_1800,train
3917,group_1801,validation
3918,group_1802,train
3919,group_1803,train
3920,group_1804,train
3921,group_1805,train
3922,group_1806,validation
3923,group_1807,train
3925,group_1808,validation
3926,group_1809,train
3927,group_1810,train
3928,group_1811,test
3929,group_1812,test
3930,group_1813,train
3931,group_1814,train
3932,group_1815,test
3933,group_1816,train
3934,group_1817,train
3935,group_1818,train
3936,group_1819,test
3937,group_1820,validation
3938,group_1821,train
3939,group_1822,train
3940,group_1823,validation
3941,group_1824,validation
3942,group_1825,test
3943,group_1826,validation
3944,group_1827,test
3945,group_1828,test
3946,group_1829,train
3947,group_1830,validation
3948,group_1831,validation
3949,group_1832,train
3950,group_1833,train
3951,group_1834,test
3952,group_1835,train
3953,group_1836,test
3954,group_1837,train
3955,group_1838,train
3956,group_1839,train
3957,group_1840,train
3958,group_1841,test
3959,group_1842,train
3960,group_1843,train
3961,group_1844,train
3962,group_1845,train
3963,group_1846,train
3964,group_1847,train
3965,group_1848,train
3966,group_1849,test
3967,group_1850,train
3968,group_1851,train
3969,group_1852,train
3970,group_1853,test
3971,group_1854,test
3972,group_1855,train
3973,group_1856,validation
3974,group_1857,train
3975,group_1858,train
3976,group_1859,train
3977,group_1860,train
3978,group_1861,train
3979,group_1862,train
3980,group_1863,test
3981,group_1864,validation
3982,group_1865,train
3983,group_1866,train
3984,group_1867,train
3985,group_1868,train
3986,group_1869,test
3987,group_1870,train
3988,group_1871,test
3989,group_1872,train
3990,group_1873,validation
3991,group_1874,train
3992,group_1875,train
3993,group_1876,train
3994,group_1877,validation
3995,group_1878,train
3996,group_1879,train
3997,group_1880,train
3998,group_1881,train
4000,group_1882,train
4001,group_1883,validation
4002,group_1884,train
4003,group_1885,train
4004,group_1886,train
4005,group_1887,train
4006,group_1888,test
4007,group_1889,train
4008,group_1890,validation
4009,group_1891,train
4010,group_1892,train
4011,group_1893,train
4012,group_1894,validation
4013,group_1895,train
4014,group_1896,train
4015,group_1897,train
4016,group_1898,train
4017,group_1899,train
4018,group_1900,test
4019,group_1901,test
4020,group_1902,validation
4021,group_1903,train
4022,group_1904,train
4023,group_1905,train
4024,group_1906,validation
4025,group_1907,train
4026,group_1908,train
4027,group_1909,train
4028,group_1910,validation
4029,group_1911,train
4030,group_1912,train
4031,group_1913,validation
4032,group_1914,test
4033,group_1915,train
4034,group_1916,train
4035,group_1917,train
4036,group_1918,train
4037,group_1919,validation
4038,group_1920,validation
4039,group_1921,train
4040,group_1922,train
4041,group_1923,test
4042,group_1924,train
4043,group_1925,train
4044,group_1926,train
4045,group_1927,train
4046,group_1928,validation
4047,group_1929,train
4048,group_1930,validation
4049,group_1931,test
4050,group_1932,test
4051,group_1933,train
4052,group_1934,train
4053,group_1935,train
4054,group_1936,train
4055,group_1937,train
4056,group_1938,train
4057,group_1939,train
4058,group_1940,train
4059,group_1941,train
4060,group_1942,train
4061,group_1943,train
4062,group_1944,train
4063,group_1945,test
4064,group_1946,train
4065,group_1947,train
4066,group_1948,test
4067,group_1949,validation
4068,group_1950,train
4069,group_1951,train
4070,group_1952,train
4071,group_1953,train
4072,group_1954,train
4073,group_1955,train
4074,group_1956,train
4075,group_1957,train
4076,group_1958,validation
4077,group_1959,train
4078,group_1960,train
4079,group_1961,validation
4080,group_1962,train
4081,group_1963,test
4082,group_1964,validation
4083,group_1965,train
4084,group_1966,train
4085,group_1967,test
4086,group_1968,test
4087,group_1969,train
4088,group_1970,validation
4089,group_1971,validation
4090,group_1972,train
4091,group_1973,train
4092,group_1974,train
4093,group_1975,train
4094,group_1976,train
4095,group_1977,validation
4096,group_1978,train
4097,group_1979,train
4098,group_1980,test
4099,group_1981,train
4100,group_1982,train
4101,group_1983,train
4102,group_1984,train
4103,group_1985,train
4104,group_1986,train
4105,group_1987,validation
4106,group_1988,train
4107,group_1989,train
4108,group_1990,train
4109,group_1991,test
4110,group_1992,validation
4111,group_1993,validation
4112,group_1994,train
4113,group_1995,train
4114,group_1996,test
4117,group_1997,train
4118,group_1998,train
4119,group_1999,train
4120,group_2000,train
4121,group_2001,train
4122,group_2002,train
4123,group_2003,train
4124,group_2004,validation
4125,group_2005,validation
4126,group_2006,train
4127,group_2007,validation
4128,group_2008,train
4129,group_2009,train
4130,group_2010,train
4131,group_2011,train
4132,group_2012,train
4133,group_2013,train
4134,group_2014,validation
4135,group_2015,validation
4136,group_2016,validation
4137,group_2017,train
4138,group_2018,train
4139,group_2019,validation
4140,group_2020,validation
4141,group_2021,train
4142,group_2022,train
4143,group_2023,train
4144,group_2024,validation
4145,group_2025,train
4146,group_2026,train
4147,group_2027,validation
4148,group_2028,train
4149,group_2029,validation
4150,group_2030,train
4151,group_2031,train
4152,group_2032,test
4153,group_2033,train
4154,group_2034,validation
4155,group_2035,test
4156,group_2036,train
4157,group_2037,validation
4158,group_2038,test
4159,group_2039,train
4160,group_2040,test
4161,group_2041,validation
4162,group_2042,train
4163,group_2043,train
4164,group_2044,train
4166,group_2045,train
4168,group_2046,train
4169,group_2047,validation
4170,group_2048,train
4171,group_2049,train
4172,group_2050,train
4173,group_2051,train
4174,group_2052,train
4175,group_2053,test
4179,group_2054,train
4180,group_2055,train
4181,group_2056,train
4183,group_2056,train
4184,group_2058,train
4186,group_2059,train
4187,group_2060,train
4188,group_2061,test
4189,group_2062,train
4190,group_2063,train
4191,group_2064,train
4192,group_2065,train
4193,group_2066,train
4194,group_2067,test
4195,group_2068,train
4196,group_2069,train
4197,group_2070,validation
4198,group_2071,train
4199,group_2072,train
4200,group_2073,train
4201,group_2074,train
4202,group_2075,train
4203,group_2076,train
4204,group_2077,test
4205,group_2078,train
4206,group_2079,train
4207,group_2080,train
4208,group_2081,train
4209,group_2082,validation
4210,group_2083,train
4211,group_2084,validation
4212,group_2085,train
4213,group_2086,test
4214,group_2087,train
4215,group_2088,train
4216,group_2089,train
4217,group_2090,train
4218,group_2091,validation
4219,group_2092,test
4220,group_2093,train
4221,group_2094,train
4222,group_2095,validation
4223,group_2096,test
4224,group_2097,train
4225,group_2098,train
4226,group_2099,test
4227,group_2100,train
4228,group_2101,test
4229,group_2102,test
4230,group_2103,train
4231,group_2104,train
4232,group_2105,train
4233,group_2106,train
4234,group_2107,train
4235,group_2108,train
4236,group_2109,test
4237,group_2110,train
4238,group_2111,train
4239,group_2112,train
4240,group_2113,train
4241,group_2114,test
4242,group_2115,train
4243,group_2116,train
4244,group_2117,validation
4245,group_2118,train
4246,group_2119,validation
4247,group_2120,train
4248,group_2121,validation
4249,group_2122,train
4250,group_2123,train
4251,group_2124,train
4252,group_2125,test
4253,group_2126,train
4254,group_2127,train
4256,group_2128,train
4257,group_2129,train
4258,group_2130,train
4259,group_2131,train
4260,group_2132,train
4261,group_2133,train
4262,group_2134,validation
4263,group_2135,train
4264,group_2136,train
4265,group_2137,train
4266,group_2138,train
4267,group_2139,train
4268,group_2140,train
4269,group_2141,train
4270,group_2142,train
4272,group_2143,train
4274,group_2144,train
4275,group_2145,train
4276,group_2146,train
4278,group_2147,validation
4279,group_2148,test
4281,group_2149,train
4282,group_2150,train
4283,group_2151,validation
4284,group_2152,validation
4286,group_2153,test
4290,group_2154,train
4292,group_2155,train
4293,group_2156,train
4294,group_2157,train
4295,group_2158,train
4296,group_2159,train
4297,group_2160,train
4298,group_2161,train
4299,group_2162,test
4300,group_2163,train
4301,group_2164,train
4302,group_2165,train
4303,group_2166,train
4304,group_2167,train
4305,group_2168,train
4306,group_2169,train
4307,group_2170,validation
4308,group_2171,validation
4309,group_2172,validation
4310,group_2173,train
4311,group_2174,train
4312,group_2175,train
4313,group_2176,train
4314,group_2177,train
4315,group_2178,train
4316,group_2179,train
4317,group_2180,train
4318,group_2181,validation
4319,group_2182,test
4320,group_2183,test
4321,group_2184,train
4322,group_2185,train
4323,group_2186,test
4324,group_2187,train
4325,group_2188,train
4326,group_2189,train
4327,group_2190,test
4328,group_2191,test
4329,group_2192,test
4330,group_2193,validation
4331,group_2194,train
4332,group_2195,test
4334,group_2196,train
4336,group_2197,train
4337,group_2198,train
4338,group_2199,train
4339,group_2200,train
4340,group_2201,train
4342,group_2202,train
4343,group_2203,validation
4344,group_2204,train
4345,group_2205,validation
4346,group_2206,train
4351,group_2207,train
4352,group_2208,train
4353,group_2209,train
4354,group_2210,train
4355,group_2211,validation
4356,group_2212,train
4357,group_2213,train
4358,group_2214,train
4359,group_2215,train
4361,group_2216,train
4362,group_2217,train
4363,group_2218,train
4364,group_2219,test
4365,group_2220,train
4366,group_2221,test
4367,group_2222,train
4368,group_2223,train
4370,group_2224,train
4371,group_2225,train
4373,group_2226,train
4374,group_2227,train
4375,group_2228,train
4376,group_2229,train
4377,group_2230,validation
4378,group_2231,train
4379,group_2232,train
4380,group_2233,train
4381,group_2234,validation
4382,group_2235,validation
4383,group_2236,train
4385,group_2237,test
4386,group_2238,train
4387,group_2239,test
4388,group_2240,train
4389,group_2241,train
4390,group_2242,train
4391,group_2243,train
4392,group_2244,train
4393,group_2245,validation
4394,group_2246,train
4396,group_2247,test
4397,group_2248,train
4398,group_2249,train
4399,group_2250,validation
4400,group_2251,train
4401,group_2252,train
4402,group_2253,test
4403,group_2254,train
4404,group_2255,train
4405,group_2256,train
4406,group_2257,train
4407,group_2258,test
4408,group_2259,train
4409,group_2260,train
4410,group_2261,train
4411,group_2262,train
4412,group_2263,train
4413,group_2264,train
4415,group_2265,train
4416,group_2266,train
4417,group_2267,train
4418,group_2268,validation
4419,group_2269,test
4420,group_2270,train
4421,group_2271,train
4422,group_2272,train
4423,group_2273,validation
4424,group_2274,test
4425,group_2275,test
4426,group_2276,train
4427,group_2277,test
4428,group_2278,train
4429,group_2279,test
4431,group_2280,train
4432,group_2281,train
4433,group_2282,test
4435,group_2283,train
4436,group_2284,train
4437,group_2285,train
4438,group_2286,train
4439,group_2287,train
4440,group_2288,test
4441,group_2289,validation
4443,group_2290,validation
4444,group_2291,train
4445,group_2292,train
4446,group_2293,train
4447,group_2294,test
4448,group_2295,train
4449,group_2296,test
4450,group_2297,train
4451,group_2298,train
4452,group_2299,validation
4453,group_2300,validation
4454,group_2301,train
4455,group_2302,test
4456,group_2303,validation
4457,group_2304,train
4458,group_2305,train
4459,group_2306,train
4460,group_2307,train
4461,group_2308,train
4462,group_2309,train
4464,group_2310,train
4465,group_2311,train
4466,group_2312,train
4467,group_2313,validation
4468,group_2314,validation
4469,group_2315,train
4470,group_2316,train
4471,group_2317,validation
4472,group_2318,train
4473,group_2319,train
4474,group_2320,test
4475,group_2321,train
4476,group_2322,train
4477,group_2323,validation
4478,group_2324,train
4479,group_2325,train
4480,group_2326,train
4482,group_2327,train
4483,group_2328,train
4484,group_2329,train
4485,group_2330,train
4486,group_2331,train
4487,group_2332,train
4488,group_2333,train
4489,group_2334,train
4490,group_2335,train
4491,group_2336,validation
4492,group_2337,validation
4493,group_2338,train
4494,group_2339,train
4495,group_2340,train
4496,group_2341,test
4497,group_2342,train
4498,group_2343,validation
4499,group_2344,test
4500,group_2345,train
4501,group_2346,train
4502,group_2347,test
4503,group_2348,validation
4504,group_2349,test
4505,group_2350,train
4506,group_2351,validation
4507,group_2352,train
4508,group_2353,train
4509,group_2354,train
4510,group_2355,train
4511,group_2356,test
4512,group_2357,train
4513,group_2358,train
4514,group_2359,validation
4515,group_2360,train
4516,group_2361,train
4517,group_2362,train
4518,group_2363,train
4519,group_2364,test
4520,group_2365,train
4521,group_2366,train
4522,group_2367,test
4523,group_2368,test
4524,group_2369,validation
4525,group_2370,train
4526,group_2371,validation
4527,group_2372,validation
4528,group_2373,train
4529,group_2374,train
4530,group_2375,test
4531,group_2376,train
4532,group_2377,train
4533,group_2378,test
4534,group_2379,train
4535,group_2380,validation
4536,group_2381,train
4538,group_2382,train
4539,group_2383,validation
4540,group_2384,test
4541,group_2385,train
4542,group_2386,test
4543,group_2387,validation
4544,group_2388,test
4545,group_2389,train
4546,group_2390,train
4547,group_2391,validation
4548,group_2392,train
4549,group_2393,train
4550,group_2394,train
4551,group_2395,train
4552,group_2396,train
4553,group_2397,validation
4554,group_2398,train
4555,group_2399,test
4556,group_2400,train
4557,group_2400,train
4558,group_2402,train
4559,group_2403,validation
4560,group_2404,train
4561,group_2404,train
4562,group_2406,test
4563,group_2407,validation
4564,group_2408,train
4565,group_2409,train
4566,group_2410,train
4567,group_2411,train
4568,group_2412,validation
4569,group_2413,train
4570,group_2414,test
4571,group_2415,train
4572,group_2416,train
4573,group_2417,test
4574,group_2418,train
4575,group_2419,train
4576,group_2420,train
4577,group_2421,train
4578,group_2422,train
4579,group_2423,train
4580,group_2424,train
4581,group_2425,train
4582,group_2426,train
4583,group_2427,validation
4584,group_2428,train
4585,group_2429,test
4586,group_2430,train
4587,group_2431,train
4588,group_2432,train
4589,group_2433,train
4590,group_2428,train
4591,group_2435,train
4592,group_2436,train
4593,group_2437,train
4594,group_2438,train
4595,group_2439,train
4596,group_2440,test
4597,group_2441,train
4599,group_2442,train
4600,group_2443,train
4601,group_2444,train
4602,group_2445,train
4603,group_2446,train
4604,group_2447,train
4605,group_2448,train
4606,group_2449,train
4607,group_2450,test
4608,group_2451,train
4609,group_2452,validation
4610,group_2453,validation
4611,group_2454,train
4612,group_2455,validation
4613,group_2456,train
4614,group_2457,train
4615,group_2458,test
4616,group_2459,validation
4617,group_2460,validation
4618,group_2461,train
4619,group_2462,validation
4620,group_2463,train
4621,group_2464,train
4622,group_2465,train
4623,group_2466,train
4624,group_2467,train
4625,group_2468,train
4626,group_2469,validation
4627,group_2470,train
4628,group_2471,train
4630,group_2472,train
4631,group_2473,train
4632,group_2474,train
4633,group_2475,test
4634,group_2476,train
4635,group_2477,train
4636,group_2478,test
4637,group_2479,train
4638,group_2480,train
4639,group_2481,train
4640,group_2482,train
4641,group_2483,train
4642,group_2484,validation
4643,group_2485,train
4644,group_2486,test
4645,group_2487,validation
4646,group_2488,test
4647,group_2489,train
4648,group_2490,test
4649,group_2491,train
4650,group_2492,train
4651,group_2493,test
4652,group_2494,train
4653,group_2495,train
4654,group_2496,train
4655,group_2497,train
4656,group_2498,train
4657,group_2499,train
4658,group_2500,train
4661,group_2501,validation
4662,group_2502,train
4663,group_2503,train
4664,group_2504,train
4665,group_2505,train
4666,group_2506,train
4667,group_2507,train
4668,group_2508,train
4669,group_2509,train
4670,group_2510,train
4671,group_2511,validation
4672,group_2512,test
4673,group_2513,train
4674,group_2514,train
4675,group_2515,test
4676,group_2516,train
4677,group_2517,train
4678,group_2518,train
4679,group_2519,train
4680,group_2520,train
4681,group_2521,train
4682,group_2522,validation
4683,group_2523,test
4684,group_2524,validation
4685,group_2525,train
4686,group_2526,train
4687,group_2527,train
4688,group_2528,validation
4689,group_2529,train
4690,group_2530,train
4691,group_2531,test
4692,group_2532,train
4693,group_2533,train
4694,group_2534,train
4695,group_2535,train
4696,group_2536,train
4697,group_2537,train
4698,group_2538,train
4699,group_2539,train
4700,group_2540,train
4701,group_2541,test
4702,group_2542,train
4703,group_2543,train
4704,group_2544,train
4705,group_2545,test
4706,group_2546,validation
4707,group_2547,train
4708,group_2548,train
4709,group_2549,train
4710,group_2550,train
4711,group_2551,test
4712,group_2552,train
4713,group_2553,train
4714,group_2554,train
4715,group_2555,validation
4716,group_2556,train
4717,group_2557,train
4718,group_2558,train
4719,group_2559,train
4720,group_2560,train
4721,group_2561,test
4722,group_2562,train
4723,group_2563,train
4724,group_2564,train
4725,group_2565,train
4726,group_2566,train
4727,group_2567,test
4728,group_2568,train
4729,group_2569,validation
4730,group_2570,train
4731,group_2571,test
4732,group_2572,train
4733,group_2573,train
4734,group_2574,train
4735,group_2575,train
4736,group_2576,train
4737,group_2577,train
4738,group_2578,train
4739,group_2579,train
4740,group_2580,train
4741,group_2581,train
4742,group_2582,train
4743,group_2583,train
4744,group_2584,train
4745,group_2585,test
4746,group_2586,test
4747,group_2585,test
4748,group_2588,train
4749,group_2589,train
4750,group_2590,test
4751,group_2591,train
4752,group_2592,train
4753,group_2593,test
4754,group_2594,train
4755,group_2595,train
4756,group_2596,train
4757,group_2597,train
4758,group_2598,train
4759,group_2599,validation
4760,group_2600,train
4761,group_2601,train
4762,group_2602,train
4763,group_2603,train
4764,group_325,train
4765,group_2605,test
4766,group_2606,test
4767,group_2607,train
4768,group_2608,test
4769,group_2609,validation
4770,group_2610,train
4771,group_2611,validation
4772,group_2612,validation
4773,group_2613,test
4774,group_2614,test
4775,group_2615,train
4776,group_2616,validation
4777,group_2617,train
4778,group_2618,test
4779,group_2619,train
4780,group_2620,test
4781,group_2621,validation
4782,group_2622,train
4783,group_2623,test
4784,group_2624,test
4785,group_2625,train
4786,group_2626,train
4787,group_2627,test
4788,group_2628,test
4789,group_2629,train
4790,group_2630,test
4791,group_2631,train
4792,group_2632,test
4793,group_2633,train
4794,group_2634,train
4795,group_2635,train
4796,group_2636,validation
4797,group_2637,train
4798,group_2638,train
4799,group_2639,test
4800,group_2640,train
4801,group_2641,train
4802,group_2642,validation
4803,group_2643,test
4804,group_2644,train
4805,group_2645,train
4806,group_2646,test
4807,group_2647,train
4808,group_2648,validation
4809,group_2649,train
4810,group_2650,train
4811,group_2651,train
4812,group_2652,train
4813,group_2653,validation
4814,group_2654,train
4815,group_2655,train
4816,group_2656,validation
4817,group_2657,validation
4818,group_2658,test
4819,group_2659,train
4825,group_2660,train
4826,group_2661,train
4827,group_2662,train
4828,group_2663,train
4829,group_1381,train
4830,group_2665,test
4831,group_2666,train
4832,group_2667,train
4833,group_2668,train
4834,group_2669,train
4835,group_2670,train
4836,group_2671,train
4837,group_2672,validation
4838,group_2673,test
4839,group_2674,train
4840,group_2671,train
4841,group_2676,train
4842,group_2677,train
4843,group_2678,validation
4844,group_2679,train
4845,group_2680,test
4846,group_2681,train
4847,group_2682,validation
4848,group_2683,test
4849,group_2684,test
4850,group_2685,train
4851,group_2686,train
4852,group_2687,train
4853,group_2688,train
4854,group_2689,validation
4855,group_2690,train
4856,group_2691,validation
4857,group_2692,test
4858,group_2693,validation
4859,group_2694,train
4860,group_2695,train
4861,group_2696,validation
4862,group_2697,validation
4863,group_2698,train
4864,group_2699,train
4865,group_2700,train
4866,group_2701,test
4867,group_2702,train
4868,group_2703,train
4869,group_2703,train
4870,group_2705,train
4871,group_2705,train
4872,group_2707,test
4873,group_2707,test
4874,group_2709,train
4875,group_2710,train
4876,group_2711,train
4877,group_2712,train
4878,group_2713,test
4879,group_2714,train
4880,group_2715,train
4881,group_2716,train
4882,group_2710,train
4883,group_2710,train
4884,group_2719,train
4885,group_2719,train
4886,group_2721,train
4887,group_2721,train
4888,group_2723,test
4889,group_2723,test
4890,group_2725,validation
4891,group_2725,validation
4892,group_2727,validation
4893,group_2727,validation
4894,group_2729,train
4895,group_2729,train
4896,group_2731,train
4897,group_2732,train
4898,group_2733,train
4899,group_2733,train
4900,group_2735,validation
4901,group_2735,validation
4902,group_2737,train
4903,group_2737,train
4904,group_2739,train
4905,group_2740,test
4906,group_2741,train
4907,group_2742,test
4908,group_2743,train
4909,group_2744,test
4910,group_2745,train
4911,group_2745,train
4912,group_2747,train
4913,group_2748,train
4914,group_2749,train
4915,group_2750,validation
4916,group_2751,train
4917,group_2752,train
4918,group_2753,train
4919,group_2754,train
4920,group_2755,train
4921,group_2756,validation
4922,group_2757,test
4923,group_2758,train
4924,group_2758,train
4925,group_2760,train
4926,group_2761,test
4927,group_2762,train
4928,group_2763,train
4929,group_2764,validation
4930,group_2765,train
4931,group_2766,train
4932,group_2766,train
4933,group_2768,train
4934,group_2768,train
4935,group_2770,validation
4936,group_2771,validation
4937,group_2772,train
4938,group_2772,train
4939,group_2774,test
4940,group_2775,train
4941,group_2776,train
4942,group_2777,validation
4943,group_2778,train
4944,group_2778,train
4945,group_2780,train
4946,group_2780,train
4947,group_2782,validation
4948,group_2782,validation
4949,group_2784,validation
4950,group_2784,validation
4952,group_2786,validation
4953,group_2787,train
4954,group_2788,train
4955,group_2789,test
4956,group_2790,test
4957,group_2791,train
4958,group_2792,train
4959,group_2793,train
4960,group_2794,train
4961,group_2795,train
4962,group_2796,train
4963,group_2797,test
4964,group_2798,train
4965,group_2799,test
4966,group_2800,validation
4967,group_2801,train
4968,group_2801,train
4969,group_2803,train
4970,group_2804,train
4971,group_2805,train
4972,group_2806,train
4973,group_2807,validation
4974,group_2807,validation
4975,group_2809,train
4976,group_2809,train
4977,group_2811,validation
4978,group_2812,train
4979,group_2813,train
4980,group_2814,train
4982,group_2815,train
4983,group_2816,train
4984,group_2817,validation
4985,group_2818,validation
4986,group_2819,train
4987,group_2820,train
4988,group_2821,train
4989,group_2822,validation
4990,group_2823,validation
4991,group_2824,test
4992,group_2825,train
4993,group_2826,train
4994,group_2827,train
4995,group_2828,train
4996,group_2829,train
4997,group_2830,train
4998,group_2831,train
5000,group_2832,train
5001,group_2833,test
5002,group_2834,train
5003,group_2835,train
5004,group_2836,train
5005,group_2837,test
5006,group_2838,train
5007,group_2839,train
5008,group_2840,train
5009,group_2841,train
5010,group_2842,train
5011,group_2843,train
5012,group_2844,train
5013,group_2845,train
5014,group_2846,train
5015,group_2847,train
5016,group_2848,train
5017,group_2849,train
5018,group_2850,train
5019,group_2851,train
5020,group_2852,train
5021,group_2853,train
5022,group_2854,train
5023,group_2855,train
5024,group_2856,train
5026,group_2857,test
5027,group_2858,train
5037,group_2859,train
5038,group_2860,validation
5040,group_2861,train
5042,group_2862,test
5043,group_2863,train
5045,group_2864,test
5046,group_2865,train
5047,group_2866,train
5049,group_2867,train
5050,group_2868,train
5052,group_2869,train
5053,group_2870,test
5054,group_2871,train
5055,group_2872,train
5062,group_2,train
5067,group_2874,train
5068,group_2875,train
5069,group_2876,test
5070,group_2877,train
5071,group_2878,train
5072,group_2879,train
5073,group_2880,train
5074,group_2881,train
5075,group_2882,train
5076,group_2883,train
5077,group_2884,train
5078,group_2885,train
5079,group_2886,train
5080,group_2887,train
5081,group_2886,train
5082,group_2889,train
5083,group_2890,test
5084,group_2891,train
5085,group_2892,test
5086,group_2893,train
5087,group_2894,test
5089,group_2895,train
5090,group_2896,train
5091,group_2897,validation
5092,group_2898,train
5093,group_2899,train
5094,group_2900,train
5095,group_2901,test
5096,group_2902,validation
5097,group_2903,train
5098,group_2904,train
5099,group_2905,train
5100,group_2906,train
5101,group_2907,train
5103,group_2908,test
5104,group_2909,test
5107,group_2910,train
5108,group_2911,test
5109,group_2912,validation
5110,group_2913,train
5111,group_2914,train
5112,group_2915,validation
5113,group_2916,train
5114,group_2917,train
5115,group_2918,train
5116,group_2919,train
5117,group_2920,train
5118,group_2921,test
5119,group_2922,train
5120,group_2923,train
5121,group_2924,train
5122,group_2925,train
5123,group_2926,train
5124,group_2927,test
5125,group_2928,validation
5126,group_2929,validation
5127,group_2910,train
5128,group_2931,validation
5129,group_2932,train
5130,group_2933,test
5131,group_2934,train
5132,group_2935,train
5133,group_2936,train
5134,group_2937,validation
5135,group_2938,train
5136,group_2939,train
5137,group_2940,train
5138,group_2941,train
5139,group_2942,train
5140,group_2943,train
5141,group_2944,train
5142,group_2945,train
5143,group_2946,train
5144,group_2947,test
5145,group_2948,test
5146,group_2949,train
5147,group_2950,train
5148,group_2951,train
5149,group_2952,train
5150,group_2953,validation
5151,group_2954,train
5152,group_2955,train
5153,group_2956,train
5154,group_2957,train
5155,group_2958,train
5156,group_2959,validation
5157,group_2960,train
5158,group_2961,train
5160,group_2962,test
5161,group_2963,validation
5162,group_2964,train
5163,group_2965,train
5164,group_2966,validation
5165,group_2967,validation
5166,group_2968,train
5167,group_2969,train
5168,group_2970,validation
5169,group_2971,train
5170,group_2972,validation
5171,group_2973,train
5172,group_2974,validation
5173,group_2975,test
5174,group_2976,train
5175,group_2977,train
5176,group_2978,train
5177,group_2979,train
5178,group_2980,train
5179,group_2981,train
5180,group_2982,train
5181,group_2983,train
5182,group_2984,train
5183,group_2985,train
5184,group_2986,train
5185,group_2987,train
5186,group_2988,train
5187,group_2989,train
5188,group_2990,validation
5189,group_2991,validation
5190,group_2992,train
5192,group_2993,train
5193,group_2994,train
5194,group_2995,train
5196,group_2996,train
5197,group_2997,train
5198,group_2998,train
5199,group_2999,train
5201,group_3000,validation
5202,group_3001,train
5203,group_3002,test
5204,group_3003,test
5205,group_3004,train
5208,group_3005,train
5209,group_3006,validation
5210,group_3007,train
5211,group_3008,train
5212,group_3009,train
5213,group_3010,train
5214,group_3011,train
5215,group_3012,train
5216,group_3013,test
5217,group_3014,test
5218,group_2428,train
5219,group_3016,train
5220,group_3017,validation
5221,group_3018,validation
5222,group_3019,train
5223,group_3020,train
5224,group_3021,validation
5225,group_3022,train
5226,group_3023,train
5227,group_3024,train
5228,group_3025,train
5229,group_3026,train
5230,group_3027,train
5231,group_3028,train
5232,group_3029,train
5233,group_3030,train
5234,group_3031,train
5238,group_3032,train
5239,group_3033,train
5240,group_3034,train
5241,group_3035,train
5242,group_3036,train
5243,group_3037,test
5248,group_3038,train
5251,group_3039,train
5252,group_3040,validation
5253,group_3041,validation
5254,group_3042,train
5255,group_3043,train
5256,group_3044,train
5257,group_3045,train
5258,group_3046,train
5259,group_3047,train
5260,group_3048,train
5261,group_3049,train
5262,group_3050,validation
5263,group_3051,train
5264,group_3052,train
5265,group_3053,train
5266,group_3054,train
5267,group_3055,train
5268,group_3017,validation
5269,group_3057,train
5270,group_3058,test
5271,group_3059,train
5272,group_3017,validation
5273,group_3061,train
5279,group_3062,train
5280,group_3063,train
5281,group_3064,train
5282,group_3065,train
5283,group_3066,train
5285,group_3067,train
5286,group_3068,test
5287,group_3069,train
5288,group_3070,test
5289,group_3071,train
5290,group_3072,validation
5291,group_3073,validation
5292,group_3069,train
5293,group_3075,train
5294,group_3076,validation
5295,group_3077,validation
5296,group_3078,train
5299,group_87,train
5300,group_3080,train
5301,group_3081,train
5303,group_3082,train
5314,group_3083,validation
5315,group_3084,train
5316,group_632,validation
5317,group_3086,train
5319,group_3087,train
5320,group_3088,validation
5321,group_3089,test
5322,group_3090,validation
5324,group_3091,train
5326,group_3092,train
5327,group_3093,test
5329,group_3094,train
5330,group_3095,train
5332,group_3096,validation
5336,group_3097,train
5339,group_3098,validation
5340,group_3099,train
5341,group_3100,validation
5342,group_3101,test
5343,group_3102,train
5344,group_3103,train
5345,group_3104,test
5346,group_3105,validation
5347,group_3106,test
5348,group_3107,test
5349,group_3108,validation
5350,group_3109,train
5351,group_3110,train
5352,group_3111,train
5353,group_3112,validation
5354,group_3113,train
5355,group_3114,validation
5356,group_3115,train
5357,group_3115,train
5358,group_3117,test
5359,group_3117,test
5360,group_3119,validation
5361,group_3120,test
5362,group_3121,train
5363,group_3122,train
5364,group_3123,train
5365,group_3124,train
5366,group_3125,train
5367,group_3126,train
5368,group_3127,train
5369,group_3128,train
5370,group_3129,train
5371,group_3130,train
5372,group_3131,train
5373,group_3132,test
5374,group_3133,train
5375,group_3134,train
5376,group_3135,test
5377,group_3136,train
5378,group_3137,validation
5379,group_3138,train
5380,group_3139,train
5381,group_3140,train
5382,group_3141,train
5383,group_3142,validation
5384,group_3143,test
5385,group_3144,train
5386,group_3145,train
5387,group_3146,train
5388,group_3147,validation
5389,group_3148,train
5390,group_3149,test
5391,group_3150,train
5392,group_3151,train
5393,group_3152,test
5394,group_3153,train
5395,group_3154,train
5396,group_3155,train
5397,group_3156,validation
5398,group_3157,validation
5399,group_3158,train
5400,group_3159,test
5401,group_3160,train
5402,group_3161,validation
5403,group_3162,train
5404,group_3163,train
5405,group_3164,test
5406,group_3165,train
5407,group_3166,train
5408,group_3167,train
5409,group_3168,train
5410,group_3169,train
5411,group_3170,train
5412,group_3171,train
5413,group_3172,train
5414,group_3173,train
5415,group_3174,test
5416,group_3175,train
5417,group_3176,test
5418,group_3177,train
5419,group_3178,train
5420,group_3179,train
5421,group_3180,test
5422,group_3181,test
5423,group_3182,train
5424,group_3183,train
5425,group_3184,train
5426,group_3185,validation
5427,group_3186,train
5428,group_3187,train
5429,group_3188,train
5430,group_3189,test
5431,group_3190,train
5432,group_3191,train
5433,group_3192,validation
5434,group_3193,test
5435,group_3194,train
5436,group_3195,train
5437,group_3196,train
5438,group_3197,train
5439,group_3198,train
5440,group_3199,train
5441,group_3200,train
5442,group_3201,train
5443,group_3202,train
5444,group_3203,train
5445,group_3204,train
5446,group_3205,train
5447,group_3206,train
5448,group_3207,train
5449,group_3208,train
5450,group_3209,train
5451,group_3210,validation
5453,group_3211,test
5454,group_3212,train
5455,group_3213,test
5456,group_3214,train
5457,group_3215,validation
5458,group_3216,train
5459,group_3217,train
5460,group_3218,train
5461,group_3219,test
5462,group_3220,validation
5463,group_3221,test
5464,group_3222,train
5465,group_3223,train
5466,group_3224,train
5467,group_3225,test
5468,group_3226,test
5469,group_3227,train
5470,group_3228,validation
5471,group_3229,train
5472,group_3230,train
5473,group_3231,train
5474,group_3232,train
5475,group_3233,train
5476,group_3234,train
5477,group_3235,train
5478,group_3236,validation
5479,group_3237,train
5480,group_3238,train
5481,group_3239,train
5482,group_3240,train
5483,group_3241,train
5484,group_3242,test
5485,group_3243,train
5486,group_3244,train
5487,group_3245,train
5488,group_3246,train
5489,group_3247,validation
5490,group_3248,train
5491,group_3249,test
5492,group_3250,train
5493,group_3251,validation
5494,group_3252,train
5495,group_3253,train
5496,group_3254,validation
5497,group_3255,validation
5498,group_3256,train
5499,group_3257,train
5500,group_3258,train
5501,group_3259,train
5502,group_3260,validation
5503,group_3261,validation
5504,group_3262,validation
5505,group_3263,train
5506,group_3264,train
5507,group_3265,validation
5513,group_3266,test
5514,group_3267,train
5515,group_3268,train
5516,group_3269,train
5519,group_3270,train
5520,group_3271,train
5525,group_3272,train
5527,group_3273,train
5530,group_3274,train
5531,group_3275,train
5532,group_3276,validation
5533,group_3277,train
5534,group_3278,train
5535,group_3279,train
5536,group_3280,test
5537,group_3281,train
5538,group_3282,train
5539,group_3283,train
5540,group_3284,validation
5541,group_3285,train
5542,group_3286,train
5543,group_3287,train
5544,group_3288,train
5545,group_3289,train
5546,group_3290,train
5547,group_3291,train
5556,group_3292,train
5558,group_3293,train
5559,group_3294,train
5560,group_3295,validation
5565,group_3296,train
5566,group_3297,validation
5567,group_3298,train
5568,group_3299,validation
5569,group_3300,train
5570,group_3301,train
5571,group_3302,train
5572,group_3303,train
5573,group_3304,train
5574,group_3305,train
5575,group_3306,train
5576,group_3307,test
5577,group_3308,train
5578,group_3309,train
5579,group_3310,test
5580,group_3311,test
5581,group_3312,train
5582,group_3313,train
5583,group_3314,train
5584,group_3315,train
5585,group_3316,train
5586,group_3317,test
5588,group_3318,test
5589,group_3319,validation
5590,group_3320,train
5593,group_3321,train
5594,group_3322,train
5595,group_3323,train
5599,group_3324,test
5600,group_3325,validation
5601,group_3326,train
5602,group_3327,validation
5603,group_3328,train
5604,group_3329,train
5605,group_3330,train
5606,group_3331,train
5608,group_3332,train
5609,group_3333,test
5610,group_3334,train
5611,group_3335,validation
5614,group_3336,train
5615,group_3337,train
5616,group_3338,train
5617,group_3339,train
5618,group_3340,train
5619,group_3341,train
5620,group_3342,train
5621,group_3343,train
5622,group_3344,train
5623,group_3345,train
5625,group_3346,test
5627,group_3347,train
5628,group_3348,test
5629,group_3349,train
5630,group_3350,train
5631,group_3351,validation
5635,group_3352,validation
5638,group_3353,train
5641,group_3354,train
5646,group_3355,validation
5647,group_3356,train
5654,group_3357,validation
5658,group_3358,train
5659,group_3359,train
5660,group_3360,train
5661,group_3361,train
5662,group_3362,train
5664,group_3363,train
5665,group_3364,train
5666,group_3365,train
5667,group_3366,train
5668,group_3367,train
5669,group_3368,train
5670,group_3369,test
5671,group_3370,train
5672,group_3371,test
5673,group_3372,train
5674,group_3373,train
5675,group_3374,train
5676,group_3375,train
5677,group_3376,train
5678,group_3377,train
5679,group_3378,validation
5680,group_3379,validation
5681,group_3380,validation
5682,group_3381,train
5683,group_3382,validation
5684,group_3383,train
5685,group_3384,train
5686,group_3385,train
5687,group_3386,train
5688,group_3387,train
5689,group_3388,test
5690,group_3389,validation
5691,group_3390,train
5692,group_3391,train
5693,group_3392,train
5694,group_3393,train
5696,group_3394,train
5697,group_3395,train
5698,group_3396,validation
5699,group_3397,train
5700,group_3398,train
5701,group_3399,test
5702,group_3400,train
5703,group_3401,test
5704,group_3402,validation
5705,group_3403,validation
5706,group_3404,train
5707,group_3405,validation
5709,group_3406,train
5710,group_3407,validation
5712,group_3408,train
5714,group_3409,train
5716,group_422,train
5717,group_3411,train
5718,group_3412,validation
5719,group_3413,validation
5720,group_3414,train
5721,group_1682,train
5722,group_3416,train
5723,group_3417,test
5724,group_3418,train
5725,group_3419,validation
5726,group_3420,train
5727,group_3421,train
5728,group_3422,train
5729,group_3423,train
5730,group_3424,test
5731,group_3425,train
5734,group_3426,train
5735,group_3427,train
5737,group_3428,test
5739,group_3429,validation
5740,group_3430,train
5741,group_3431,test
5742,group_3432,validation
5743,group_3433,train
5744,group_3423,train
5745,group_1680,train
5746,group_3436,train
5747,group_3437,train
5748,group_3438,train
5749,group_3424,test
5750,group_3440,train
5751,group_3441,train
5752,group_3357,validation
5754,group_3443,test
5755,group_3444,train
5757,group_3445,train
5758,group_3446,train
5759,group_3447,test
5760,group_3448,train
5761,group_3449,train
5762,group_3450,train
5763,group_3451,validation
5764,group_3452,train
5765,group_3453,test
5766,group_3454,train
5767,group_3455,train
5768,group_3456,train
5769,group_3457,train
5770,group_3458,train
5771,group_3459,validation
5772,group_3460,train
5773,group_3461,train
5774,group_3462,train
5775,group_3463,test
5776,group_3464,train
5777,group_3465,train
5778,group_3466,train
5780,group_3467,train
5781,group_3468,train
5782,group_3469,train
5784,group_3470,train
5785,group_3471,train
5787,group_3472,train
5788,group_3473,train
5789,group_3474,train
5790,group_3475,train
5791,group_3476,validation
5792,group_3477,test
5793,group_3478,test
5794,group_3479,train
5795,group_3480,train
5796,group_3481,train
5797,group_3482,validation
5798,group_3483,train
5799,group_3484,validation
5800,group_3485,test
5801,group_3486,train
5802,group_3487,train
5803,group_3488,train
5804,group_3489,test
5805,group_3490,train
5806,group_3491,train
5807,group_3492,train
5808,group_3493,validation
5809,group_3494,train
5810,group_3495,validation
5811,group_3496,train
5812,group_3497,train
5813,group_3498,train
5814,group_3499,validation
5815,group_3500,train
5816,group_3501,train
5817,group_3502,train
5818,group_3503,train
5819,group_3504,validation
5820,group_3505,train
5821,group_3506,test
5822,group_3507,train
5823,group_3508,test
5824,group_3509,train
5825,group_3510,train
5826,group_3511,train
5827,group_3512,train
5828,group_3513,train
5829,group_3487,train
5830,group_3515,train
5831,group_3516,validation
5832,group_3517,train
5833,group_3518,train
5834,group_3519,validation
5835,group_3520,test
5836,group_3521,test
5837,group_3522,train
5838,group_3480,train
5839,group_3524,validation
5840,group_3525,train
5841,group_3526,train
5842,group_3527,train
5843,group_3528,test
5844,group_3529,train
5845,group_3530,train
5846,group_3531,train
5847,group_3532,train
5848,group_3533,train
5849,group_3534,train
5850,group_3535,train
5851,group_3536,test
5852,group_3537,test
5853,group_3538,validation
5854,group_3539,train
5855,group_3540,train
5856,group_3541,validation
5857,group_3542,train
5858,group_3543,train
5859,group_3544,train
5860,group_3545,train
5861,group_3546,test
5862,group_3547,test
5863,group_3548,validation
5864,group_3549,train
5865,group_3550,train
5866,group_3551,train
5867,group_3552,train
5868,group_3553,train
5869,group_3554,validation
5870,group_3555,train
5871,group_3556,train
5873,group_3557,train
5874,group_3558,validation
5875,group_3559,train
5876,group_3560,train
5877,group_3561,train
5878,group_3562,test
5879,group_3563,train
5881,group_3564,train
5882,group_3565,train
5883,group_3566,train
5884,group_3567,test
5885,group_3568,train
5886,group_3569,train
5887,group_3570,train
5888,group_3571,train
5889,group_3572,train
5890,group_3573,train
5891,group_3574,validation
5892,group_3575,train
5893,group_3576,train
5894,group_3577,train
5895,group_3578,train
5896,group_3579,test
5897,group_3580,validation
5898,group_3581,train
5899,group_3582,validation
5900,group_3583,train
5901,group_3584,train
5902,group_3585,train
5903,group_3586,train
5904,group_3587,train
5905,group_3588,test
5906,group_3589,train
5907,group_3590,train
5908,group_3591,validation
5909,group_3592,test
5910,group_3593,train
5911,group_3594,train
5912,group_3595,validation
5915,group_3592,test
5916,group_3597,train
5917,group_3598,validation
5919,group_3599,test
5920,group_3600,validation
5921,group_3601,train
5922,group_3602,validation
5923,group_3603,train
5924,group_3604,train
5925,group_3605,train
5926,group_3606,test
5927,group_3607,train
5928,group_3608,train
5929,group_3609,train
5930,group_3610,test
5931,group_3611,validation
5932,group_3612,train
5933,group_3613,train
5934,group_3614,train
5935,group_3615,train
5936,group_3616,train
5937,group_3617,train
5938,group_3618,train
5939,group_3619,train
5940,group_3620,validation
5941,group_3621,train
5942,group_3622,train
5943,group_3623,train
5944,group_3620,validation
5945,group_3621,train
5946,group_3626,train
5947,group_3627,train
5948,group_3628,validation
5949,group_3629,train
5951,group_3621,train
5952,group_3631,train
5953,group_3632,train
5954,group_3633,train
5955,group_3634,test
5956,group_3635,test
5957,group_3636,validation
5958,group_3637,train
5959,group_3638,test
5960,group_3639,train
5962,group_3640,validation
5963,group_3641,train
5964,group_3642,train
5966,group_3643,train
5967,group_3644,test
5969,group_3645,validation
5970,group_3646,train
5971,group_3647,train
5972,group_3648,train
5973,group_3649,train
5974,group_3650,validation
5975,group_3651,train
5976,group_3652,train
5978,group_3653,train
5979,group_3654,test
5980,group_3655,test
5981,group_3656,test
5982,group_3621,train
5983,group_3658,validation
5984,group_3628,validation
5985,group_3660,test
5986,group_3661,validation
5987,group_3662,test
5988,group_3663,train
5990,group_3664,train
5991,group_3665,train
5992,group_3666,train
5993,group_3667,train
5994,group_3668,train
5995,group_3669,train
5996,group_3670,test
5998,group_3671,test
5999,group_3672,train
6001,group_3673,train
6002,group_3674,train
6003,group_3675,train
6004,group_3676,train
6005,group_3677,validation
6006,group_3678,train
6007,group_3679,train
6008,group_3680,test
6009,group_3681,train
6010,group_3682,validation
6011,group_3683,train
6012,group_3684,train
6013,group_3685,validation
6014,group_3686,train
6015,group_3687,train
6016,group_3688,train
6017,group_3689,validation
6020,group_3690,train
6021,group_3691,test
6022,group_3692,train
6023,group_3693,train
6024,group_3694,validation
6025,group_3695,train
6026,group_3696,validation
6027,group_3697,train
6029,group_3698,validation
6030,group_3699,train
6031,group_3700,validation
6032,group_3701,validation
6033,group_3702,train
6035,group_3703,test
6036,group_3704,train
6037,group_3705,train
6038,group_3706,train
6039,group_3707,train
6040,group_3708,train
6041,group_3709,validation
6042,group_3710,train
6043,group_3711,validation
6044,group_3712,test
6046,group_3713,train
6048,group_3714,train
6049,group_3715,train
6052,group_3716,train
6053,group_3717,train
6054,group_3718,validation
6055,group_3719,train
6057,group_3720,train
6059,group_3721,validation
6060,group_3722,test
6061,group_3723,train
6062,group_3724,test
6063,group_3725,test
6064,group_3726,train
6065,group_3727,train
6066,group_3728,train
6067,group_3729,train
6068,group_3730,train
6069,group_3731,train
6070,group_3732,train
6071,group_3733,train
6073,group_3734,test
6076,group_3735,test
6079,group_3736,test
6080,group_3737,train
6082,group_3738,train
6083,group_3739,train
6084,group_3740,validation
6085,group_3741,train
6086,group_3742,validation
6087,group_3743,test
6088,group_3744,test
6089,group_3745,train
6090,group_3746,train
6091,group_3747,train
6092,group_3748,test
6093,group_3749,validation
6094,group_3750,train
6095,group_3751,train
6097,group_3752,test
6099,group_3753,train
6100,group_3754,train
6101,group_3755,train
6102,group_3756,train
6103,group_3757,train
6104,group_3758,train
6105,group_3759,test
6106,group_3760,train
6107,group_3761,train
6108,group_3762,train
6109,group_3763,train
6110,group_3764,train
6111,group_3765,train
6112,group_3766,train
6113,group_3767,train
6114,group_3768,train
6115,group_3769,train
6116,group_3770,train
6117,group_3771,test
6118,group_3772,validation
6119,group_3773,train
6120,group_3774,train
6121,group_3775,validation
6122,group_3776,train
6123,group_3777,train
6124,group_3778,train
6125,group_3779,validation
6126,group_3780,train
6127,group_3781,train
6128,group_3782,train
6129,group_3783,train
6130,group_3784,train
6131,group_3785,validation
6132,group_3786,train
6133,group_3787,test
6134,group_3788,train
6135,group_3789,train
6136,group_3790,train
6137,group_3791,train
6138,group_3792,test
6139,group_3793,train
6140,group_3794,validation
6141,group_3795,train
6142,group_3796,test
6143,group_3797,test
6144,group_3798,train
6145,group_3799,train
6146,group_3800,train
6147,group_3801,train
6148,group_3802,train
6149,group_3803,train
6150,group_3804,train
6151,group_3805,test
6152,group_3806,test
6153,group_3807,train
6154,group_3808,validation
6155,group_3809,test
6156,group_3810,train
6157,group_3811,train
6158,group_3812,train
6159,group_3813,train
6160,group_3814,train
6161,group_3815,validation
6162,group_3816,train
6163,group_3817,train
6164,group_3818,test
6165,group_3819,train
6166,group_3820,train
6167,group_3821,train
6168,group_3822,train
6169,group_3823,train
6170,group_3824,train
6171,group_3825,validation
6172,group_3826,train
6173,group_3827,train
6174,group_3828,train
6175,group_3829,train
6176,group_3830,test
6177,group_3831,train
6178,group_3832,train
6180,group_3833,train
6181,group_3834,train
6182,group_3835,test
6183,group_3836,train
6184,group_3837,train
6185,group_3838,train
6187,group_3839,train
6188,group_3840,train
6189,group_3841,train
6190,group_3842,train
6191,group_3843,test
6192,group_3844,validation
6194,group_3845,train
6195,group_3846,test
6196,group_3847,train
6197,group_3848,train
6198,group_3849,test
6199,group_3850,train
6200,group_3851,test
6201,group_3852,train
6202,group_3853,train
6203,group_3854,train
6204,group_3855,test
6205,group_3856,test
6206,group_3857,train
6207,group_3858,validation
6208,group_3859,train
6209,group_3860,train
6211,group_3861,train
6212,group_3862,train
6213,group_3863,train
6214,group_3864,train
6215,group_3865,train
6216,group_3866,train
6217,group_3867,validation
6219,group_3868,test
6220,group_3869,train
6222,group_3870,validation
6223,group_3871,train
6224,group_3872,train
6225,group_3873,validation
6226,group_3874,train
6227,group_3875,train
6228,group_3876,validation
6229,group_3877,train
6230,group_3878,train
6231,group_3879,train
6232,group_3876,validation
6233,group_3881,train
6234,group_3882,validation
6235,group_3883,train
6236,group_3884,train
6237,group_3885,train
6238,group_3886,test
6239,group_3887,test
6240,group_3888,train
6241,group_3889,train
6242,group_3890,validation
6243,group_3891,test
6244,group_3892,test
6245,group_3893,train
6246,group_3894,test
6247,group_3895,test
6248,group_3896,test
6249,group_3897,train
6251,group_3898,train
6252,group_3899,train
6253,group_3900,train
6254,group_3901,test
6255,group_3902,test
6257,group_3903,test
6258,group_3904,validation
6259,group_3905,train
6264,group_3906,train
6266,group_3907,test
6267,group_3908,train
6268,group_3909,test
6269,group_3910,validation
6271,group_3911,train
6272,group_3912,train
6274,group_3913,validation
6275,group_3914,test
6277,group_3915,train
6278,group_3916,train
6279,group_3917,train
6280,group_3918,train
6282,group_3919,train
6283,group_3920,validation
6285,group_3921,train
6286,group_3922,train
6287,group_3923,test
6288,group_3924,train
6289,group_3925,test
6291,group_3920,validation
6292,group_3927,validation
6293,group_3928,train
6294,group_3929,train
6295,group_3930,train
6297,group_3931,train
6298,group_3932,validation
6300,group_3933,train
6301,group_3934,validation
6302,group_3935,train
6303,group_3936,train
6304,group_3937,test
6306,group_3938,validation
6307,group_3939,train
6308,group_3940,test
6310,group_3941,train
6311,group_3942,train
6312,group_3943,train
6313,group_3944,train
6314,group_3945,train
6315,group_3946,train
6317,group_3947,train
6318,group_3948,train
6319,group_3949,test
6320,group_3950,train
6321,group_3951,train
6323,group_3952,train
6325,group_3953,train
6326,group_3954,train
6327,group_3955,train
6328,group_3956,train
6329,group_3957,train
6331,group_3958,train
6332,group_3959,train
6334,group_3960,train
6338,group_3961,validation
6339,group_3962,validation
6341,group_3963,test
6342,group_3964,train
6343,group_3965,train
6344,group_3966,validation
6345,group_3967,test
6347,group_3968,validation
6348,group_3969,train
6349,group_3970,validation
6350,group_3971,test
6351,group_3972,train
6352,group_3973,validation
6353,group_3974,train
6356,group_3975,train
6357,group_3976,test
6359,group_3977,train
6360,group_3978,train
6361,group_3979,train
6362,group_3980,validation
6363,group_3981,validation
6366,group_3982,train
6368,group_3983,train
6370,group_3984,train
6371,group_3985,test
6372,group_3986,train
6373,group_3987,train
6374,group_3988,train
6376,group_3989,validation
6377,group_3990,test
6378,group_3991,train
6379,group_3992,train
6380,group_3993,train
6381,group_3994,train
6382,group_3995,train
6383,group_3996,train
6385,group_3997,train
6386,group_3998,train
6387,group_3999,train
6388,group_4000,train
6389,group_4001,validation
6390,group_4002,validation
6391,group_4003,train
6392,group_4004,train
6393,group_4005,test
6394,group_4006,train
6395,group_4007,train
6396,group_4008,train
6397,group_4009,train
6398,group_4010,train
6399,group_4011,train
6400,group_4012,validation
6401,group_4013,train
6402,group_4014,train
6403,group_4015,validation
6404,group_4016,validation
6405,group_4017,train
6406,group_4018,test
6407,group_4019,test
6408,group_4020,train
6409,group_4021,train
6410,group_4022,train
6411,group_4023,train
6412,group_4024,test
6413,group_4025,train
6414,group_4026,validation
6415,group_4027,test
6416,group_4028,validation
6417,group_4029,train
6418,group_4030,train
6419,group_4031,test
6420,group_4032,test
6421,group_4033,train
6422,group_4034,train
6423,group_4035,test
6424,group_4036,train
6425,group_4037,train
6426,group_4038,train
6427,group_4039,train
6428,group_4040,test
6429,group_4041,validation
6430,group_4042,train
6431,group_4043,train
6432,group_4044,train
6433,group_4045,train
6434,group_4046,test
6435,group_4047,train
6436,group_4048,test
6437,group_4049,train
6438,group_4050,train
6439,group_4051,train
6440,group_4052,train
6441,group_4053,train
6442,group_4054,validation
6443,group_4055,train
6444,group_4056,train
6445,group_4057,train
6446,group_4058,train
6447,group_4059,validation
6448,group_4060,train
6449,group_4061,train
6450,group_4062,train
6451,group_4063,train
6452,group_4064,train
6453,group_4065,train
6454,group_4066,train
6455,group_4067,train
6456,group_4068,test
6457,group_4069,train
6458,group_4070,test
6459,group_4071,train
6460,group_4072,train
6461,group_4073,train
6462,group_4074,train
6463,group_4075,train
6464,group_4076,train
6465,group_4077,train
6466,group_4078,validation
6467,group_4079,train
6468,group_682,train
6469,group_4081,train
6470,group_4082,train
6471,group_4083,test
6472,group_4084,train
6473,group_4085,train
6474,group_4086,train
6475,group_4087,train
6476,group_4088,validation
6477,group_4089,train
6478,group_4090,train
6479,group_4091,train
6480,group_4092,train
6481,group_4093,test
6482,group_4094,train
6483,group_4095,train
6484,group_4096,train
6485,group_4097,train
6486,group_4098,test
6487,group_4099,test
6488,group_4100,test
6489,group_4101,train
6490,group_4102,train
6491,group_4103,train
6492,group_4101,train
6493,group_4091,train
6494,group_4106,train
6495,group_4107,train
6496,group_4108,test
6497,group_4109,train
6498,group_4110,train
6499,group_4111,train
6500,group_4112,train
6501,group_4113,test
6502,group_4114,train
6503,group_4115,test
6504,group_4116,test
6505,group_4117,train
6506,group_4118,train
6507,group_4119,test
6508,group_4120,train
6509,group_4115,test
6510,group_4122,train
6511,group_4123,train
6512,group_4124,train
6513,group_4125,train
6514,group_4126,validation
6515,group_4127,train
6516,group_4128,train
6517,group_4129,train
6518,group_4130,train
6519,group_4131,train
6520,group_4132,train
6521,group_4133,train
6522,group_4134,train
6523,group_4135,test
6524,group_4136,train
6525,group_4137,train
6526,group_4138,train
6527,group_4139,train
6528,group_4140,test
6529,group_4141,train
6530,group_4142,test
6531,group_4143,train
6532,group_4144,train
6533,group_4145,validation
6534,group_4146,train
6535,group_4147,train
6536,group_4148,test
6537,group_4149,validation
6538,group_4150,test
6539,group_4151,train
6540,group_4152,train
6541,group_4153,test
6542,group_4154,train
6543,group_4155,train
6544,group_4156,train
6545,group_4157,train
6546,group_4149,validation
6547,group_4159,train
6548,group_4160,train
6549,group_4161,train
6550,group_4162,train
6551,group_4163,train
6552,group_4164,validation
6553,group_4151,train
6554,group_4166,test
6555,group_4167,train
6556,group_4168,train
6557,group_4169,test
6558,group_4170,validation
6559,group_4171,validation
6560,group_4172,train
6561,group_4173,train
6562,group_4174,train
6563,group_4175,train
6564,group_4176,test
6565,group_4177,train
6566,group_4178,train
6567,group_4179,validation
6568,group_4180,train
6569,group_4181,train
6570,group_4182,test
6571,group_4183,test
6572,group_4184,validation
6574,group_4185,validation
6575,group_4186,train
6576,group_4187,train
6577,group_4188,train
6578,group_4189,test
6579,group_4190,train
6581,group_4191,validation
6582,group_4192,test
6583,group_4193,test
6584,group_4194,train
6585,group_4195,train
6586,group_4196,train
6587,group_4197,train
6588,group_4198,train
6589,group_4199,train
6590,group_4200,test
6591,group_4201,test
6592,group_4202,train
6593,group_4203,train
6594,group_4204,train
6595,group_4205,train
6596,group_4206,validation
6597,group_4207,train
6598,group_4208,train
6599,group_4209,test
6600,group_4210,test
6601,group_4211,train
6602,group_4212,test
6603,group_4213,test
6604,group_4214,train
6605,group_4215,train
6606,group_4216,train
6607,group_4217,train
6608,group_4218,train
6609,group_4219,test
6610,group_4220,train
6611,group_4221,test
6612,group_4222,validation
6613,group_4223,train
6614,group_4224,train
6615,group_4225,test
6616,group_4226,test
6617,group_4227,train
6618,group_4228,train
6619,group_4229,train
6620,group_4230,train
6621,group_4231,train
6622,group_4232,validation
6623,group_4233,validation
6624,group_4234,train
6625,group_4235,train
6626,group_4236,train
6627,group_4237,validation
6628,group_4238,train
6629,group_4239,test
6630,group_4240,train
6631,group_4241,train
6632,group_4242,train
6633,group_4243,validation
6634,group_4244,train
6635,group_4245,train
6636,group_4246,validation
6637,group_4247,test
6638,group_4248,test
6639,group_4249,test
6640,group_4250,test
6641,group_4251,train
6642,group_4252,train
6643,group_4253,validation
6644,group_4254,train
6645,group_4255,train
6646,group_3220,validation
6647,group_4257,train
6648,group_4258,train
6649,group_4259,train
6650,group_4260,validation
6651,group_4261,validation
6652,group_4262,train
6653,group_4263,train
6654,group_4264,train
6655,group_4265,train
6656,group_4266,train
6657,group_4267,test
6658,group_4268,train
6659,group_4269,validation
6660,group_4270,train
6661,group_4271,test
6662,group_4272,train
6663,group_4273,test
6664,group_4274,train
6665,group_4275,test
6666,group_4276,train
6667,group_4277,train
6668,group_4278,train
6669,group_4279,validation
6670,group_4280,train
6671,group_4281,train
6672,group_4282,validation
6673,group_4283,train
6674,group_4284,train
6675,group_4285,train
6676,group_4286,train
6677,group_4287,train
6678,group_4288,test
6679,group_4289,train
6680,group_4290,train
6681,group_4291,train
6682,group_4292,train
6683,group_4293,test
6684,group_4294,validation
6685,group_4295,train
6686,group_4296,train
6687,group_4297,validation
6688,group_4298,train
6689,group_4299,test
6690,group_4300,train
6691,group_4301,validation
6692,group_4302,train
6693,group_4303,test
6694,group_4304,train
6695,group_4305,train
6696,group_4306,train
6697,group_4307,validation
6698,group_4308,test
6699,group_4309,train
6700,group_4310,train
6701,group_4311,validation
6703,group_4312,validation
6704,group_4313,train
6705,group_4314,train
6706,group_4315,train
6707,group_4316,validation
6708,group_4317,train
6709,group_4318,train
6710,group_4319,train
6711,group_4320,train
6712,group_4321,train
6713,group_4322,train
6714,group_4323,train
6715,group_4324,train
6716,group_4325,train
6717,group_4326,train
6718,group_4327,train
6720,group_4328,validation
6721,group_4329,train
6722,group_4330,train
6724,group_4331,train
6725,group_4332,test
6726,group_4333,train
6727,group_4334,train
6728,group_4335,test
6729,group_4336,validation
6731,group_4337,train
6732,group_4338,train
6733,group_4339,train
6734,group_4340,train
6735,group_4341,train
6736,group_4342,train
6738,group_4343,train
6739,group_4344,train
6740,group_4345,test
6741,group_4346,test
6742,group_4347,test
6743,group_4348,train
6744,group_4349,validation
6745,group_3230,train
6746,group_4351,validation
6747,group_4352,test
6748,group_4353,train
6751,group_4354,train
6752,group_4355,train
6753,group_4356,train
6754,group_4357,train
6755,group_4358,train
6756,group_4359,train
6757,group_4360,train
6758,group_4361,validation
6759,group_4362,validation
6760,group_4363,train
6761,group_4364,train
6762,group_4365,train
6763,group_4366,train
6764,group_4367,train
6765,group_4368,validation
6766,group_4369,test
6767,group_4370,train
6768,group_4371,train
6769,group_4372,train
6770,group_4373,validation
6771,group_4374,train
6772,group_4375,train
6773,group_4376,train
6774,group_4377,test
6775,group_4378,train
6776,group_4379,train
6777,group_4380,train
6778,group_4381,train
6779,group_4382,train
6780,group_4383,train
6781,group_4384,train
6782,group_4385,train
6783,group_4386,validation
6784,group_4387,train
6785,group_4388,train
6786,group_4389,train
6787,group_4390,test
6788,group_4391,test
6789,group_4392,train
6790,group_4393,validation
6791,group_4394,train
6792,group_4395,validation
6793,group_4396,train
6794,group_4397,test
6795,group_4398,train
6796,group_4399,validation
6797,group_4400,train
6798,group_4401,train
6799,group_4402,validation
6800,group_4403,test
6801,group_4404,test
6802,group_4405,train
6803,group_4406,train
6804,group_4407,test
6805,group_4408,train
6806,group_4409,train
6807,group_4410,train
6808,group_4411,train
6809,group_4412,train
6810,group_4413,train
6811,group_4414,train
6812,group_4415,train
6813,group_4416,train
6814,group_4417,test
6815,group_4418,test
6816,group_4419,test
6817,group_4420,train
6818,group_4421,train
6819,group_4422,validation
6820,group_4423,train
6821,group_4424,train
6822,group_4425,validation
6823,group_4426,train
6824,group_4427,train
6825,group_4428,test
6826,group_4429,train
6827,group_4430,train
6829,group_4431,test
6830,group_4432,train
6831,group_4433,train
6832,group_4434,train
6833,group_4435,train
6834,group_4436,train
6835,group_4437,train
6836,group_4438,test
6837,group_4439,test
6838,group_4440,train
6839,group_4441,validation
6840,group_4442,train
6841,group_4443,validation
6842,group_4444,train
6843,group_4445,test
6844,group_4446,train
6845,group_4447,train
6848,group_4448,train
6852,group_4449,train
6853,group_4450,train
6854,group_4451,train
6855,group_4452,train
6856,group_4453,train
6857,group_4454,test
6859,group_4455,train
6860,group_4456,train
6861,group_4457,train
6862,group_4458,train
6863,group_4459,train
6864,group_4460,train
6865,group_4461,train
6866,group_4462,train
6867,group_4463,train
6868,group_4464,train
6869,group_4465,train
6870,group_4466,test
6871,group_4467,train
6872,group_4468,train
6873,group_4469,train
6874,group_4470,train
6875,group_4471,train
6876,group_4472,train
6877,group_4473,train
6878,group_4474,train
6879,group_4475,validation
6880,group_4476,validation
6881,group_4477,test
6882,group_4478,train
6883,group_4479,train
6884,group_4480,train
6885,group_4481,train
6886,group_4482,train
6887,group_4483,train
6888,group_4484,validation
6889,group_4485,validation
6890,group_4486,train
6891,group_4476,validation
6892,group_4488,train
6893,group_4489,train
6894,group_4490,test
6895,group_4491,validation
6896,group_4492,train
6897,group_4493,test
6898,group_4494,train
6899,group_4495,train
6900,group_4496,train
6901,group_4497,train
6902,group_4498,train
6903,group_4499,train
6904,group_4500,train
6905,group_4501,train
6906,group_4502,train
6907,group_4503,validation
6908,group_4504,train
6909,group_4505,train
6910,group_4506,train
6911,group_4507,train
6912,group_4508,train
6913,group_4509,train
6914,group_4510,train
6915,group_4511,test
6918,group_4512,train
6924,group_4513,train
6926,group_4514,train
6928,group_4515,train
6929,group_4516,train
6930,group_4517,validation
6931,group_4518,train
6932,group_4519,train
6933,group_4520,train
6934,group_4521,train
6935,group_4522,train
6936,group_4523,train
6937,group_4524,train
6938,group_4525,validation
6939,group_4526,test
6940,group_4527,test
6941,group_4528,validation
6943,group_4529,validation
6944,group_4530,test
6945,group_4531,train
6946,group_4532,train
6947,group_4533,test
6948,group_4534,validation
6949,group_4535,train
6950,group_4536,train
6951,group_4537,test
6952,group_4538,train
6953,group_4539,train
6954,group_4540,train
6956,group_4541,train
6958,group_4542,train
6961,group_4543,validation
6962,group_4544,train
6963,group_4545,train
6965,group_4546,train
6966,group_4547,train
6967,group_4548,train
6969,group_4549,test
6971,group_4550,train
6972,group_4551,test
6973,group_4552,train
6974,group_4553,validation
6977,group_4554,test
6979,group_4555,train
6980,group_4556,train
6981,group_4557,train
6982,group_4558,train
6983,group_4559,train
6984,group_4560,train
6985,group_4561,train
6986,group_4562,train
6987,group_4563,train
6988,group_4564,train
6990,group_4565,train
6991,group_4566,train
6994,group_4567,train
6995,group_4568,train
6996,group_4569,train
6997,group_4570,train
6998,group_4571,train
6999,group_4572,train
7000,group_4573,train
7001,group_4574,train
7002,group_4575,train
7003,group_4576,validation
7004,group_4577,test
7005,group_4578,test
7006,group_4579,test
7007,group_4580,train
7008,group_4581,test
7009,group_4582,validation
7010,group_4583,train
7011,group_4584,train
7012,group_4585,test
7013,group_4586,train
7015,group_4587,train
7017,group_4588,train
7019,group_4589,train
7020,group_4590,test
7021,group_4591,validation
7023,group_4592,train
7025,group_4593,test
7026,group_4594,train
7027,group_4595,train
7028,group_4596,train
7029,group_4597,train
7030,group_4598,test
7031,group_4599,train
7032,group_4600,validation
7035,group_4601,train
7036,group_4602,train
7037,group_4603,test
7038,group_4604,train
7039,group_4605,train
7040,group_3992,train
7041,group_4607,validation
7042,group_4608,train
7043,group_4609,train
7044,group_4610,train
7045,group_4611,validation
7046,group_4612,train
7047,group_4613,train
7048,group_4614,validation
7049,group_4615,validation
7051,group_4616,train
7053,group_4617,validation
7054,group_4618,train
7055,group_4619,test
7056,group_4620,test
7057,group_4621,train
7058,group_4622,train
7059,group_4623,train
7060,group_4624,train
7061,group_4625,train
7062,group_4626,train
7063,group_4627,train
7064,group_4628,train
7065,group_4629,validation
7066,group_4630,train
7067,group_4631,train
7068,group_4632,validation
7069,group_4633,train
7070,group_4634,train
7071,group_2440,test
7072,group_4636,train
7073,group_4637,train
7074,group_4638,validation
7075,group_2428,train
7076,group_3055,train
7077,group_4641,test
7078,group_4642,train
7079,group_4643,train
7080,group_4644,validation
7081,group_4645,test
7082,group_4646,validation
7083,group_4647,validation
7084,group_4648,validation
7085,group_4649,test
7086,group_4650,train
7087,group_4651,train
7088,group_4652,train
7089,group_4653,validation
7090,group_3043,train
7091,group_4655,test
7092,group_4656,train
7093,group_3055,train
7096,group_2428,train
7097,group_4656,train
7098,group_4660,test
7099,group_4661,train
7100,group_4662,train
7101,group_4663,train
7102,group_4664,train
7103,group_2427,validation
7104,group_2427,validation
7105,group_4667,test
7106,group_3055,train
7107,group_4648,validation
7108,group_4648,validation
7109,group_4671,train
7110,group_4672,train
7111,group_3055,train
7112,group_4674,train
7113,group_4675,train
7114,group_3055,train
7115,group_4677,test
7116,group_4677,test
7117,group_4679,train
7118,group_4680,train
7119,group_4648,validation
7120,group_2440,test
7121,group_4683,train
7122,group_4684,train
7123,group_2441,train
7124,group_4686,test
7126,group_4687,train
7127,group_4688,train
7128,group_4689,train
7129,group_4690,train
7130,group_4691,train
7131,group_4692,train
7132,group_4693,train
7133,group_4694,train
7134,group_4695,test
7135,group_4696,train
7136,group_4697,train
7137,group_4698,train
7138,group_4699,train
7139,group_4700,train
7140,group_4701,train
7141,group_4702,validation
7142,group_4703,train
7143,group_4704,train
7144,group_4705,test
7145,group_4706,train
7146,group_4707,test
7147,group_4708,train
7148,group_4709,validation
7149,group_4710,test
7150,group_4711,train
7151,group_4712,train
7152,group_4713,train
7153,group_4714,train
7154,group_4715,train
7155,group_4716,train
7156,group_4717,train
7157,group_4718,test
7158,group_4719,train
7160,group_4720,train
7162,group_4721,train
7163,group_4722,train
7164,group_4723,train
7165,group_4724,validation
7166,group_4725,validation
7167,group_4726,train
7168,group_4727,train
7169,group_4728,train
7170,group_4729,train
7171,group_5927,validation
7172,group_4731,validation
7173,group_4717,train
7174,group_4733,test
7175,group_4734,train
7176,group_5927,validation
7177,group_4736,train
7178,group_4737,train
7179,group_4738,train
7180,group_4739,test
7181,group_4740,train
7182,group_4741,train
7183,group_4742,test
7184,group_4743,train
7185,group_4744,train
7186,group_4745,train
7187,group_4746,validation
7188,group_4747,train
7189,group_4748,train
7190,group_4749,train
7191,group_4750,train
7192,group_4751,train
7193,group_3454,train
7194,group_4753,train
7195,group_4754,test
7196,group_4755,train
7197,group_4756,test
7198,group_4757,validation
7199,group_4758,train
7200,group_4759,train
7201,group_4760,train
7202,group_4761,train
7203,group_4762,train
7204,group_4763,train
7205,group_4764,train
7206,group_4765,train
7207,group_4766,train
7208,group_4767,train
7209,group_4768,train
7210,group_4769,train
7211,group_4770,train
7212,group_4771,test
7213,group_4772,train
7214,group_4773,test
7215,group_4774,train
7216,group_4775,train
7217,group_4776,train
7218,group_4777,train
7219,group_4778,train
7220,group_4779,train
7221,group_4780,train
7222,group_4781,test
7223,group_4782,train
7224,group_4783,test
7226,group_4784,train
7227,group_4785,train
7228,group_4786,train
7230,group_4787,train
7231,group_4788,train
7232,group_4789,train
7233,group_4790,train
7234,group_4791,train
7235,group_4792,train
7236,group_4793,train
7237,group_4794,train
7238,group_4795,train
7239,group_4796,test
7240,group_4797,train
7241,group_4798,train
7242,group_4799,train
7243,group_4800,train
7244,group_4801,validation
7246,group_4802,train
7247,group_4803,train
7248,group_4804,train
7249,group_4805,test
7250,group_4806,train
7251,group_4807,train
7252,group_4808,train
7253,group_4809,train
7254,group_4810,train
7255,group_4811,train
7256,group_4812,validation
7257,group_4813,test
7258,group_4814,test
7259,group_4815,train
7260,group_4816,test
7261,group_4817,validation
7262,group_4818,train
7263,group_4819,test
7265,group_4820,train
7266,group_4821,train
7267,group_2056,train
7268,group_4823,test
7269,group_4824,train
7270,group_4825,train
7271,group_4826,validation
7272,group_4827,train
7273,group_4828,train
7275,group_4829,train
7276,group_4830,train
7277,group_4831,train
7278,group_4832,train
7281,group_4833,train
7282,group_4834,train
7283,group_4835,validation
7284,group_4836,train
7285,group_4837,test
7286,group_4838,train
7287,group_4839,test
7288,group_4840,validation
7289,group_4841,train
7290,group_4842,train
7291,group_4843,validation
7292,group_4844,train
7293,group_4845,train
7294,group_4846,validation
7295,group_4847,test
7296,group_4848,train
7297,group_4849,train
7298,group_4850,train
7299,group_4851,train
7300,group_4852,train
7301,group_4853,train
7302,group_4854,train
7303,group_4855,validation
7304,group_4856,train
7305,group_4857,train
7306,group_4858,test
7307,group_4859,train
7308,group_4860,train
7309,group_4861,train
7310,group_4862,train
7311,group_4863,test
7312,group_4864,validation
7313,group_4859,train
7314,group_4866,train
7315,group_4867,test
7316,group_4868,train
7317,group_4869,test
7319,group_4870,test
7320,group_4871,train
7321,group_629,train
7322,group_4873,train
7323,group_4874,train
7324,group_4875,train
7325,group_641,train
7326,group_4877,test
7327,group_643,train
7328,group_4122,train
7329,group_4880,train
7330,group_4881,test
7331,group_4882,train
7332,group_4883,validation
7340,group_4884,validation
7341,group_4885,train
7342,group_4886,train
7343,group_4887,test
7345,group_4888,train
7346,group_4889,test
7347,group_4890,train
7348,group_4891,train
7349,group_4892,train
7350,group_4893,train
7351,group_4894,train
7352,group_4895,validation
7353,group_4896,train
7355,group_4897,train
7357,group_4898,train
7359,group_1034,train
7362,group_4900,test
7363,group_4901,train
7364,group_645,train
7365,group_4086,train
7366,group_4904,test
7367,group_4905,train
7368,group_4906,validation
7369,group_645,train
7370,group_4908,train
7371,group_4909,train
7372,group_630,train
7373,group_4911,train
7374,group_4905,train
7375,group_4913,train
7376,group_4914,train
7377,group_645,train
7378,group_4916,train
7379,group_4917,train
7380,group_632,validation
7381,group_4919,train
7382,group_4115,test
7383,group_4921,test
7384,group_4922,test
7385,group_4114,train
7386,group_630,train
7387,group_4111,train
7388,group_630,train
7389,group_4927,train
7390,group_4103,train
7391,group_4929,validation
7392,group_618,validation
7393,group_618,validation
7394,group_4114,train
7395,group_4933,train
7396,group_4934,validation
7397,group_630,train
7398,group_4103,train
7399,group_630,train
7400,group_4103,train
7401,group_4922,test
7402,group_4940,train
7403,group_4941,train
7404,group_4942,validation
7405,group_4934,validation
7406,group_4940,train
7407,group_4945,train
7408,group_4115,test
7409,group_4947,train
7410,group_4948,train
7411,group_4949,train
7412,group_4950,train
7413,group_4951,validation
7414,group_4952,train
7415,group_4953,train
7416,group_4954,train
7417,group_4955,validation
7418,group_4956,validation
7419,group_4957,train
7420,group_4958,test
7421,group_4959,test
7422,group_4960,train
7423,group_4961,train
7424,group_4962,test
7425,group_4963,train
7426,group_4964,train
7427,group_4965,train
7428,group_4966,train
7429,group_4967,train
7430,group_4968,train
7431,group_4969,test
7432,group_4970,train
7433,group_4971,validation
7434,group_4972,train
7435,group_4973,train
7436,group_4974,train
7437,group_4975,test
7438,group_10343,train
7439,group_4977,train
7440,group_4978,train
7441,group_4979,train
7442,group_4980,train
7443,group_4981,train
7445,group_4982,train
7446,group_4983,train
7447,group_4984,validation
7449,group_4985,train
7450,group_4986,train
7451,group_4981,train
7452,group_4988,test
7453,group_4989,train
7454,group_4978,train
7455,group_4991,test
7456,group_4992,train
7457,group_4993,train
7458,group_4994,train
7459,group_4995,train
7460,group_4996,train
7462,group_4992,train
7463,group_4996,train
7465,group_4999,validation
7467,group_5000,validation
7468,group_5001,train
7469,group_4981,train
7470,group_5003,train
7471,group_5004,validation
7472,group_5005,train
7473,group_10343,train
7475,group_4974,train
7476,group_10343,train
7479,group_5009,test
7480,group_5010,test
7481,group_5011,test
7482,group_5012,validation
7483,group_5013,validation
7484,group_5014,train
7486,group_5015,train
7487,group_5016,train
7488,group_5017,train
7489,group_5018,train
7490,group_5019,train
7491,group_5020,validation
7492,group_5021,train
7493,group_5022,train
7494,group_5023,validation
7495,group_5024,validation
7496,group_5025,train
7497,group_5026,test
7498,group_5027,validation
7499,group_5028,train
7500,group_5029,train
7501,group_5030,test
7502,group_5031,train
7503,group_5032,train
7504,group_5033,test
7505,group_5034,test
7506,group_5035,train
7507,group_5036,train
7508,group_5037,validation
7509,group_5038,validation
7510,group_5018,train
7511,group_5040,test
7512,group_5041,train
7513,group_5042,train
7514,group_5043,train
7515,group_5044,train
7516,group_5045,train
7517,group_5046,train
7518,group_5047,test
7519,group_5048,train
7520,group_5049,validation
7521,group_5050,validation
7522,group_5051,validation
7523,group_5052,validation
7524,group_5053,train
7525,group_5054,train
7526,group_5055,test
7527,group_5056,train
7528,group_5057,train
7529,group_5058,train
7530,group_5059,train
7531,group_5060,test
7532,group_5061,train
7533,group_5062,train
7534,group_5063,train
7535,group_5064,validation
7536,group_5065,validation
7537,group_5066,train
7538,group_5067,train
7539,group_5068,train
7540,group_5069,train
7541,group_5070,validation
7542,group_5071,train
7543,group_5072,train
7544,group_5073,train
7545,group_5074,train
7546,group_5075,train
7547,group_5076,train
7548,group_5077,train
7549,group_5078,train
7550,group_5079,train
7551,group_5080,validation
7552,group_5081,train
7553,group_5082,validation
7554,group_5083,validation
7555,group_5084,train
7556,group_5085,train
7557,group_5086,train
7558,group_5087,train
7559,group_5088,train
7560,group_5089,test
7561,group_5090,train
7562,group_5091,train
7563,group_5092,train
7564,group_5079,train
7565,group_5094,train
7566,group_5095,train
7567,group_5096,train
7568,group_5088,train
7569,group_5098,train
7570,group_5099,train
7571,group_5100,train
7572,group_5101,train
7573,group_5102,train
7574,group_5064,validation
7575,group_5104,validation
7576,group_5105,train
7577,group_5106,validation
7578,group_5107,train
7579,group_5108,train
7580,group_5109,validation
7581,group_5110,train
7582,group_5111,train
7583,group_5112,test
7584,group_5113,train
7585,group_5114,train
7586,group_5115,train
7587,group_5116,validation
7588,group_5117,train
7589,group_5118,train
7590,group_5119,test
7591,group_5120,validation
7592,group_5121,test
7593,group_5122,train
7594,group_5123,train
7595,group_5124,train
7596,group_5125,train
7597,group_5126,train
7598,group_5127,test
7599,group_5128,train
7600,group_5129,train
7601,group_5130,validation
7602,group_5131,train
7603,group_5132,test
7604,group_5133,train
7605,group_5134,train
7606,group_5135,train
7607,group_5136,train
7608,group_5137,validation
7609,group_5138,train
7610,group_5139,train
7611,group_5140,train
7612,group_5141,train
7613,group_5142,train
7614,group_5143,validation
7615,group_5144,validation
7616,group_5145,validation
7617,group_5146,test
7618,group_5138,train
7619,group_5148,train
7621,group_5149,test
7622,group_5150,train
7623,group_5151,validation
7624,group_5152,train
7625,group_5153,train
7626,group_5154,test
7629,group_3530,train
7630,group_5156,validation
7631,group_5157,train
7632,group_5158,validation
7633,group_5159,train
7634,group_5160,train
7635,group_5161,train
7636,group_5162,train
7637,group_3570,train
7638,group_5164,train
7639,group_5165,train
7640,group_5166,train
7641,group_5167,train
7642,group_5168,validation
7643,group_5169,train
7644,group_5170,train
7645,group_5171,train
7646,group_5172,train
7647,group_5173,train
7648,group_5174,train
7649,group_5175,train
7650,group_5176,test
7651,group_5177,train
7652,group_5178,train
7653,group_5174,train
7654,group_5174,train
7655,group_5181,train
7656,group_5177,train
7657,group_5183,train
7658,group_5184,train
7659,group_5183,train
7660,group_5186,train
7661,group_5177,train
7662,group_5188,train
7663,group_5189,test
7664,group_5190,validation
7665,group_5191,train
7666,group_5192,train
7667,group_5188,train
7668,group_5188,train
7669,group_5195,train
7670,group_5196,train
7671,group_5197,train
7672,group_5198,train
7673,group_5199,train
7674,group_5200,validation
7675,group_5201,train
7676,group_5202,test
7677,group_5203,test
7678,group_5204,train
7679,group_5205,validation
7680,group_5206,train
7681,group_5207,test
7682,group_5208,test
7683,group_5209,validation
7684,group_5210,train
7685,group_5211,train
7686,group_5212,train
7687,group_5213,validation
7688,group_5214,train
7689,group_5215,train
7690,group_5216,test
7691,group_5217,validation
7692,group_5218,validation
7693,group_5219,validation
7694,group_5220,train
7695,group_5221,validation
7696,group_5222,train
7697,group_5223,train
7698,group_5224,train
7699,group_5225,train
7700,group_5226,validation
7701,group_5227,validation
7702,group_5228,train
7703,group_5229,train
7704,group_5230,test
7705,group_5231,train
7706,group_5232,train
7707,group_5233,train
7708,group_5234,validation
7709,group_5235,train
7710,group_5236,train
7712,group_5237,train
7713,group_5238,train
7714,group_5239,train
7715,group_5240,test
7716,group_5241,train
7717,group_5242,train
7719,group_5243,train
7721,group_5244,train
7722,group_5245,train
7723,group_5246,train
7724,group_5247,test
7726,group_5248,test
7727,group_5249,train
7728,group_5250,validation
7729,group_5251,train
7730,group_5252,train
7731,group_5253,train
7732,group_5254,validation
7733,group_5255,validation
7734,group_5256,train
7735,group_5257,train
7736,group_5258,train
7737,group_5259,train
7739,group_5260,train
7741,group_5261,train
7742,group_5262,validation
7743,group_5263,train
7744,group_5264,train
7745,group_5265,train
7746,group_5266,train
7747,group_5267,train
7748,group_5268,test
7749,group_5269,train
7751,group_5270,test
7752,group_5271,train
7753,group_5272,train
7754,group_5273,train
7755,group_5274,train
7756,group_5275,train
7758,group_5276,train
7761,group_5277,train
7763,group_5278,test
7764,group_5279,train
7766,group_5280,validation
7767,group_5281,train
7768,group_5282,train
7769,group_5283,test
7770,group_5284,train
7771,group_5285,train
7772,group_5286,train
7773,group_5287,test
7774,group_5288,train
7775,group_5289,validation
7776,group_5290,train
7777,group_5291,train
7778,group_5292,train
7779,group_5293,train
7780,group_5294,train
7781,group_3043,train
7782,group_5296,train
7783,group_5297,train
7784,group_5001,train
7785,group_5003,train
7787,group_4978,train
7788,group_5001,train
7789,group_4985,train
7790,group_5303,train
7791,group_5304,test
7792,group_10343,train
7793,group_4980,train
7794,group_5307,train
7795,group_4985,train
7796,group_10343,train
7797,group_5310,train
7798,group_4981,train
7799,group_5312,train
7800,group_4974,train
7801,group_4978,train
7802,group_5315,train
7803,group_5316,train
7804,group_5317,train
7805,group_5318,train
7806,group_5319,train
7807,group_5320,train
7808,group_5321,train
7809,group_5322,test
7810,group_5323,train
7811,group_4978,train
7812,group_5325,train
7813,group_5326,train
7814,group_4980,train
7815,group_5328,train
7816,group_5329,train
7817,group_5330,train
7818,group_4999,validation
7819,group_5332,validation
7820,group_5333,train
7822,group_5334,train
7823,group_5335,train
7824,group_5336,train
7826,group_5337,validation
7827,group_4996,train
7828,group_5339,train
7829,group_4992,train
7830,group_5341,train
7831,group_5342,train
7832,group_5343,train
7833,group_5344,validation
7834,group_4992,train
7835,group_5346,train
7836,group_5347,train
7837,group_5348,train
7838,group_5349,train
7840,group_5350,train
7841,group_5351,train
7842,group_5352,train
7843,group_5353,validation
7844,group_5354,train
7845,group_5355,train
7846,group_5356,train
7847,group_5357,train
7848,group_5358,validation
7850,group_5359,train
7851,group_5360,train
7852,group_5361,validation
7853,group_5362,train
7854,group_5363,test
7855,group_4980,train
7856,group_5332,validation
7857,group_5366,test
7858,group_5367,validation
7859,group_5368,train
7860,group_5367,validation
7861,group_5370,train
7862,group_5357,train
7863,group_5367,validation
7864,group_5373,train
7865,group_5374,train
7866,group_5373,train
7867,group_5376,train
7868,group_5377,validation
7869,group_5367,validation
7870,group_4980,train
7871,group_5367,validation
7873,group_5381,train
7874,group_5382,train
7875,group_5383,train
7876,group_5367,validation
7877,group_5367,validation
7878,group_5386,validation
7879,group_5386,validation
7880,group_5373,train
7881,group_5367,validation
7882,group_5390,train
7883,group_5391,train
7884,group_5392,train
7885,group_5393,train
7887,group_5394,train
7888,group_5395,test
7889,group_5393,train
7890,group_5397,validation
7891,group_5395,test
7892,group_5399,train
7895,group_5400,train
7896,group_5401,train
7898,group_5402,validation
7901,group_5403,train
7902,group_5404,train
7903,group_5405,train
7904,group_5406,train
7905,group_4974,train
7906,group_5408,train
7907,group_10343,train
7908,group_5410,train
7909,group_5411,train
7910,group_5381,train
7911,group_5413,train
7913,group_10343,train
7914,group_5368,train
7915,group_5303,train
7916,group_5417,validation
7917,group_5418,validation
7918,group_5381,train
7920,group_5328,train
7921,group_5421,train
7922,group_5422,train
7923,group_5423,train
7924,group_5348,train
7925,group_4978,train
7926,group_4999,validation
7927,group_4991,test
7928,group_5303,train
7930,group_5001,train
7931,group_5430,validation
7932,group_5431,train
7933,group_5432,train
7934,group_5433,train
7935,group_5434,train
7936,group_5435,train
7937,group_5436,train
7938,group_5437,train
7939,group_5438,train
7940,group_5439,train
7941,group_5440,train
7942,group_5441,train
7943,group_5442,test
7944,group_5443,train
7945,group_5444,test
7946,group_5445,test
7947,group_5446,train
7948,group_5447,train
7949,group_5448,train
7950,group_5449,test
7951,group_5450,train
7952,group_5451,test
7953,group_5452,validation
7954,group_5453,train
7955,group_656,train
7956,group_5455,train
7957,group_5456,train
7958,group_5457,train
7959,group_5458,train
7960,group_5459,test
7961,group_5460,validation
7962,group_5461,train
7963,group_5462,test
7964,group_5463,train
7965,group_5464,validation
7966,group_4911,train
7968,group_5466,train
7969,group_5467,train
7970,group_5468,validation
7971,group_5469,train
7979,group_5470,train
7980,group_5471,train
7985,group_5472,train
7987,group_5473,train
7988,group_5474,test
7990,group_5475,train
7996,group_5476,train
8002,group_5477,test
8003,group_5478,validation
8004,group_5479,validation
8011,group_5480,validation
8012,group_5481,test
8014,group_5482,train
8017,group_5483,train
8018,group_5484,train
8020,group_5485,train
8022,group_5486,test
8026,group_5487,train
8030,group_5488,validation
8040,group_5489,train
8047,group_5490,test
8050,group_5491,train
8056,group_5492,validation
8063,group_5493,train
8064,group_5494,train
8065,group_5495,train
8066,group_5496,train
8067,group_5497,validation
8068,group_5498,train
8071,group_5499,test
8072,group_5500,test
8073,group_5501,train
8074,group_5502,train
8075,group_5503,train
8076,group_5504,train
8077,group_5505,train
8078,group_5506,validation
8079,group_5507,train
8080,group_5508,validation
8081,group_5509,train
8082,group_5510,train
8083,group_5511,test
8084,group_5512,train
8085,group_5513,train
8086,group_5514,test
8087,group_5515,train
8088,group_5516,test
8089,group_5517,train
8090,group_5514,test
8091,group_5519,train
8092,group_5519,train
8093,group_5521,train
8094,group_5522,train
8095,group_5523,train
8096,group_5524,train
8098,group_5525,train
8099,group_5526,train
8100,group_5527,validation
8101,group_5528,train
8102,group_5529,test
8103,group_5530,train
8104,group_5531,validation
8106,group_5532,train
8107,group_5533,train
8108,group_5534,train
8109,group_5535,test
8110,group_5536,train
8111,group_5537,train
8112,group_5538,train
8113,group_5539,train
8114,group_5540,train
8115,group_5541,train
8116,group_5542,train
8117,group_5543,train
8118,group_5544,train
8119,group_5545,test
8120,group_5546,train
8122,group_5547,validation
8123,group_5548,train
8124,group_5549,train
8125,group_5546,train
8126,group_5551,train
8129,group_5552,train
8130,group_5553,train
8131,group_5554,validation
8132,group_5555,train
8133,group_5556,train
8134,group_5557,test
8135,group_5558,validation
8136,group_5559,train
8137,group_5559,train
8138,group_5561,train
8139,group_5562,train
8140,group_5563,validation
8141,group_5564,train
8142,group_5565,train
8143,group_5566,train
8144,group_5567,train
8145,group_5568,test
8146,group_5569,test
8147,group_5570,train
8148,group_5571,train
8149,group_5572,train
8150,group_5573,train
8151,group_5574,train
8152,group_5575,train
8153,group_5576,train
8154,group_5577,train
8155,group_5578,validation
8156,group_5579,train
8157,group_5580,train
8159,group_5581,train
8160,group_5582,train
8161,group_5583,train
8162,group_5584,train
8163,group_5585,train
8164,group_5586,test
8165,group_5587,train
8166,group_5588,validation
8167,group_5589,validation
8169,group_5590,train
8172,group_5591,train
8175,group_5592,train
8180,group_5593,train
8181,group_5594,train
8182,group_5595,train
8183,group_5596,train
8184,group_5597,test
8185,group_5598,test
8186,group_5599,train
8187,group_5600,train
8188,group_5601,test
8189,group_5602,validation
8190,group_5603,train
8191,group_5604,train
8192,group_5605,validation
8193,group_5600,train
8194,group_5607,train
8195,group_5608,test
8196,group_5609,train
8197,group_5607,train
8199,group_5611,train
8200,group_5612,train
8202,group_5613,train
8204,group_5614,validation
8205,group_5615,test
8206,group_5616,train
8207,group_5617,train
8208,group_5618,test
8209,group_5619,test
8210,group_4874,train
8211,group_5621,train
8212,group_5622,test
8214,group_5623,train
8215,group_5624,train
8216,group_5625,train
8217,group_5626,validation
8218,group_5627,train
8219,group_5628,test
8220,group_5629,train
8221,group_5630,test
8222,group_5631,validation
8223,group_5632,train
8224,group_5633,train
8227,group_5634,validation
8228,group_5635,train
8229,group_5636,train
8231,group_5637,train
8232,group_5638,train
8234,group_5639,train
8235,group_5640,test
8236,group_4940,train
8237,group_5642,train
8238,group_5643,train
8239,group_5644,validation
8240,group_5645,validation
8242,group_5646,train
8243,group_5647,validation
8244,group_5648,train
8245,group_5649,validation
8246,group_5650,train
8247,group_5651,train
8248,group_5633,train
8249,group_5653,train
8250,group_5654,train
8251,group_5655,train
8252,group_5656,train
8253,group_5657,validation
8254,group_5658,train
8255,group_5648,train
8256,group_5660,test
8257,group_5661,validation
8258,group_5662,test
8259,group_5663,test
8260,group_5664,test
8262,group_5665,train
8264,group_5666,train
8265,group_5667,test
8266,group_5668,test
8267,group_5669,train
8268,group_5670,train
8269,group_5671,train
8270,group_5672,validation
8271,group_5673,train
8272,group_5674,train
8273,group_5675,train
8274,group_5676,train
8275,group_5677,test
8276,group_5678,train
8277,group_5679,train
8278,group_5680,train
8279,group_5681,train
8280,group_5682,train
8281,group_5683,train
8282,group_5684,test
8284,group_5685,train
8285,group_5686,train
8288,group_5687,train
8289,group_5688,test
8290,group_5689,test
8291,group_5690,train
8292,group_5691,validation
8293,group_5692,validation
8295,group_5693,train
8298,group_5694,train
8299,group_5695,train
8300,group_5696,train
8302,group_5697,train
8303,group_5698,test
8304,group_5699,train
8306,group_5700,test
8307,group_5701,train
8308,group_5702,train
8309,group_5703,validation
8310,group_5704,train
8311,group_5705,test
8312,group_5706,train
8313,group_5707,train
8314,group_5708,train
8315,group_5709,train
8316,group_5710,validation
8317,group_5711,train
8318,group_5712,train
8319,group_5713,train
8320,group_5713,train
8321,group_5715,test
8322,group_5715,test
8323,group_5717,train
8324,group_5717,train
8325,group_5675,train
8326,group_5720,train
8327,group_5720,train
8328,group_5722,train
8330,group_5723,test
8331,group_5723,test
8332,group_5725,train
8333,group_5725,train
8334,group_5727,validation
8335,group_5727,validation
8336,group_5729,validation
8337,group_5729,validation
8338,group_5731,train
8339,group_5731,train
8340,group_5733,train
8341,group_5734,train
8342,group_5735,train
8343,group_5736,train
8344,group_5737,train
8345,group_5738,train
8346,group_5739,train
8348,group_5740,train
8349,group_5741,train
8350,group_5742,train
8351,group_5743,train
8352,group_5744,train
8353,group_5745,train
8354,group_5746,train
8355,group_5747,train
8356,group_5748,test
8357,group_5749,train
8358,group_5750,train
8359,group_5751,validation
8360,group_5752,train
8361,group_5753,train
8364,group_5754,train
8365,group_5755,train
8366,group_5756,train
8367,group_5757,validation
8368,group_5758,train
8369,group_5759,train
8371,group_5760,train
8372,group_5761,train
8373,group_5630,test
8374,group_5763,train
8375,group_5761,train
8376,group_5636,train
8377,group_5630,test
8378,group_5767,train
8379,group_5767,train
8380,group_5769,train
8381,group_5770,train
8382,group_5771,train
8383,group_5771,train
8384,group_5773,train
8385,group_5773,train
8386,group_5775,train
8387,group_5776,validation
8388,group_5777,train
8389,group_5778,train
8390,group_5779,train
8391,group_5780,train
8392,group_459,train
8393,group_5782,train
8394,group_5783,train
8395,group_5784,train
8396,group_5785,train
8397,group_5786,validation
8398,group_5787,train
8399,group_5788,test
8400,group_5789,train
8401,group_5790,test
8402,group_5791,train
8403,group_5792,train
8404,group_5793,validation
8405,group_5794,validation
8406,group_5795,train
8407,group_5796,validation
8408,group_5797,test
8409,group_5798,train
8410,group_5799,train
8411,group_5800,test
8412,group_5801,train
8413,group_5802,validation
8414,group_5803,train
8415,group_5803,train
8417,group_5805,train
8418,group_5806,test
8419,group_5806,test
8420,group_5808,train
8422,group_5809,train
8426,group_5810,validation
8427,group_5811,train
8432,group_5812,train
8433,group_5813,train
8434,group_5814,train
8435,group_5815,train
8436,group_5816,train
8437,group_5817,test
8438,group_5818,train
8439,group_5819,train
8440,group_5820,test
8441,group_5821,test
8442,group_5822,train
8443,group_5823,test
8444,group_5824,test
8445,group_5825,test
8446,group_5826,validation
8447,group_5827,train
8448,group_5828,train
8449,group_5829,validation
8450,group_5830,train
8451,group_5831,train
8452,group_5832,train
8453,group_5833,train
8454,group_5834,validation
8455,group_5835,train
8456,group_5836,train
8457,group_5837,validation
8458,group_5838,validation
8459,group_5839,train
8460,group_5840,validation
8461,group_5841,train
8462,group_5842,train
8463,group_5843,test
8465,group_5844,train
8466,group_5845,train
8467,group_5846,train
8468,group_5847,train
8469,group_5848,train
8470,group_5849,train
8471,group_5850,train
8472,group_5851,train
8473,group_5852,train
8474,group_5853,train
8475,group_5854,train
8476,group_5855,train
8477,group_5856,validation
8478,group_5857,validation
8479,group_5858,validation
8480,group_5859,train
8481,group_5860,train
8482,group_5861,validation
8483,group_5862,validation
8484,group_5863,train
8485,group_5864,train
8486,group_5865,train
8487,group_5866,train
8488,group_5867,train
8489,group_5868,train
8490,group_5869,train
8491,group_5870,test
8492,group_5871,train
8493,group_5872,train
8494,group_5873,train
8495,group_5874,train
8496,group_5875,train
8497,group_5876,train
8498,group_5877,validation
8499,group_5878,train
8500,group_5879,train
8501,group_5880,train
8503,group_5881,train
8505,group_5882,train
8506,group_5883,train
8507,group_5884,validation
8512,group_5885,validation
8513,group_5886,train
8514,group_5887,validation
8515,group_5887,validation
8516,group_5889,train
8517,group_5890,test
8518,group_5891,train
8519,group_5892,train
8520,group_5893,train
8521,group_5894,train
8522,group_5895,test
8523,group_5896,train
8524,group_5897,train
8525,group_5898,train
8526,group_5899,train
8527,group_5900,train
8528,group_5901,train
8529,group_5902,train
8530,group_5903,test
8531,group_5904,validation
8532,group_5905,train
8535,group_5906,train
8539,group_5907,validation
8542,group_5908,train
8546,group_5908,train
8549,group_5910,validation
8550,group_5911,train
8551,group_5912,train
8552,group_5913,train
8553,group_5914,train
8554,group_3412,validation
8555,group_5916,validation
8556,group_5917,train
8557,group_3432,validation
8558,group_5919,train
8574,group_5920,train
8580,group_5921,test
8581,group_5922,train
8582,group_5921,test
8583,group_5924,validation
8584,group_5925,train
8585,group_5925,train
8586,group_5927,validation
8587,group_5927,validation
8588,group_5929,train
8589,group_5929,train
8590,group_30454,train
8591,group_30454,train
8593,group_5933,train
8594,group_5934,train
8595,group_5933,train
8596,group_5934,train
8597,group_5937,train
8598,group_5938,validation
8600,group_5939,train
8603,group_5940,validation
8605,group_5941,train
8606,group_5937,train
8607,group_5943,validation
8608,group_5934,train
8610,group_5933,train
8611,group_5946,test
8612,group_5934,train
8613,group_5948,train
8614,group_5949,train
8616,group_5950,train
8617,group_5951,train
8619,group_5952,train
8620,group_5953,train
8622,group_5954,train
8623,group_5955,train
8625,group_5954,train
8626,group_5957,train
8627,group_5958,train
8631,group_5959,validation
8634,group_5960,train
8635,group_5961,train
8636,group_5962,test
8638,group_5963,validation
8639,group_5964,train
8640,group_5965,validation
8641,group_5966,train
8642,group_5967,train
8643,group_5968,validation
8646,group_5969,train
8647,group_5970,test
8648,group_5971,train
8649,group_5972,validation
8650,group_5973,train
8651,group_5974,train
8653,group_5975,validation
8654,group_5976,train
8655,group_5977,train
8658,group_5978,train
8659,group_5977,train
8660,group_5980,train
8661,group_5959,validation
8662,group_5982,validation
8663,group_5983,test
8664,group_5984,train
8665,group_5985,train
8666,group_5986,train
8667,group_5987,test
8668,group_5988,validation
8669,group_5986,train
8670,group_5990,train
8671,group_5991,validation
8672,group_5992,validation
8673,group_5993,train
8674,group_5994,train
8675,group_5977,train
8676,group_5977,train
8677,group_5986,train
8678,group_5986,train
8679,group_5977,train
8680,group_6000,train
8681,group_5954,train
8682,group_6002,validation
8683,group_6003,validation
8684,group_6004,train
8685,group_5965,validation
8686,group_6006,train
8687,group_6007,train
8688,group_6008,validation
8689,group_6009,train
8690,group_6010,train
8691,group_6011,train
8692,group_6012,train
8693,group_6013,train
8694,group_6014,train
8695,group_6015,train
8696,group_6016,train
8697,group_6017,train
8698,group_6018,validation
8699,group_6019,train
8700,group_6020,train
8701,group_6021,train
8702,group_6022,test
8703,group_6023,train
8704,group_6023,train
8705,group_5990,train
8706,group_6026,test
8707,group_5977,train
8708,group_6028,train
8709,group_5977,train
8710,group_6030,train
8711,group_6031,train
8712,group_5977,train
8713,group_6031,train
8714,group_6034,train
8716,group_6035,train
8718,group_6036,train
8719,group_6037,train
8720,group_6038,train
8721,group_6037,train
8722,group_6038,train
8723,group_6041,train
8724,group_6042,train
8725,group_6043,validation
8727,group_6063,train
8728,group_6052,validation
8729,group_6063,train
8730,group_6047,train
8731,group_6048,test
8734,group_6049,validation
8735,group_6063,train
8736,group_6063,train
8737,group_6052,validation
8738,group_6058,test
8739,group_6058,test
8740,group_6055,train
8741,group_6056,train
8742,group_6058,test
8743,group_6058,test
8746,group_6059,train
8748,group_6060,train
8749,group_6037,train
8750,group_6062,test
8751,group_6063,train
8752,group_6064,train
8754,group_6065,train
8758,group_6066,validation
8759,group_6067,train
8760,group_6068,train
8761,group_6069,test
8762,group_6070,validation
8763,group_6071,test
8764,group_6072,train
8765,group_6073,test
8768,group_6074,train
8771,group_6075,train
8773,group_6076,validation
8774,group_6063,train
8775,group_6078,train
8776,group_6079,train
8777,group_6080,train
8778,group_6081,test
8779,group_6082,validation
8780,group_6083,train
8781,group_6084,train
8782,group_6085,train
8783,group_6086,test
8784,group_6031,train
8785,group_6088,train
8786,group_4719,train
8787,group_6090,train
8788,group_6091,test
8789,group_6092,train
8790,group_6093,train
8791,group_6092,train
8792,group_6093,train
8793,group_6096,train
8795,group_5927,validation
8796,group_4717,train
8797,group_4731,validation
8798,group_5927,validation
8799,group_4729,train
8800,group_6102,test
8801,group_4728,train
8802,group_6104,train
8803,group_6105,validation
8804,group_6106,train
8805,group_4734,train
8806,group_4723,train
8807,group_4724,validation
8808,group_4733,test
8809,group_4717,train
8810,group_4736,train
8811,group_6113,train
8812,group_6114,train
8813,group_6115,train
8814,group_6116,train
8815,group_6117,validation
8816,group_6118,train
8817,group_6119,train
8818,group_6120,train
8819,group_6121,train
8820,group_6122,train
8821,group_6123,train
8823,group_6124,test
8824,group_6125,train
8825,group_6126,validation
8826,group_6127,train
8827,group_6128,train
8828,group_6129,train
8829,group_6130,train
8830,group_6131,train
8831,group_6132,train
8832,group_6133,test
8833,group_6134,train
8834,group_6135,validation
8835,group_6136,test
8837,group_6137,train
8838,group_6138,train
8839,group_6139,test
8840,group_6140,train
8841,group_6137,train
8842,group_6138,train
8843,group_6138,train
8844,group_6135,validation
8845,group_6139,test
8846,group_6137,train
8847,group_6147,train
8848,group_6148,train
8851,group_6149,test
8852,group_6150,train
8853,group_6147,train
8854,group_6148,train
8855,group_6153,train
8856,group_6154,validation
8857,group_6153,train
8858,group_6147,train
8859,group_6147,train
8860,group_6149,test
8861,group_6147,train
8862,group_6160,train
8863,group_6161,train
8864,group_6149,test
8865,group_6154,validation
8866,group_6149,test
8867,group_6150,train
8868,group_6149,test
8869,group_6167,train
8871,group_6148,train
8872,group_6148,train
8877,group_6170,train
8879,group_6170,train
8880,group_6135,validation
8881,group_6173,train
8882,group_6173,train
8883,group_6139,test
8884,group_6137,train
8885,group_6136,test
8887,group_6178,validation
8888,group_6179,train
8889,group_6180,train
8890,group_6181,train
8891,group_6182,train
8892,group_6183,train
8895,group_6184,train
8896,group_6185,train
8897,group_6186,train
8898,group_6187,train
8899,group_6188,test
8900,group_6187,train
8901,group_6190,train
8903,group_6191,train
8904,group_6192,test
8905,group_6193,train
8907,group_6194,train
8908,group_6195,train
8909,group_6196,train
8910,group_6197,test
8911,group_6198,test
8912,group_6199,train
8913,group_6199,train
8914,group_6201,test
8915,group_6202,train
8916,group_6203,test
8917,group_6204,validation
8918,group_6205,train
8919,group_6206,train
8920,group_6207,train
8921,group_6208,train
8922,group_6209,train
8923,group_6210,train
8924,group_6211,validation
8925,group_6212,train
8926,group_6213,validation
8927,group_6214,train
8928,group_6215,train
8929,group_6216,test
8930,group_6217,test
8931,group_6218,train
8932,group_6219,train
8933,group_6220,train
8934,group_6221,train
8935,group_6222,train
8936,group_6223,train
8937,group_6135,validation
8938,group_5977,train
8939,group_6226,train
8940,group_6226,train
8941,group_6228,train
8942,group_6229,test
8943,group_6228,train
8944,group_6228,train
8946,group_6232,test
8947,group_6233,train
8948,group_6234,train
8949,group_6233,train
8950,group_6236,validation
8951,group_6237,test
8952,group_6238,train
8954,group_6239,train
8955,group_6190,train
8956,group_6241,train
8957,group_6241,train
8958,group_6243,train
8959,group_6244,train
8960,group_6245,train
8961,group_6246,test
8962,group_6247,train
8963,group_6248,train
8964,group_6249,train
8965,group_6250,train
8966,group_6251,train
8967,group_6252,train
8968,group_6253,train
8969,group_6254,train
8970,group_6255,train
8971,group_6256,test
8972,group_6257,train
8973,group_6258,train
8974,group_6259,train
8975,group_6260,validation
8976,group_6261,validation
8977,group_6262,train
8978,group_6263,test
8979,group_6264,train
8980,group_6265,train
8981,group_6266,train
8982,group_6267,train
8983,group_6268,train
8984,group_6269,train
8986,group_6270,train
8987,group_6271,train
8988,group_6272,train
8989,group_6273,test
8990,group_6274,train
8991,group_6275,train
8992,group_6276,train
8993,group_6277,train
8994,group_6278,test
8995,group_6279,train
8996,group_6280,test
8997,group_6281,train
8998,group_6282,train
8999,group_6283,train
9000,group_6284,validation
9001,group_6285,train
9002,group_6286,train
9003,group_6287,train
9004,group_6288,train
9005,group_6289,train
9007,group_6290,train
9008,group_6291,train
9009,group_6292,validation
9010,group_6293,train
9011,group_6294,train
9012,group_6295,train
9013,group_6296,train
9014,group_6297,validation
9015,group_6298,train
9016,group_6299,train
9017,group_6300,validation
9018,group_6301,train
9019,group_6302,train
9020,group_6303,train
9022,group_6304,train
9023,group_6305,validation
9024,group_6306,train
9025,group_6307,train
9026,group_6308,train
9027,group_6309,train
9028,group_6310,test
9029,group_6310,test
9030,group_6312,train
9031,group_6313,train
9032,group_6314,validation
9033,group_6315,train
9034,group_6316,train
9035,group_6317,train
9036,group_6318,test
9037,group_6319,test
9038,group_6320,train
9039,group_6321,train
9040,group_6322,validation
9041,group_6323,train
9042,group_6324,test
9043,group_6325,train
9044,group_6326,test
9045,group_6327,train
9046,group_6328,validation
9047,group_6329,train
9048,group_6330,train
9049,group_6331,train
9050,group_6332,test
9051,group_6333,test
9052,group_6334,train
9053,group_6335,train
9054,group_6336,test
9055,group_6337,train
9056,group_6338,train
9057,group_6339,train
9058,group_6340,train
9059,group_6341,train
9060,group_6342,validation
9061,group_6147,train
9062,group_6344,validation
9063,group_6344,validation
9064,group_6148,train
9065,group_6148,train
9066,group_6147,train
9067,group_6147,train
9069,group_6167,train
9070,group_6167,train
9071,group_6352,train
9072,group_6352,train
9073,group_6352,train
9074,group_6352,train
9075,group_6356,train
9076,group_6357,test
9077,group_6358,train
9078,group_6359,validation
9079,group_6360,train
9080,group_6361,train
9081,group_6362,train
9082,group_6363,train
9083,group_6364,validation
9084,group_6365,train
9085,group_6366,validation
9086,group_6367,train
9087,group_6368,train
9088,group_6369,validation
9089,group_6370,train
9090,group_6371,train
9091,group_6372,test
9092,group_6373,train
9093,group_6374,train
9094,group_6375,train
9095,group_6376,train
9096,group_6377,train
9097,group_6378,train
9099,group_6379,validation
9100,group_6380,train
9101,group_6381,train
9102,group_6382,train
9103,group_6383,train
9104,group_6384,train
9105,group_6385,train
9106,group_6386,train
9107,group_6387,train
9108,group_6388,train
9109,group_6389,train
9110,group_6390,validation
9111,group_6391,test
9112,group_6392,train
9113,group_6393,train
9114,group_6394,train
9115,group_6395,train
9116,group_6396,train
9117,group_6397,test
9118,group_6398,validation
9119,group_6399,validation
9120,group_6400,test
9121,group_6401,train
9122,group_6402,train
9123,group_6403,validation
9124,group_6404,validation
9125,group_6405,validation
9126,group_6406,train
9127,group_6407,test
9128,group_6408,validation
9129,group_6409,train
9130,group_6410,train
9131,group_6411,validation
9132,group_6412,train
9133,group_6413,test
9134,group_6414,train
9135,group_6415,train
9136,group_6416,train
9137,group_6417,train
9138,group_6418,test
9139,group_6419,train
9140,group_6420,test
9141,group_6421,validation
9142,group_6422,train
9143,group_6423,train
9144,group_6424,train
9145,group_6425,train
9146,group_6426,test
9147,group_6427,train
9148,group_6428,test
9149,group_6429,train
9150,group_6430,train
9151,group_6431,validation
9152,group_6432,train
9153,group_6433,train
9154,group_6431,validation
9155,group_6435,validation
9156,group_6436,train
9157,group_6437,train
9158,group_6438,train
9160,group_6439,train
9161,group_6440,test
9162,group_6441,train
9163,group_6442,train
9164,group_6443,train
9166,group_6444,train
9167,group_6445,test
9168,group_6446,train
9169,group_6447,train
9170,group_6448,train
9171,group_6449,train
9173,group_6450,train
9174,group_6451,train
9175,group_6452,train
9176,group_6453,train
9177,group_6454,train
9178,group_6455,train
9179,group_6456,train
9180,group_6457,train
9181,group_6458,train
9182,group_6459,validation
9186,group_6460,test
9187,group_6461,train
9189,group_6462,test
9191,group_6463,validation
9195,group_6464,train
9196,group_6465,train
9197,group_6466,train
9198,group_6467,train
9199,group_6468,train
9200,group_6469,train
9201,group_6470,test
9202,group_6471,train
9203,group_6472,test
9204,group_6473,test
9205,group_6474,train
9206,group_6475,train
9207,group_6476,train
9208,group_6477,train
9209,group_6478,train
9210,group_6479,test
9211,group_6480,train
9212,group_6481,train
9213,group_6482,train
9214,group_6483,train
9215,group_6484,train
9216,group_6485,train
9217,group_6486,validation
9218,group_6487,test
9219,group_6488,validation
9220,group_6489,train
9221,group_6490,train
9222,group_6491,train
9223,group_6492,train
9225,group_6493,train
9226,group_6147,train
9227,group_6495,validation
9229,group_6148,train
9230,group_6147,train
9231,group_6150,train
9233,group_6148,train
9235,group_6495,validation
9236,group_6149,test
9237,group_6148,train
9239,group_6160,train
9240,group_6504,validation
9241,group_6148,train
9242,group_6506,train
9243,group_6148,train
9244,group_6148,train
9245,group_6148,train
9246,group_6148,train
9247,group_6147,train
9248,group_6154,validation
9249,group_6513,train
9250,group_6161,train
9251,group_6160,train
9252,group_6149,test
9253,group_6154,validation
9254,group_6352,train
9255,group_6160,train
9256,group_6148,train
9257,group_6148,train
9258,group_6160,train
9259,group_6148,train
9260,group_6148,train
9261,group_6161,train
9262,group_6148,train
9263,group_5925,train
9264,group_4736,train
9265,group_6529,train
9266,group_5929,train
9267,group_5929,train
9268,group_4736,train
9269,group_6533,validation
9270,group_6534,train
9271,group_6535,test
9272,group_6536,train
9273,group_6537,train
9274,group_6538,test
9289,group_6539,train
9305,group_6540,train
9309,group_6541,train
9310,group_6542,train
9321,group_6543,train
9323,group_6544,train
9330,group_6545,train
9331,group_6546,train
9332,group_6547,train
9333,group_6548,validation
9334,group_6549,train
9335,group_6550,test
9336,group_6551,test
9337,group_6552,train
9338,group_6553,test
9339,group_6554,train
9340,group_6555,test
9341,group_6556,train
9342,group_6557,test
9343,group_6558,train
9344,group_6559,validation
9345,group_6560,train
9346,group_6561,test
9347,group_6562,train
9348,group_6563,train
9350,group_6564,train
9351,group_6565,train
9352,group_6566,train
9354,group_6567,train
9355,group_6568,train
9356,group_6569,test
9357,group_6570,train
9358,group_6571,train
9359,group_6572,train
9360,group_6573,train
9361,group_6574,train
9362,group_6575,test
9363,group_6576,train
9364,group_6577,train
9365,group_6578,train
9366,group_6579,test
9367,group_6580,train
9368,group_6581,train
9369,group_6582,validation
9370,group_6583,train
9371,group_6584,train
9372,group_6585,validation
9373,group_6586,test
9374,group_6587,train
9375,group_6588,train
9376,group_6574,train
9377,group_6588,train
9378,group_6591,train
9379,group_6592,train
9380,group_6593,train
9381,group_6594,validation
9382,group_6595,train
9383,group_6596,train
9384,group_6597,test
9385,group_6598,validation
9386,group_6599,train
9387,group_6600,validation
9389,group_6601,train
9390,group_6602,test
9391,group_6603,train
9392,group_6604,train
9393,group_6605,test
9394,group_6606,train
9395,group_6607,validation
9396,group_6608,train
9397,group_6609,train
9398,group_6610,train
9399,group_6611,train
9400,group_6612,test
9401,group_6613,train
9402,group_6614,test
9403,group_6615,train
9404,group_6616,train
9405,group_6617,train
9406,group_6618,train
9407,group_6619,test
9408,group_5965,validation
9409,group_6031,train
9410,group_6031,train
9411,group_6623,train
9412,group_6624,train
9413,group_6625,train
9415,group_6626,train
9416,group_6627,train
9417,group_6627,train
9418,group_6629,test
9419,group_6629,test
9420,group_6631,train
9421,group_6631,train
9422,group_6633,train
9423,group_6633,train
9424,group_6635,train
9425,group_6635,train
9426,group_6637,train
9427,group_6637,train
9428,group_6639,train
9430,group_6640,train
9431,group_6641,validation
9432,group_6642,train
9433,group_6643,test
9434,group_6644,train
9435,group_6645,train
9436,group_6646,train
9437,group_6647,train
9438,group_5889,train
9439,group_6649,train
9440,group_5889,train
9441,group_6651,train
9442,group_6652,train
9443,group_6653,validation
9444,group_6654,train
9445,group_6655,test
9447,group_6656,train
9449,group_6657,train
9450,group_6657,train
9451,group_6659,train
9452,group_6659,train
9453,group_6971,validation
9454,group_6971,validation
9455,group_6663,train
9456,group_6663,train
9457,group_6665,validation
9458,group_6665,validation
9460,group_6667,train
9461,group_6971,validation
9462,group_6971,validation
9463,group_6670,validation
9464,group_6670,validation
9465,group_6672,train
9466,group_6672,train
9469,group_6670,validation
9470,group_6670,validation
9471,group_6676,train
9472,group_6676,train
9473,group_6678,train
9474,group_6678,train
9475,group_6680,validation
9476,group_6680,validation
9477,group_6181,train
9478,group_6181,train
9479,group_6684,train
9480,group_6684,train
9481,group_6686,train
9482,group_6686,train
9483,group_6688,validation
9484,group_6689,train
9485,group_6690,train
9486,group_6691,train
9487,group_6692,train
9488,group_6693,validation
9489,group_6694,train
9490,group_6695,train
9491,group_6696,train
9492,group_6697,train
9493,group_6698,validation
9494,group_6699,train
9495,group_6699,train
9496,group_6701,train
9497,group_6702,train
9498,group_6703,validation
9500,group_6704,train
9501,group_6704,train
9502,group_6706,train
9503,group_6706,train
9504,group_6708,train
9506,group_6709,validation
9507,group_6709,validation
9508,group_6711,train
9509,group_6712,train
9510,group_6713,train
9511,group_403,train
9512,group_6715,train
9514,group_6716,train
9517,group_6717,train
9519,group_6718,validation
9520,group_6718,validation
9521,group_6720,test
9522,group_6720,test
9523,group_6722,train
9524,group_6723,train
9525,group_6724,test
9526,group_6725,train
9527,group_6726,test
9528,group_6727,train
9529,group_6728,train
9530,group_6729,train
9531,group_6730,test
9532,group_6731,train
9533,group_6732,test
9534,group_6733,test
9535,group_6734,train
9536,group_6735,validation
9537,group_6736,train
9538,group_6737,train
9539,group_6738,test
9540,group_6739,test
9541,group_6740,train
9542,group_6741,train
9543,group_6742,train
9545,group_535,test
9546,group_6744,train
9547,group_6745,validation
9548,group_6746,train
9549,group_6747,validation
9550,group_6748,validation
9551,group_6749,validation
9552,group_6750,train
9553,group_6751,validation
9554,group_6752,train
9555,group_6753,train
9556,group_6754,train
9557,group_6755,train
9558,group_6756,train
9559,group_6757,train
9560,group_6758,test
9562,group_6759,validation
9563,group_6760,train
9565,group_6761,train
9566,group_6761,train
9567,group_6763,train
9569,group_6764,train
9570,group_6764,train
9571,group_6766,test
9572,group_6767,train
9573,group_6768,train
9574,group_6769,train
9575,group_6770,train
9576,group_6771,test
9577,group_6772,train
9578,group_6773,validation
9579,group_6774,train
9580,group_6775,train
9581,group_6776,validation
9582,group_6777,validation
9583,group_6778,test
9584,group_6779,train
9585,group_6780,train
9586,group_6781,train
9587,group_6782,train
9588,group_6783,train
9589,group_6784,train
9590,group_6784,train
9591,group_6786,train
9592,group_6786,train
9593,group_6788,validation
9594,group_6789,validation
9595,group_6529,train
9596,group_6788,validation
9597,group_5929,train
9598,group_5925,train
9599,group_6794,train
9600,group_6783,train
9601,group_6796,train
9602,group_4729,train
9603,group_6798,test
9604,group_6799,train
9605,group_6800,train
9606,group_6076,validation
9607,group_6037,train
9608,group_6038,train
9609,group_6037,train
9610,group_6038,train
9611,group_6090,train
9612,group_6041,train
9613,group_6091,test
9614,group_6063,train
9615,group_6042,train
9616,group_6043,validation
9617,group_6078,train
9618,group_6063,train
9619,group_6063,train
9620,group_6052,validation
9621,group_6063,train
9622,group_6047,train
9623,group_6079,train
9624,group_6048,test
9627,group_6060,train
9628,group_6821,train
9630,group_6037,train
9631,group_6080,train
9632,group_6049,validation
9633,group_6092,train
9634,group_6093,train
9635,group_6092,train
9636,group_6828,test
9637,group_6081,test
9638,group_6062,test
9639,group_6063,train
9640,group_6063,train
9641,group_6052,validation
9642,group_6093,train
9643,group_6058,test
9644,group_6058,test
9645,group_6055,train
9646,group_6056,train
9647,group_6058,test
9648,group_6534,train
9649,group_6082,validation
9650,group_6083,train
9651,group_6058,test
9652,group_6184,train
9653,group_6185,train
9654,group_6186,train
9655,group_6187,train
9656,group_6084,train
9657,group_6226,train
9658,group_6226,train
9659,group_6228,train
9660,group_6229,test
9661,group_6228,train
9662,group_6228,train
9664,group_6188,test
9665,group_6085,train
9666,group_6187,train
9667,group_6086,test
9669,group_6063,train
9670,group_6860,train
9671,group_6861,test
9672,group_6862,train
9673,group_6863,train
9674,group_6864,validation
9675,group_6865,train
9676,group_6866,train
9677,group_6867,train
9678,group_6868,test
9679,group_6869,train
9680,group_6870,validation
9681,group_6871,train
9682,group_6872,train
9683,group_6873,train
9684,group_6874,train
9685,group_6875,validation
9686,group_6876,train
9687,group_6877,train
9688,group_6878,validation
9689,group_6879,train
9690,group_6880,validation
9691,group_6879,train
9692,group_6882,train
9694,group_6883,train
9695,group_6883,train
9696,group_6885,train
9697,group_6886,validation
9698,group_6886,validation
9699,group_6888,train
9700,group_6889,validation
9701,group_6890,validation
9702,group_6891,train
9703,group_6892,train
9704,group_6893,train
9705,group_6894,train
9706,group_6895,test
9707,group_6896,test
9708,group_6788,validation
9709,group_6898,train
9710,group_6788,validation
9711,group_6900,test
9712,group_6788,validation
9713,group_6902,test
9714,group_6903,train
9715,group_6888,train
9716,group_6894,train
9717,group_6906,validation
9718,group_6896,test
9719,group_6895,test
9720,group_6909,train
9722,group_6910,train
9726,group_6911,test
9729,group_6912,train
9730,group_6913,train
9732,group_6914,train
9733,group_6915,train
9738,group_6916,train
9748,group_6917,train
9752,group_6918,train
9754,group_6919,train
9755,group_6920,train
9756,group_6902,test
9757,group_6879,train
9758,group_6923,train
9759,group_6924,train
9760,group_6925,validation
9761,group_6902,test
9762,group_6927,train
9763,group_6928,validation
9764,group_6929,train
9765,group_6930,train
9766,group_6931,train
9767,group_6932,train
9768,group_6933,train
9769,group_6934,train
9770,group_6935,train
9771,group_6936,train
9772,group_6937,train
9773,group_6938,train
9774,group_6939,train
9775,group_6940,train
9776,group_6941,train
9777,group_6942,train
9778,group_6865,train
9779,group_6944,validation
9780,group_6945,validation
9781,group_6946,train
9782,group_6947,train
9783,group_6948,train
9784,group_6949,test
9785,group_6950,train
9788,group_6951,test
9789,group_6952,train
9790,group_6953,validation
9791,group_6954,train
9792,group_6955,test
9793,group_6126,validation
9794,group_6957,test
9795,group_6958,train
9796,group_6959,train
9797,group_6960,train
9798,group_6961,train
9799,group_6962,train
9800,group_6963,train
9801,group_6964,train
9802,group_6965,train
9803,group_6965,train
9804,group_6967,train
9805,group_6967,train
9806,group_6967,train
9807,group_6967,train
9808,group_6971,validation
9809,group_6971,validation
9810,group_6973,train
9812,group_6720,test
9814,group_6975,validation
9815,group_6976,test
9816,group_6977,test
9817,group_6978,train
9818,group_6979,train
9819,group_6980,validation
9820,group_6979,train
9821,group_6982,train
9822,group_6983,test
9823,group_6984,validation
9824,group_6985,train
9825,group_6980,validation
9826,group_6985,train
9827,group_6984,validation
9828,group_6985,train
9829,group_6983,test
9830,group_6991,train
9831,group_6979,train
9832,group_6993,train
9833,group_6994,test
9834,group_6983,test
9835,group_6996,train
9836,group_6982,train
9839,group_6998,train
9840,group_6999,validation
9841,group_6999,validation
9842,group_6920,train
9852,group_7002,test
9854,group_7003,train
9856,group_7004,train
9857,group_7005,train
9858,group_7006,test
9859,group_7007,validation
9860,group_7005,train
9862,group_7004,train
9863,group_7010,train
9864,group_7011,train
9865,group_7012,validation
9866,group_7007,validation
9867,group_7014,train
9868,group_7015,train
9869,group_7010,train
9870,group_7017,validation
9871,group_7018,train
9874,group_7019,train
9875,group_7020,train
9876,group_7020,train
9877,group_7022,train
9878,group_7023,train
9879,group_7023,train
9880,group_7025,test
9881,group_7025,test
9882,group_7027,train
9883,group_7027,train
9884,group_7029,train
9885,group_7030,validation
9892,group_7031,train
9894,group_7032,train
9900,group_7033,train
9901,group_7034,test
9902,group_7035,train
9903,group_7036,train
9904,group_7037,train
9906,group_7038,train
9907,group_7039,train
9908,group_7040,test
9909,group_7041,validation
9910,group_7042,train
9911,group_7043,train
9912,group_7044,test
9913,group_7045,train
9914,group_7046,train
9915,group_7047,train
9916,group_7048,train
9917,group_7049,validation
9918,group_7050,train
9919,group_7051,train
9920,group_7052,train
9921,group_7053,test
9922,group_7054,test
9923,group_7055,train
9924,group_7056,validation
9925,group_7057,train
9926,group_7058,train
9927,group_7059,test
9929,group_7060,test
9931,group_3412,validation
9932,group_7062,test
9933,group_7063,train
9934,group_422,train
9935,group_7065,train
9937,group_7066,train
9938,group_7067,train
9940,group_7068,train
9941,group_7069,train
9942,group_7070,train
9943,group_7071,train
9944,group_7072,train
9945,group_7073,validation
9946,group_7074,train
9947,group_7075,train
9948,group_7076,train
9949,group_7077,validation
9950,group_7078,train
9951,group_7079,test
9952,group_7080,validation
9953,group_7081,train
9954,group_6735,validation
9955,group_7083,validation
9956,group_7084,train
9957,group_7085,train
9958,group_7086,train
9959,group_7087,train
9960,group_7088,train
9961,group_7089,train
9962,group_7090,train
9963,group_7091,train
9964,group_7092,test
9965,group_7093,train
9966,group_7094,train
9967,group_7095,train
9968,group_7096,train
9969,group_7097,train
9970,group_7098,train
9971,group_7099,train
9972,group_7100,validation
9973,group_7101,train
9974,group_7102,train
9975,group_6742,train
9976,group_7104,train
9977,group_7105,train
9978,group_7106,validation
9980,group_7107,validation
9981,group_7108,train
9982,group_7109,train
9983,group_7110,train
9984,group_7111,train
9985,group_7112,test
9986,group_7113,train
9987,group_7114,validation
9988,group_7115,validation
9989,group_7116,train
9990,group_6735,validation
9991,group_7118,validation
9992,group_7119,train
9993,group_7120,train
9994,group_7121,train
9995,group_7122,train
9996,group_7123,train
9997,group_7124,train
9998,group_7125,train
9999,group_7126,train
10000,group_7127,validation
10001,group_7128,test
10002,group_7129,test
10003,group_7130,train
10004,group_7131,test
10005,group_7132,train
10006,group_7133,validation
10007,group_7134,train
10008,group_7135,train
10009,group_7136,validation
10010,group_7137,test
10011,group_7138,test
10012,group_7139,train
10013,group_7140,train
10014,group_7141,test
10015,group_7142,train
10016,group_7143,train
10017,group_7144,validation
10018,group_7145,train
10019,group_7146,train
10020,group_7147,test
10021,group_7148,train
10022,group_7083,validation
10023,group_7150,validation
10024,group_7151,train
10025,group_7152,train
10026,group_7153,train
10027,group_7154,train
10028,group_7155,train
10029,group_7156,train
10030,group_7157,train
10031,group_7158,validation
10032,group_7159,train
10033,group_7160,train
10034,group_7161,test
10035,group_7162,train
10037,group_7163,train
10039,group_7164,train
10040,group_6735,validation
10041,group_7166,train
10042,group_7167,train
10043,group_7168,train
10044,group_7169,train
10045,group_7170,train
10046,group_7171,train
10047,group_7172,train
10048,group_7173,train
10049,group_7174,train
10050,group_7175,train
10051,group_7176,validation
10052,group_7177,train
10053,group_7178,train
10054,group_7179,train
10056,group_7180,train
10057,group_7181,train
10058,group_7182,test
10059,group_7183,validation
10060,group_7184,validation
10061,group_7185,train
10062,group_7186,train
10063,group_7187,train
10064,group_7188,train
10065,group_7189,validation
10066,group_7190,train
10067,group_7191,train
10068,group_7192,train
10069,group_7182,test
10070,group_7194,validation
10071,group_7195,train
10072,group_7196,train
10073,group_7197,test
10074,group_7198,train
10075,group_7199,validation
10076,group_7200,train
10078,group_7201,train
10079,group_7202,train
10080,group_7203,test
10081,group_7204,train
10082,group_7205,train
10083,group_7206,test
10088,group_7207,test
10089,group_7208,train
10092,group_7207,test
10093,group_7210,train
10095,group_7211,train
10096,group_7212,train
10097,group_7213,validation
10098,group_7214,validation
10099,group_7215,test
10101,group_7216,train
10102,group_7217,validation
10104,group_7218,test
10105,group_7219,train
10106,group_7220,train
10107,group_7221,train
10108,group_7222,train
10109,group_7223,test
10110,group_7224,test
10111,group_7225,train
10112,group_7226,test
10113,group_7227,validation
10114,group_7228,test
10115,group_7229,train
10117,group_7230,train
10122,group_7227,validation
10125,group_7226,test
10126,group_7233,train
10127,group_7234,validation
10128,group_7235,train
10129,group_7236,train
10130,group_7237,validation
10131,group_7238,train
10133,group_7239,validation
10134,group_7240,train
10135,group_7241,test
10136,group_7242,train
10137,group_7243,train
10138,group_7244,test
10139,group_7245,train
10140,group_7246,validation
10141,group_7247,train
10142,group_7248,train
10143,group_7249,train
10144,group_7250,validation
10145,group_7251,train
10146,group_7252,train
10147,group_7253,test
10148,group_7254,train
10149,group_7255,train
10150,group_7256,train
10151,group_7257,train
10152,group_7258,test
10153,group_7259,train
10154,group_7260,train
10155,group_7261,train
10156,group_7254,train
10157,group_7263,train
10158,group_7264,train
10159,group_7265,train
10160,group_7266,train
10161,group_7267,train
10162,group_7266,train
10164,group_7269,train
10166,group_7270,train
10167,group_7271,train
10168,group_7272,train
10169,group_7273,train
10170,group_7274,train
10171,group_7275,validation
10172,group_7276,validation
10173,group_7277,train
10174,group_7278,test
10175,group_7279,train
10176,group_7280,train
10177,group_7281,train
10178,group_7282,train
10179,group_7283,train
10180,group_7284,train
10181,group_7285,test
10182,group_7286,validation
10183,group_7287,train
10184,group_7288,train
10185,group_7288,train
10186,group_7290,train
10187,group_7290,train
10188,group_7292,train
10189,group_7292,train
10190,group_7294,train
10192,group_7295,train
10193,group_7296,train
10194,group_7297,train
10195,group_7298,train
10196,group_7299,train
10197,group_7300,train
10198,group_7301,train
10199,group_7302,test
10200,group_7303,validation
10202,group_7304,train
10203,group_7305,test
10204,group_7306,validation
10205,group_7307,train
10207,group_7308,train
10208,group_7309,train
10209,group_7310,train
10210,group_7311,train
10211,group_7312,train
10213,group_7313,train
10214,group_7307,train
10215,group_7315,train
10216,group_7316,validation
10217,group_7317,validation
10219,group_7318,train
10220,group_7319,train
10221,group_7320,train
10222,group_7321,train
10223,group_7322,train
10224,group_7323,train
10225,group_7324,train
10226,group_7325,train
10227,group_7326,validation
10228,group_7327,train
10229,group_7328,train
10230,group_7329,train
10231,group_7330,train
10235,group_7331,train
10236,group_7332,test
10237,group_7333,validation
10238,group_7334,train
10239,group_7335,validation
10240,group_7336,test
10241,group_7337,test
10242,group_7338,train
10243,group_7339,train
10244,group_7303,validation
10245,group_7341,train
10246,group_7342,train
10247,group_7342,train
10248,group_7344,train
10249,group_7345,train
10250,group_7345,train
10252,group_7347,train
10253,group_7348,train
10254,group_7349,train
10255,group_7350,train
10256,group_7351,test
10257,group_7352,train
10258,group_7353,train
10259,group_7354,train
10260,group_7355,train
10261,group_7356,test
10262,group_7357,train
10263,group_7358,train
10264,group_7359,train
10265,group_7360,train
10266,group_7361,train
10267,group_7362,train
10268,group_7363,train
10269,group_7364,train
10270,group_7365,train
10271,group_7366,validation
10272,group_7367,train
10273,group_7368,test
10274,group_7369,validation
10275,group_7370,train
10276,group_7371,validation
10277,group_7372,test
10278,group_7373,train
10279,group_7374,train
10280,group_7375,train
10281,group_7376,train
10282,group_7377,train
10283,group_7378,train
10284,group_7379,train
10285,group_7380,train
10286,group_7381,train
10287,group_7382,train
10288,group_7383,validation
10289,group_7384,validation
10290,group_7385,test
10292,group_7386,train
10293,group_7387,validation
10294,group_7388,train
10295,group_7389,train
10296,group_7390,validation
10297,group_7391,train
10298,group_7392,train
10299,group_7393,train
10300,group_7394,train
10301,group_7395,train
10302,group_7396,train
10303,group_7397,train
10304,group_7398,train
10305,group_7399,train
10306,group_7400,train
10307,group_7401,test
10308,group_7402,train
10309,group_7403,train
10312,group_7404,train
10313,group_7405,validation
10314,group_7406,validation
10315,group_7407,train
10316,group_7408,train
10317,group_7409,train
10318,group_7410,validation
10319,group_7411,train
10320,group_7412,test
10321,group_7413,train
10322,group_7414,train
10323,group_7415,train
10324,group_7416,train
10325,group_7417,validation
10326,group_7418,train
10327,group_7419,test
10328,group_7420,train
10329,group_7421,train
10330,group_7422,test
10331,group_7423,train
10332,group_7424,train
10333,group_7425,train
10334,group_7426,train
10335,group_7427,train
10336,group_7428,train
10338,group_7429,train
10339,group_7430,train
10340,group_7431,test
10341,group_7432,test
10342,group_7433,test
10343,group_7434,train
10344,group_7435,train
10345,group_7436,train
10346,group_7437,train
10347,group_7438,validation
10348,group_7439,test
10350,group_7440,validation
10351,group_7441,train
10352,group_7442,validation
10354,group_7443,train
10355,group_7444,validation
10356,group_7445,validation
10357,group_7446,train
10358,group_7447,train
10359,group_7448,train
10360,group_7449,test
10361,group_7450,validation
10362,group_7451,train
10363,group_7452,validation
10364,group_7453,test
10365,group_7454,train
10366,group_7455,validation
10367,group_7456,train
10369,group_7457,test
10370,group_7458,train
10371,group_7459,train
10372,group_7460,train
10373,group_7461,train
10374,group_7462,train
10376,group_7463,train
10377,group_7448,train
10378,group_7465,train
10379,group_7466,validation
10380,group_7467,train
10381,group_7445,validation
10382,group_7469,train
10383,group_7470,validation
10384,group_7471,validation
10385,group_7472,train
10386,group_7473,train
10387,group_7474,train
10388,group_7475,train
10389,group_7476,train
10390,group_7477,validation
10391,group_7478,train
10392,group_7479,test
10393,group_7480,train
10394,group_7481,train
10395,group_7482,train
10396,group_7483,train
10397,group_7484,test
10398,group_7485,train
10399,group_7486,train
10400,group_7487,train
10401,group_7488,train
10402,group_7489,validation
10403,group_7490,train
10404,group_7491,train
10405,group_7492,test
10406,group_7493,train
10407,group_7494,train
10408,group_7495,train
10409,group_7496,test
10410,group_7497,train
10411,group_7498,train
10412,group_7499,train
10413,group_7499,train
10414,group_7501,validation
10415,group_7502,train
10418,group_7495,train
10421,group_7445,validation
10423,group_7505,train
10424,group_7506,test
10425,group_7507,train
10426,group_7508,validation
10427,group_7509,train
10428,group_7495,train
10429,group_7511,test
10430,group_7512,train
10431,group_7513,validation
10432,group_7512,train
10433,group_7515,validation
10434,group_7512,train
10435,group_7517,train
10436,group_7518,train
10437,group_7519,train
10438,group_7520,validation
10439,group_7521,test
10440,group_7522,train
10441,group_7523,validation
10442,group_7524,train
10443,group_7525,test
10444,group_7526,train
10445,group_7520,validation
10446,group_7528,train
10447,group_7529,train
10448,group_7530,train
10449,group_7531,test
10450,group_7525,test
10451,group_7525,test
10452,group_7534,test
10453,group_7535,train
10454,group_7535,train
10455,group_7537,train
10456,group_7530,train
10457,group_7518,train
10458,group_7540,train
10459,group_7541,validation
10460,group_7542,train
10461,group_7543,train
10462,group_7543,train
10463,group_7530,train
10464,group_7546,validation
10465,group_7547,test
10466,group_7530,train
10467,group_7525,test
10468,group_7525,test
10469,group_7529,train
10470,group_7552,train
10471,group_7553,test
10472,group_7554,train
10473,group_7555,train
10474,group_7515,validation
10475,group_7557,validation
10476,group_7558,train
10477,group_7512,train
10478,group_7560,train
10479,group_7561,test
10480,group_7562,test
10481,group_7512,train
10482,group_7512,train
10483,group_7565,train
10484,group_7523,validation
10485,group_7520,validation
10486,group_7531,test
10487,group_7520,validation
10488,group_7570,validation
10489,group_7520,validation
10490,group_7572,train
10491,group_7573,validation
10492,group_7574,train
10493,group_7575,validation
10494,group_7576,validation
10495,group_7577,train
10496,group_7578,train
10497,group_7579,train
10498,group_7580,validation
10499,group_7581,test
10500,group_7582,train
10501,group_7583,train
10502,group_7584,test
10503,group_7579,train
10504,group_7579,train
10505,group_7587,train
10506,group_7588,validation
10507,group_7589,train
10508,group_7590,test
10509,group_7579,train
10510,group_7592,train
10511,group_7593,train
10512,group_7594,validation
10513,group_7595,validation
10514,group_7596,train
10517,group_7597,train
10533,group_7598,train
10563,group_7599,train
10564,group_7600,validation
10565,group_7601,train
10566,group_7602,train
10567,group_7603,train
10568,group_7604,validation
10569,group_7605,validation
10570,group_7606,train
10571,group_7607,train
10572,group_7608,train
10573,group_7609,train
10574,group_7610,train
10575,group_7611,validation
10576,group_7612,train
10577,group_7613,train
10578,group_7614,train
10579,group_7183,validation
10580,group_7616,train
10581,group_7617,train
10582,group_7618,validation
10583,group_7619,train
10584,group_7620,train
10585,group_7621,test
10587,group_7622,train
10588,group_7623,train
10593,group_7624,train
10594,group_7625,train
10595,group_7626,test
10596,group_7627,train
10597,group_7628,validation
10598,group_7629,train
10599,group_7630,train
10601,group_7631,validation
10602,group_7632,validation
10603,group_7633,test
10604,group_7634,validation
10605,group_7635,test
10606,group_7636,train
10607,group_7637,train
10608,group_7638,validation
10609,group_7639,train
10610,group_7540,train
10611,group_7641,train
10612,group_7560,train
10613,group_7643,test
10615,group_7644,train
10616,group_7645,train
10618,group_7646,test
10619,group_7647,train
10620,group_7648,train
10621,group_7649,train
10622,group_7650,train
10623,group_7645,train
10624,group_7652,train
10626,group_7653,train
10627,group_7654,validation
10628,group_7655,test
10629,group_7656,validation
10630,group_7657,train
10631,group_7658,train
10632,group_7659,validation
10633,group_7660,train
10634,group_7661,train
10635,group_7662,train
10636,group_7663,test
10637,group_7664,train
10638,group_7660,train
10639,group_7666,train
10640,group_7667,train
10641,group_7668,test
10642,group_7668,test
10643,group_7670,train
10644,group_7670,train
10645,group_7672,train
10646,group_7672,train
10647,group_7674,train
10649,group_7675,train
10650,group_7676,train
10652,group_7677,train
10654,group_7677,train
10655,group_7677,train
10656,group_7680,validation
10658,group_7681,train
10660,group_7682,train
10661,group_7683,test
10662,group_7684,train
10664,group_7685,train
10665,group_7686,train
10669,group_7687,train
10670,group_7688,train
10671,group_7689,train
10672,group_7690,train
10673,group_7691,train
10674,group_7692,train
10675,group_7693,train
10676,group_7694,train
10677,group_7695,train
10678,group_7696,train
10680,group_7697,train
10681,group_7499,train
10682,group_7699,test
10683,group_7700,train
10684,group_7700,train
10685,group_7702,train
10689,group_7703,validation
10690,group_7704,train
10691,group_7705,train
10692,group_7706,train
10693,group_7707,train
10694,group_7708,validation
10698,group_7709,test
10699,group_7710,train
10700,group_7711,train
10701,group_7712,train
10702,group_7713,train
10704,group_7714,train
10705,group_7715,train
10706,group_7716,train
10707,group_7717,train
10708,group_7718,test
10709,group_7719,validation
10710,group_7720,train
10711,group_7721,test
10712,group_7722,train
10713,group_7723,train
10714,group_7724,test
10715,group_7725,train
10716,group_7726,test
10717,group_7727,train
10718,group_7728,train
10719,group_7729,train
10720,group_7730,test
10721,group_7731,train
10722,group_7732,train
10723,group_7733,validation
10724,group_7734,train
10725,group_7735,train
10726,group_7736,validation
10727,group_7737,train
10728,group_7738,train
10729,group_7739,test
10730,group_7740,train
10731,group_7741,validation
10732,group_7742,train
10733,group_7743,validation
10734,group_7744,train
10735,group_7745,train
10736,group_7746,test
10737,group_7747,train
10738,group_7748,train
10739,group_7749,train
10740,group_7750,test
10741,group_7751,train
10742,group_7752,validation
10743,group_7753,train
10744,group_7754,train
10746,group_7755,train
10747,group_7756,train
10748,group_7757,train
10749,group_7758,test
10750,group_7759,train
10751,group_7760,train
10752,group_7761,train
10753,group_7757,train
10754,group_7763,train
10755,group_7764,train
10756,group_7765,test
10757,group_7766,validation
10758,group_7767,test
10759,group_7768,train
10760,group_7769,train
10761,group_7769,train
10762,group_7771,validation
10763,group_7772,test
10764,group_7773,train
10765,group_7757,train
10766,group_7771,validation
10767,group_7776,train
10768,group_7777,test
10769,group_7776,train
10770,group_7779,train
10771,group_7779,train
10772,group_7781,train
10773,group_5658,train
10774,group_4648,validation
10775,group_4648,validation
10776,group_7785,test
10777,group_7786,train
10778,group_7787,validation
10783,group_7788,validation
10784,group_7789,train
10785,group_7790,test
10786,group_7789,train
10787,group_7792,train
10788,group_7793,train
10789,group_7794,train
10790,group_7795,validation
10791,group_7796,test
10792,group_7797,test
10793,group_7797,test
10794,group_7799,train
10795,group_7799,train
10796,group_7801,train
10797,group_7802,train
10799,group_7803,test
10800,group_7804,train
10801,group_7805,train
10802,group_7806,train
10803,group_7807,validation
10804,group_7808,train
10805,group_7809,train
10806,group_7810,test
10807,group_7811,train
10809,group_7812,train
10810,group_7813,train
10811,group_7814,test
10812,group_7815,validation
10813,group_7816,train
10814,group_7817,train
10815,group_7818,train
10816,group_7819,train
10817,group_7820,train
10818,group_7821,train
10819,group_7822,test
10820,group_7823,train
10821,group_7824,train
10822,group_7825,train
10823,group_7826,test
10824,group_7827,train
10825,group_7828,train
10826,group_7827,train
10827,group_7830,validation
10828,group_7825,train
10829,group_7832,train
10830,group_7827,train
10831,group_7834,train
10832,group_7835,validation
10833,group_7836,validation
10834,group_7826,test
10835,group_7838,train
10836,group_7839,validation
10837,group_7840,test
10839,group_7841,train
10840,group_7828,train
10842,group_7843,train
10843,group_7844,test
10844,group_7845,validation
10845,group_7846,train
10846,group_7847,test
10848,group_7848,validation
10849,group_7849,train
10850,group_7850,train
10851,group_7851,test
10852,group_7852,test
10853,group_7832,train
10854,group_7828,train
10855,group_7827,train
10856,group_7838,train
10857,group_7857,test
10858,group_7858,train
10859,group_7859,train
10861,group_7860,validation
10862,group_7861,train
10863,group_7862,test
10864,group_7863,train
10865,group_7864,train
10866,group_7865,train
10867,group_7866,test
10869,group_7867,train
10870,group_7868,validation
10871,group_7869,train
10872,group_7870,train
10873,group_7871,train
10874,group_7872,train
10875,group_7873,train
10876,group_7873,train
10877,group_7825,train
10878,group_7876,train
10879,group_7844,test
10880,group_7878,train
10882,group_7879,train
10883,group_7880,train
10884,group_7881,train
10885,group_7882,test
10886,group_7883,train
10987,group_7884,train
10988,group_7885,train
10989,group_7886,train
10990,group_7887,validation
10991,group_7888,train
10992,group_7889,test
10993,group_7890,train
10994,group_7891,train
10995,group_7892,train
10996,group_7893,validation
10997,group_7894,train
10998,group_7895,train
10999,group_7896,train
11000,group_7897,validation
11001,group_7898,train
11002,group_7899,train
11003,group_7900,train
11004,group_7901,test
11005,group_7902,validation
11006,group_7903,train
11007,group_7904,train
11008,group_7905,train
11009,group_7906,validation
11010,group_7907,validation
11011,group_7908,validation
11012,group_7909,train
11013,group_7909,train
11014,group_7911,train
11015,group_7912,train
11016,group_7913,validation
11017,group_7914,validation
11018,group_7915,validation
11019,group_7916,train
11020,group_7917,train
11021,group_7918,train
11022,group_7919,train
11023,group_7920,train
11024,group_7921,train
11025,group_7922,validation
11026,group_7923,train
11027,group_7924,validation
11028,group_7925,train
11029,group_7926,test
11030,group_7927,train
11031,group_7928,train
11032,group_7927,train
11033,group_7930,train
11034,group_7930,train
11035,group_7932,train
11036,group_7933,train
11037,group_7934,train
11038,group_7935,train
11039,group_7936,train
11040,group_30454,train
11041,group_30454,train
11042,group_30454,train
11043,group_7940,train
11044,group_7940,train
11045,group_7940,train
11046,group_7940,train
11047,group_5927,validation
11048,group_5927,validation
11049,group_5927,validation
11050,group_5927,validation
11051,group_7940,train
11052,group_7940,train
11053,group_4736,train
11054,group_4736,train
11055,group_4736,train
11056,group_4736,train
11057,group_30454,train
11058,group_30454,train
11059,group_7956,train
11062,group_7957,train
11063,group_7958,train
11064,group_7958,train
11067,group_7960,test
11069,group_7961,train
11070,group_7961,train
11071,group_7961,train
11072,group_7961,train
11073,group_7965,train
11074,group_7966,train
11075,group_7966,train
11076,group_7965,train
11077,group_7969,test
11078,group_7970,train
11079,group_4719,train
11080,group_4719,train
11081,group_5927,validation
11082,group_5927,validation
11083,group_4736,train
11084,group_4736,train
11085,group_4719,train
11086,group_4719,train
11087,group_4719,train
11088,group_4719,train
11089,group_4736,train
11090,group_4736,train
11091,group_5927,validation
11092,group_5927,validation
11093,group_7985,train
11094,group_7986,train
11095,group_7987,train
11096,group_7988,train
11097,group_7989,test
11098,group_7990,train
11099,group_7991,train
11100,group_6037,train
11101,group_6037,train
11102,group_7994,train
11103,group_7994,train
11104,group_7996,train
11105,group_7996,train
11106,group_7994,train
11107,group_7994,train
11108,group_7996,train
11109,group_7996,train
11110,group_8002,validation
11111,group_8002,validation
11112,group_8002,validation
11113,group_8002,validation
11114,group_8006,test
11115,group_8006,test
11116,group_8008,test
11117,group_8008,test
11118,group_8010,train
11119,group_8010,train
11121,group_8012,train
11123,group_8013,validation
11124,group_8014,train
11125,group_8015,train
11126,group_8016,validation
11128,group_8017,train
11129,group_8018,test
11130,group_8019,train
11131,group_8020,train
11132,group_8021,train
11133,group_8022,train
11134,group_8023,validation
11135,group_8024,train
11136,group_8025,train
11138,group_8026,train
11139,group_8027,train
11140,group_8028,train
11141,group_8029,train
11142,group_8030,train
11143,group_8031,test
11144,group_8031,test
11145,group_6185,train
11146,group_6185,train
11147,group_8035,test
11148,group_8035,test
11150,group_8037,train
11151,group_8038,train
11152,group_8039,train
11153,group_8040,validation
11154,group_8041,train
11155,group_8042,validation
11156,group_8043,train
11157,group_8044,train
11158,group_8045,train
11159,group_8046,train
11160,group_8038,train
11161,group_8048,train
11162,group_8048,train
11163,group_8050,train
11164,group_8050,train
11165,group_7958,train
11166,group_7958,train
11167,group_8054,train
11168,group_8054,train
11169,group_8056,train
11170,group_8057,train
11171,group_7970,train
11172,group_8059,test
11173,group_8059,test
11174,group_8056,train
11175,group_8062,train
11176,group_7970,train
11178,group_8064,validation
11179,group_8065,train
11180,group_8066,validation
11188,group_8067,test
11191,group_8068,train
11192,group_8069,train
11193,group_8070,test
11196,group_7332,test
11198,group_8072,train
11199,group_8073,train
11200,group_8074,validation
11202,group_8075,train
11203,group_8076,train
11204,group_8077,train
11205,group_8075,train
11207,group_8079,train
11208,group_8080,train
11209,group_8081,train
11210,group_8082,train
11211,group_8083,train
11212,group_8084,train
11213,group_8085,validation
11214,group_8086,train
11215,group_8087,test
11216,group_8088,train
11217,group_8089,train
11218,group_8090,train
11220,group_8091,train
11221,group_8092,train
11222,group_8093,train
11223,group_8094,train
11225,group_8095,train
11226,group_8096,train
11228,group_8097,train
11229,group_8098,train
11230,group_8099,train
11231,group_8100,train
11233,group_8101,test
11234,group_8102,train
11235,group_8103,train
11236,group_8104,train
11237,group_8105,validation
11239,group_8101,test
11240,group_8104,train
11241,group_8108,train
11242,group_8109,train
11243,group_8110,train
11244,group_8110,train
11245,group_8112,train
11246,group_8113,train
11247,group_8114,train
11248,group_8115,train
11250,group_8116,train
11253,group_8117,train
11254,group_8118,validation
11255,group_8119,train
11256,group_8120,train
11257,group_8121,test
11258,group_8122,train
11259,group_8123,validation
11260,group_8124,train
11261,group_8125,train
11262,group_8126,test
11263,group_8127,train
11264,group_8128,train
11265,group_6238,train
11266,group_8130,train
11267,group_8131,test
11268,group_8132,train
11269,group_8133,train
11270,group_8134,train
11272,group_8135,train
11273,group_8136,train
11274,group_8137,train
11275,group_8137,train
11276,group_8139,test
11277,group_8140,train
11278,group_8141,train
11279,group_8142,train
11280,group_8143,train
11281,group_8142,train
11282,group_8142,train
11283,group_8142,train
11284,group_8142,train
11285,group_8142,train
11286,group_8149,train
11287,group_8142,train
11288,group_8142,train
11289,group_8142,train
11290,group_8153,train
11291,group_8154,validation
11292,group_8154,validation
11293,group_8142,train
11294,group_8157,train
11295,group_8142,train
11296,group_8159,validation
11297,group_8159,validation
11298,group_8157,train
11301,group_8162,train
11302,group_8163,train
11303,group_8164,train
11304,group_8162,train
11305,group_8162,train
11306,group_8164,train
11307,group_8163,train
11308,group_8169,train
11309,group_8157,train
11310,group_8143,train
11311,group_8142,train
11312,group_8173,train
11315,group_8174,train
11316,group_8175,train
11317,group_8176,train
11318,group_8177,test
11319,group_8178,train
11320,group_8179,validation
11323,group_8180,train
11324,group_8181,train
11327,group_8180,train
11328,group_8180,train
11329,group_8184,validation
11330,group_8180,train
11331,group_8180,train
11332,group_8180,train
11334,group_8188,train
11335,group_8180,train
11336,group_8180,train
11338,group_7495,train
11339,group_8192,train
11340,group_8192,train
11341,group_8194,train
11342,group_8195,train
11343,group_8192,train
11344,group_8192,train
11345,group_8198,train
11346,group_8199,test
11347,group_8199,test
11348,group_8201,validation
11349,group_8192,train
11350,group_8203,test
11351,group_8204,validation
11353,group_8205,test
11354,group_8206,train
11355,group_8207,train
11356,group_8208,train
11357,group_8209,validation
11358,group_8210,train
11359,group_8211,train
11360,group_8212,train
11361,group_8213,train
11362,group_8214,train
11363,group_8215,train
11364,group_8216,train
11365,group_8207,train
11366,group_8218,train
11367,group_8210,train
11368,group_8220,test
11369,group_8221,train
11370,group_8222,test
11371,group_8223,train
11372,group_8224,train
11373,group_8221,train
11374,group_8226,train
11375,group_8227,validation
11376,group_8228,validation
11377,group_8229,train
11378,group_8230,train
11379,group_8231,validation
11380,group_8207,train
11381,group_8233,validation
11382,group_8211,train
11383,group_8207,train
11384,group_8236,test
11385,group_8209,validation
11386,group_8238,train
11387,group_8239,train
11388,group_8240,test
11389,group_8241,validation
11391,group_8242,train
11393,group_8243,test
11395,group_8244,test
11396,group_8245,train
11397,group_8246,train
11398,group_8247,validation
11399,group_8248,train
11401,group_8239,train
11402,group_8250,validation
11403,group_8226,train
11404,group_7467,train
11405,group_8253,train
11406,group_8254,train
11407,group_8255,train
11408,group_8256,validation
11409,group_8244,test
11410,group_8258,train
11411,group_8259,validation
11413,group_8259,validation
11414,group_8261,train
11415,group_8262,train
11416,group_8263,train
11417,group_8264,train
11418,group_8265,validation
11420,group_8264,train
11421,group_8267,test
11422,group_8268,train
11423,group_8269,train
11424,group_8270,train
11425,group_8271,train
11426,group_8270,train
11427,group_8210,train
11428,group_8274,train
11429,group_8275,train
11430,group_8276,train
11431,group_8277,train
11432,group_8278,train
11433,group_8279,train
11434,group_8228,validation
11435,group_8212,train
11436,group_8282,train
11437,group_8210,train
11438,group_8284,train
11439,group_8285,train
11440,group_8286,validation
11441,group_8287,train
11442,group_8210,train
11443,group_8221,train
11444,group_8290,train
11445,group_8291,test
11446,group_8292,train
11447,group_8293,train
11448,group_8221,train
11449,group_8295,train
11450,group_8296,train
11451,group_8297,train
11454,group_8298,train
11455,group_8299,train
11456,group_8300,validation
11457,group_8265,validation
11459,group_8302,validation
11461,group_8303,train
11462,group_8243,test
11463,group_8305,train
11464,group_8264,train
11465,group_8307,test
11466,group_8308,test
11467,group_8309,train
11468,group_8310,train
11469,group_8311,test
11471,group_8312,train
11472,group_8313,test
11473,group_8230,train
11475,group_8315,train
11478,group_8316,train
11479,group_8210,train
11480,group_8318,validation
11481,group_8319,train
11482,group_8224,train
11483,group_8321,train
11484,group_8322,train
11485,group_8323,train
11486,group_8324,train
11487,group_8325,train
11488,group_8326,train
11489,group_8327,train
11490,group_8328,train
11491,group_8329,validation
11492,group_8330,validation
11493,group_8331,train
11495,group_8332,train
11496,group_8333,test
11497,group_8334,train
11498,group_8335,validation
11499,group_8336,train
11500,group_8337,train
11502,group_8338,train
11503,group_8336,train
11504,group_1092,train
11505,group_8341,validation
11506,group_8342,test
11507,group_8343,test
11508,group_8337,train
11509,group_8345,train
11510,group_8346,train
11511,group_8347,train
11512,group_8330,validation
11513,group_8336,train
11514,group_8337,train
11515,group_8337,train
11516,group_8337,train
11517,group_8353,train
11518,group_8354,train
11519,group_8355,train
11520,group_8356,train
11521,group_8357,train
11522,group_8358,test
11523,group_8311,test
11524,group_8360,train
11525,group_8361,train
11526,group_8207,train
11527,group_8363,validation
11529,group_8364,train
11530,group_8365,train
11531,group_8300,validation
11532,group_8207,train
11533,group_8368,test
11534,group_8369,test
11535,group_8370,test
11536,group_8371,train
11537,group_8372,train
11538,group_8370,test
11539,group_8370,test
11540,group_8369,test
11541,group_8372,train
11542,group_8377,train
11543,group_8378,train
11544,group_8379,train
11545,group_8379,train
11546,group_8381,train
11547,group_8379,train
11548,group_8383,validation
11549,group_8381,train
11550,group_8372,train
11551,group_8372,train
11552,group_8370,test
11553,group_8388,train
11554,group_8389,train
11555,group_8371,train
11556,group_8391,train
11557,group_8370,test
11558,group_8372,train
11559,group_8370,test
11560,group_8395,validation
11561,group_8371,train
11562,group_8369,test
11563,group_8395,validation
11564,group_8369,test
11565,group_8379,train
11566,group_8370,test
11567,group_8369,test
11568,group_8371,train
11569,group_8369,test
11570,group_8369,test
11571,group_8369,test
11572,group_8370,test
11573,group_8379,train
11574,group_8381,train
11575,group_8370,test
11576,group_8391,train
11577,group_8395,validation
11578,group_8372,train
11579,group_8379,train
11580,group_8370,test
11581,group_8416,test
11582,group_8417,train
11583,group_8370,test
11584,group_8419,train
11585,group_8417,train
11586,group_8377,train
11587,group_8417,train
11588,group_8423,train
11589,group_8424,validation
11590,group_8369,test
11591,group_8372,train
11592,group_8370,test
11593,group_8428,train
11594,group_8370,test
11595,group_8369,test
11596,group_8431,train
11597,group_8395,validation
11598,group_8372,train
11599,group_8379,train
11600,group_8381,train
11601,group_8436,train
11602,group_8378,train
11603,group_8378,train
11604,group_8439,train
11605,group_8440,train
11606,group_8378,train
11607,group_8378,train
11608,group_8443,train
11609,group_8444,test
11610,group_8445,train
11611,group_8446,train
11612,group_8447,train
11613,group_8448,train
11614,group_8443,train
11615,group_8450,train
11616,group_8450,train
11617,group_8452,train
11618,group_8453,train
11619,group_8454,test
11620,group_8455,validation
11621,group_8443,train
11622,group_8457,test
11623,group_8458,train
11624,group_8381,train
11625,group_8388,train
11626,group_8369,test
11627,group_8462,train
11628,group_8369,test
11629,group_8464,train
11630,group_8369,test
11632,group_8466,validation
11634,group_8467,validation
11635,group_8468,test
11636,group_8469,train
11637,group_8470,validation
11638,group_8471,train
11639,group_8472,train
11640,group_8473,train
11641,group_8474,test
11642,group_8475,train
11643,group_8476,train
11644,group_8477,train
11645,group_8478,train
11646,group_8479,train
11647,group_8480,train
11648,group_8481,test
11649,group_8482,train
11650,group_8483,train
11651,group_8484,train
11652,group_8485,train
11653,group_8486,train
11654,group_8487,train
11656,group_8488,train
11657,group_8489,validation
11658,group_8490,test
11659,group_8487,train
11662,group_8492,train
11664,group_8493,train
11665,group_8494,train
11668,group_8495,train
11671,group_8496,test
11672,group_8497,train
11673,group_8498,train
11674,group_8499,train
11675,group_8496,test
11676,group_8501,train
11677,group_8501,train
11678,group_8497,train
11679,group_8504,validation
11680,group_8496,test
11681,group_8496,test
11682,group_8501,train
11683,group_8504,validation
11684,group_8509,validation
11685,group_8504,validation
11686,group_8511,train
11689,group_8512,train
11690,group_8497,train
11691,group_8496,test
11692,group_8515,train
11693,group_8496,test
11694,group_8517,validation
11695,group_8518,test
11696,group_8497,train
11697,group_8501,train
11698,group_8501,train
11699,group_8522,train
11700,group_8512,train
11701,group_8524,train
11702,group_8501,train
11703,group_8526,train
11704,group_8527,train
11705,group_8501,train
11706,group_8497,train
11707,group_8518,test
11708,group_8512,train
11710,group_8532,validation
11711,group_8533,train
11712,group_8534,train
11713,group_8535,validation
11714,group_8536,train
11716,group_8501,train
11717,group_8497,train
11719,group_8497,train
11721,group_8512,train
11722,group_8496,test
11724,group_8542,train
11725,group_8543,train
11726,group_8544,train
11727,group_8545,validation
11728,group_8546,train
11730,group_8547,train
11731,group_8548,train
11732,group_8549,train
11733,group_8550,train
11734,group_8551,train
11735,group_8552,validation
11736,group_8553,validation
11737,group_8550,train
11738,group_8552,validation
11739,group_8556,test
11740,group_8557,train
11741,group_8558,train
11742,group_8559,validation
11743,group_8560,train
11744,group_8561,train
11745,group_8562,train
11746,group_8563,train
11750,group_8564,test
11753,group_8565,validation
11754,group_8566,train
11755,group_8567,train
11756,group_8568,train
11757,group_8569,train
11758,group_8568,train
11759,group_8571,train
11761,group_8572,validation
11762,group_8573,validation
11764,group_8574,train
11765,group_8544,train
11766,group_8544,train
11767,group_8548,train
11768,group_8544,train
11769,group_8548,train
11770,group_8580,train
11771,group_8581,train
11772,group_8582,train
11773,group_8543,train
11774,group_8584,train
11775,group_8544,train
11776,group_8548,train
11777,group_8587,train
11778,group_8588,train
11780,group_8548,train
11781,group_8590,test
11783,group_8548,train
11784,group_8564,test
11785,group_8564,test
11786,group_8594,train
11788,group_8595,train
11789,group_8596,validation
11790,group_8597,validation
11791,group_8598,train
11793,group_8599,train
11794,group_8600,test
11796,group_8601,train
11799,group_8602,validation
11800,group_8603,validation
11801,group_8604,train
11802,group_8605,train
11803,group_8606,train
11804,group_8607,train
11805,group_8608,train
11806,group_8609,test
11807,group_8610,train
11808,group_8609,test
11809,group_8610,train
11810,group_8601,train
11811,group_8614,train
11813,group_8596,validation
11814,group_8616,train
11815,group_8617,train
11816,group_8618,test
11817,group_8618,test
11818,group_8617,train
11819,group_8621,train
11820,group_8622,train
11821,group_8617,train
11822,group_8621,train
11823,group_8622,train
11824,group_8621,train
11825,group_8622,train
11826,group_8628,train
11827,group_8621,train
11828,group_8628,train
11829,group_8618,test
11830,group_8621,train
11831,group_8633,train
11832,group_8634,train
11833,group_8622,train
11834,group_8634,train
11835,group_8621,train
11836,group_8621,train
11837,group_8628,train
11838,group_8621,train
11839,group_8634,train
11840,group_8642,validation
11841,group_8633,train
11842,group_8642,validation
11843,group_8621,train
11844,group_8634,train
11845,group_8647,train
11846,group_8648,train
11847,group_8649,train
11848,group_8650,validation
11849,group_8651,test
11850,group_8652,validation
11851,group_8653,train
11852,group_8649,train
11853,group_8655,train
11854,group_8656,train
11855,group_8657,validation
11856,group_8658,validation
11857,group_8659,train
11858,group_8660,train
11859,group_8661,train
11860,group_8657,validation
11861,group_8663,train
11862,group_8664,train
11863,group_8661,train
11864,group_8657,validation
11865,group_8667,test
11866,group_8658,validation
11867,group_8669,test
11868,group_8670,train
11869,group_8671,train
11870,group_8672,test
11871,group_8671,train
11872,group_8671,train
11873,group_8671,train
11874,group_8670,train
11875,group_8677,train
11876,group_8670,train
11877,group_8677,train
11878,group_8671,train
11879,group_8671,train
11880,group_8671,train
11881,group_8672,test
11882,group_8671,train
11883,group_8671,train
11884,group_8686,train
11885,group_8687,train
11886,group_8671,train
11887,group_8671,train
11888,group_8690,train
11889,group_8691,train
11890,group_8671,train
11891,group_8691,train
11892,group_8671,train
11893,group_8670,train
11894,group_8696,test
11895,group_8671,train
11896,group_8671,train
11897,group_8672,test
11898,group_8671,train
11899,group_8701,train
11900,group_8671,train
11901,group_8701,train
11902,group_8671,train
11903,group_8705,test
11904,group_8671,train
11905,group_8670,train
11906,group_8677,train
11907,group_8670,train
11908,group_8677,train
11909,group_8671,train
11910,group_8671,train
11911,group_8670,train
11912,group_8714,train
11913,group_8670,train
11914,group_8670,train
11915,group_8677,train
11916,group_8670,train
11917,group_8677,train
11918,group_8670,train
11919,group_8677,train
11920,group_8722,train
11921,group_8723,train
11922,group_8671,train
11923,group_8672,test
11924,group_8686,train
11925,group_8727,train
11926,group_8728,validation
11927,group_8729,train
11928,group_8729,train
11929,group_8731,test
11930,group_8732,validation
11931,group_8732,validation
11932,group_8727,train
11933,group_8735,train
11934,group_8736,validation
11935,group_8737,validation
11936,group_8736,validation
11937,group_8739,train
11938,group_8736,validation
11939,group_8739,train
11940,group_8736,validation
11941,group_8743,test
11942,group_8736,validation
11943,group_8745,train
11944,group_8746,train
11945,group_8747,train
11946,group_8739,train
11947,group_8749,train
11948,group_8750,test
11949,group_8751,validation
11950,group_8752,test
11951,group_8753,train
11953,group_8754,train
11954,group_8750,test
11955,group_8756,train
11956,group_8751,validation
11957,group_8758,train
11958,group_8750,test
11959,group_8751,validation
11960,group_8750,test
11961,group_8758,train
11962,group_8737,validation
11963,group_8745,train
11964,group_8737,validation
11965,group_8766,test
11966,group_8767,train
11967,group_8768,train
11968,group_8769,train
11970,group_8770,test
11971,group_8771,train
11972,group_8772,train
11973,group_8773,test
11974,group_8774,train
11976,group_8775,train
11977,group_8776,train
11978,group_8777,train
11979,group_8778,train
11980,group_8779,train
11981,group_8780,train
11983,group_8781,validation
11985,group_8782,train
11986,group_8783,train
11989,group_8784,train
11990,group_8785,train
11991,group_8786,train
11992,group_8787,train
11993,group_8788,train
11994,group_8789,train
11995,group_8790,validation
11996,group_8785,train
11997,group_8787,train
11998,group_6147,train
11999,group_6147,train
12000,group_6147,train
12001,group_6148,train
12003,group_6150,train
12004,group_6147,train
12005,group_6160,train
12006,group_6160,train
12007,group_6154,validation
12008,group_6160,train
12009,group_6161,train
12010,group_6161,train
12011,group_8805,train
12012,group_8806,train
12013,group_8806,train
12014,group_8806,train
12015,group_8806,train
12016,group_8810,train
12017,group_8811,test
12018,group_8812,train
12019,group_8812,train
12022,group_8814,train
12023,group_6147,train
12024,group_6148,train
12025,group_8817,train
12026,group_6147,train
12028,group_6150,train
12029,group_6150,train
12030,group_8821,train
12031,group_6147,train
12032,group_6160,train
12033,group_6148,train
12034,group_8825,train
12035,group_6161,train
12036,group_6352,train
12037,group_6352,train
12038,group_6352,train
12039,group_8830,train
12040,group_6167,train
12041,group_6344,validation
12042,group_8806,train
12043,group_8817,train
12044,group_8835,validation
12045,group_8836,validation
12046,group_8837,train
12047,group_8838,train
12049,group_8839,train
12052,group_6999,validation
12053,group_8841,train
12054,group_8841,train
12055,group_8843,validation
12056,group_8844,train
12057,group_8844,train
12058,group_8844,train
12059,group_8844,train
12060,group_8370,test
12061,group_8370,test
12062,group_8431,train
12063,group_8369,test
12064,group_8852,train
12065,group_8431,train
12066,group_8383,validation
12067,group_8855,train
12068,group_8370,test
12069,group_8370,test
12070,group_8370,test
12071,group_8370,test
12072,group_8370,test
12073,group_8383,validation
12074,group_8370,test
12075,group_8395,validation
12076,group_8377,train
12077,group_8395,validation
12078,group_8371,train
12079,group_8416,test
12080,group_8416,test
12081,group_8369,test
12082,group_8369,test
12083,group_8369,test
12084,group_8372,train
12085,group_8388,train
12086,group_8379,train
12087,group_8370,test
12088,group_8844,train
12089,group_8877,train
12090,group_8395,validation
12091,group_8431,train
12092,group_8372,train
12093,group_8369,test
12094,group_8370,test
12095,group_8883,test
12096,group_8370,test
12097,group_8370,test
12098,group_8377,train
12099,group_8887,validation
12100,group_8888,train
12101,group_8371,train
12102,group_8369,test
12103,group_8891,test
12104,group_8892,train
12105,group_8417,train
12106,group_8417,train
12107,group_8895,test
12108,group_8389,train
12109,group_8417,train
12110,group_8391,train
12111,group_8391,train
12112,group_8900,train
12113,group_8901,train
12114,group_8391,train
12115,group_8377,train
12116,group_8904,train
12117,group_8905,train
12118,group_8906,validation
12119,group_8907,train
12120,group_8908,test
12121,group_8909,train
12122,group_8910,test
12123,group_8911,train
12124,group_8912,train
12125,group_8913,train
12126,group_8914,validation
12127,group_8915,train
12128,group_8916,validation
12129,group_8917,validation
12130,group_8909,train
12131,group_8907,train
12132,group_8920,validation
12133,group_8913,train
12134,group_8922,train
12135,group_8923,train
12136,group_8920,validation
12137,group_8925,train
12138,group_8913,train
12139,group_8907,train
12140,group_8915,train
12141,group_8920,validation
12142,group_8907,train
12143,group_8931,train
12144,group_8920,validation
12145,group_8933,train
12146,group_8934,test
12147,group_8935,train
12148,group_8933,train
12149,group_8937,train
12150,group_8938,train
12151,group_8939,test
12152,group_8940,train
12153,group_8913,train
12154,group_8942,train
12155,group_8943,test
12156,group_8944,test
12157,group_8945,train
12158,group_8946,test
12159,group_8947,test
12160,group_8948,validation
12161,group_8949,train
12162,group_8950,train
12163,group_8951,train
12164,group_8952,train
12165,group_8953,train
12166,group_8954,train
12167,group_8955,test
12168,group_8956,train
12169,group_8957,validation
12170,group_8958,validation
12171,group_8959,train
12172,group_8960,test
12173,group_8961,test
12174,group_8962,train
12175,group_393,train
12176,group_391,train
12177,group_8965,train
12178,group_393,train
12179,group_8967,train
12180,group_8960,test
12181,group_8969,train
12182,group_393,train
12183,group_8960,test
12184,group_8972,test
12185,group_395,train
12186,group_393,train
12187,group_8960,test
12188,group_393,train
12189,group_394,validation
12190,group_393,train
12191,group_394,validation
12193,group_8980,train
12194,group_405,test
12195,group_8982,train
12196,group_8983,train
12197,group_5910,validation
12198,group_8985,train
12199,group_5913,train
12200,group_420,train
12202,group_419,validation
12203,group_8989,train
12204,group_8990,train
12206,group_8991,test
12207,group_8992,train
12208,group_8990,train
12209,group_8990,train
12210,group_409,train
12211,group_8996,train
12212,group_8997,train
12213,group_8998,train
12214,group_8999,train
12215,group_9000,train
12216,group_9001,test
12217,group_9002,train
12218,group_9003,train
12219,group_9001,test
12220,group_9005,train
12221,group_9006,train
12222,group_9007,test
12223,group_9008,train
12224,group_9009,test
12225,group_9010,validation
12226,group_9010,validation
12229,group_9012,test
12230,group_9013,test
12233,group_9014,train
12234,group_9015,train
12235,group_9016,train
12236,group_9017,test
12237,group_9018,train
12238,group_9019,validation
12239,group_9020,train
12241,group_9012,test
12242,group_9022,validation
12244,group_9023,train
12245,group_9016,train
12246,group_9025,train
12247,group_9017,test
12249,group_9027,train
12251,group_9017,test
12253,group_9029,test
12254,group_9030,test
12255,group_9031,train
12257,group_9032,train
12258,group_9033,train
12259,group_9034,train
12260,group_9023,train
12263,group_9032,train
12264,group_9037,train
12265,group_9012,test
12266,group_9039,train
12267,group_9039,train
12271,group_9019,validation
12272,group_9042,train
12273,group_9043,train
12274,group_9044,train
12275,group_9045,train
12277,group_9020,train
12278,group_9047,train
12279,group_9048,train
12282,group_9049,test
12284,group_9050,train
12285,group_9051,train
12286,group_9052,validation
12287,group_9051,train
12288,group_9054,validation
12289,group_9051,train
12290,group_9051,train
12292,group_9057,train
12295,group_9058,validation
12296,group_9059,train
12297,group_9019,validation
12298,group_9015,train
12303,group_9030,test
12304,group_9063,train
12305,group_9064,train
12309,group_9065,train
12311,group_9066,train
12313,group_9065,train
12316,group_9068,train
12318,group_9063,train
12319,group_9020,train
12320,group_9071,test
12321,group_9023,train
12322,group_9073,train
12324,group_9074,test
12326,group_9025,train
12327,group_9029,test
12328,group_9039,train
12329,group_9064,train
12331,group_9079,train
12333,group_9079,train
12337,group_6132,train
12338,group_9079,train
12339,group_6147,train
12340,group_6160,train
12344,group_9085,validation
12345,group_9086,train
12346,group_9086,train
12348,group_9088,train
12350,group_9089,train
12354,group_9090,train
12357,group_9091,train
12358,group_9092,validation
12360,group_9093,train
12361,group_9094,train
12364,group_9095,validation
12367,group_9096,test
12368,group_9095,validation
12369,group_9098,test
12371,group_9099,validation
12372,group_9100,test
12374,group_9101,train
12376,group_9102,train
12378,group_9098,test
12380,group_9095,validation
12381,group_9105,train
12383,group_9102,train
12385,group_9107,train
12386,group_9108,train
12387,group_9109,test
12388,group_9110,train
12389,group_9111,test
12390,group_9112,train
12391,group_9113,test
12392,group_9114,train
12393,group_9115,test
12394,group_9115,test
12395,group_9117,train
12396,group_9118,train
12397,group_9119,validation
12398,group_9120,train
12399,group_9121,train
12400,group_9122,train
12401,group_9114,train
12402,group_9124,train
12403,group_9119,validation
12404,group_9120,train
12405,group_9127,train
12406,group_9128,train
12407,group_9129,validation
12408,group_9130,validation
12409,group_9128,train
12410,group_9128,train
12411,group_9133,test
12412,group_9134,train
12413,group_9135,train
12414,group_9136,test
12415,group_9135,train
12416,group_9136,test
12417,group_9135,train
12418,group_9140,train
12419,group_9136,test
12420,group_9142,validation
12421,group_9143,train
12422,group_9144,train
12423,group_9145,train
12424,group_9146,train
12425,group_9147,train
12426,group_9147,train
12427,group_9147,train
12428,group_9147,train
12429,group_9147,train
12430,group_9152,train
12431,group_9145,train
12432,group_9154,train
12433,group_9155,train
12434,group_9156,train
12435,group_9157,train
12436,group_9158,train
12437,group_9159,train
12438,group_9160,test
12439,group_9161,train
12440,group_9162,train
12441,group_9163,train
12442,group_9164,train
12443,group_9165,train
12444,group_9164,train
12445,group_9165,train
12446,group_9165,train
12447,group_9169,train
12448,group_9170,train
12449,group_9169,train
12450,group_9169,train
12451,group_9173,validation
12452,group_9174,validation
12453,group_9175,train
12454,group_9176,train
12455,group_9175,train
12456,group_9175,train
12460,group_9065,train
12462,group_9180,train
12463,group_9181,train
12464,group_9182,train
12465,group_9183,test
12466,group_9184,train
12467,group_9185,validation
12468,group_8990,train
12469,group_8980,train
12470,group_9188,test
12471,group_8958,validation
12472,group_7371,validation
12473,group_7371,validation
12474,group_9192,train
12475,group_9193,train
12476,group_9192,train
12477,group_7396,train
12478,group_9196,validation
12479,group_7371,validation
12480,group_9196,validation
12481,group_7371,validation
12482,group_7371,validation
12483,group_7396,train
12484,group_9202,train
12485,group_9203,train
12486,group_7371,validation
12487,group_7396,train
12488,group_9206,validation
12489,group_9203,train
12490,group_9208,train
12491,group_9209,train
12492,group_8050,train
12493,group_9211,train
12494,group_9212,train
12495,group_9213,train
12496,group_9214,train
12497,group_9215,train
12498,group_9216,train
12500,group_9217,validation
12501,group_9218,train
12502,group_9219,train
12503,group_9220,test
12504,group_9221,train
12505,group_9222,train
12506,group_4103,train
12507,group_9224,train
12508,group_9225,train
12509,group_9225,train
12510,group_9227,train
12511,group_9225,train
12512,group_9229,train
12513,group_4103,train
12514,group_6949,test
12515,group_4115,test
12516,group_9229,train
12517,group_9229,train
12518,group_9225,train
12519,group_9236,train
12520,group_4115,test
12521,group_9229,train
12522,group_4103,train
12523,group_9240,train
12526,group_9241,validation
12529,group_9242,test
12530,group_9243,train
12531,group_9244,train
12532,group_9245,train
12533,group_9246,validation
12534,group_9247,train
12535,group_9248,train
12536,group_9249,train
12537,group_9250,train
12538,group_9251,train
12539,group_9252,train
12540,group_9253,train
12541,group_9254,train
12542,group_9253,train
12543,group_9256,train
12544,group_9257,train
12545,group_9254,train
12546,group_9253,train
12556,group_9260,train
12557,group_9261,test
12560,group_9262,train
12567,group_9263,test
12568,group_9264,train
12569,group_9265,train
12572,group_9266,train
12576,group_9252,train
12577,group_9252,train
12578,group_9269,train
12579,group_9270,train
12580,group_9253,train
12581,group_9272,train
12582,group_9273,train
12583,group_9274,validation
12584,group_9274,validation
12585,group_9276,train
12586,group_9277,train
12587,group_9278,test
12588,group_9276,train
12589,group_9278,test
12590,group_9273,train
12591,group_9276,train
12592,group_9274,validation
12593,group_9276,train
12594,group_9276,train
12595,group_9286,train
12597,group_9273,train
12598,group_9288,train
12599,group_9274,validation
12600,group_9286,train
12601,group_9291,test
12602,group_9274,validation
12603,group_9291,test
12604,group_9294,train
12605,group_9295,train
12606,group_9296,train
12607,group_9297,train
12608,group_9298,train
12609,group_9299,train
12610,group_9294,train
12611,group_9301,train
12612,group_9302,train
12613,group_9303,train
12614,group_9304,train
12615,group_9305,train
12616,group_9306,train
12617,group_9225,train
12618,group_9308,test
12619,group_9309,test
12620,group_9310,validation
12621,group_9309,test
12622,group_9312,train
12623,group_9313,train
12624,group_9313,train
12625,group_9315,test
12626,group_9316,train
12627,group_9317,validation
12629,group_9310,validation
12630,group_9312,train
12631,group_9310,validation
12632,group_9309,test
12633,group_9322,train
12634,group_9323,test
12635,group_9324,train
12636,group_9312,train
12637,group_9317,validation
12638,group_9327,validation
12639,group_9322,train
12640,group_9329,train
12641,group_9322,train
12642,group_9331,train
12643,group_9332,test
12644,group_9333,validation
12645,group_9334,train
12646,group_9335,train
12649,group_9322,train
12650,group_9323,test
12651,group_9312,train
12652,group_9312,train
12653,group_9309,test
12654,group_9341,train
12655,group_9342,train
12656,group_9343,test
12657,group_9343,test
12658,group_9343,test
12659,group_9343,test
12660,group_9347,test
12661,group_9348,train
12662,group_9343,test
12663,group_9348,train
12664,group_9351,train
12665,group_9352,train
12666,group_9353,train
12667,group_9352,train
12668,group_9355,train
12669,group_9343,test
12670,group_9357,train
12671,group_9358,validation
12672,group_9359,validation
12673,group_9360,train
12674,group_9361,train
12675,group_9362,train
12676,group_9363,train
12677,group_9364,train
12678,group_9365,validation
12679,group_9366,train
12680,group_9367,train
12681,group_9368,train
12683,group_9369,train
12685,group_9370,train
12688,group_9371,train
12691,group_9372,train
12692,group_9373,train
12693,group_9374,validation
12694,group_9375,train
12695,group_9376,validation
12696,group_9377,train
12697,group_9378,train
12698,group_9379,train
12699,group_9380,train
12700,group_9381,train
12701,group_9382,test
12702,group_9383,train
12703,group_9384,train
12704,group_9385,train
12705,group_9386,train
12706,group_9387,train
12707,group_9388,validation
12708,group_9389,train
12709,group_9390,train
12710,group_9391,train
12711,group_9392,train
12712,group_9393,train
12713,group_9394,train
12714,group_9395,test
12715,group_9396,train
12716,group_9397,train
12717,group_9398,train
12718,group_9399,train
12719,group_9400,train
12720,group_9401,train
12721,group_9401,train
12722,group_9403,validation
12723,group_9404,train
12724,group_9405,train
12725,group_9406,train
12726,group_9407,train
12727,group_9408,validation
12728,group_9409,train
12729,group_9410,train
12730,group_9411,train
12731,group_9412,train
12732,group_9413,train
12733,group_9414,train
12734,group_9415,train
12735,group_9416,train
12736,group_9417,validation
12737,group_9418,train
12739,group_9419,train
12740,group_9420,validation
12741,group_9420,validation
12742,group_9420,validation
12743,group_9423,train
12744,group_9424,train
12745,group_9423,train
12746,group_9426,validation
12747,group_9427,validation
12748,group_9428,train
12750,group_9429,train
12751,group_9430,train
12752,group_9430,train
12753,group_9432,train
12754,group_9079,train
12755,group_9434,train
12757,group_9435,test
12758,group_8835,validation
12759,group_9437,train
12760,group_9438,train
12762,group_9437,train
12765,group_9440,test
12766,group_9441,train
12768,group_9442,test
12769,group_9443,train
12770,group_9444,train
12771,group_9445,test
12772,group_9446,train
12773,group_9447,train
12774,group_9448,train
12775,group_9449,train
12776,group_9450,train
12777,group_9451,train
12778,group_9452,train
12779,group_9453,train
12780,group_9454,validation
12781,group_9455,train
12782,group_9456,train
12783,group_9456,train
12784,group_9458,validation
12785,group_9459,train
12786,group_9460,train
12787,group_9461,train
12788,group_9462,test
12789,group_9463,train
12790,group_2692,test
12791,group_9465,train
12792,group_9466,validation
12793,group_9467,train
12794,group_9468,train
12795,group_9469,train
12796,group_9470,train
12797,group_9471,train
12798,group_9472,train
12799,group_9473,train
12800,group_9474,train
12801,group_9475,train
12802,group_9476,train
12803,group_9477,train
12804,group_6747,validation
12805,group_6746,train
12806,group_9480,train
12807,group_9481,test
12808,group_9482,train
12809,group_9483,train
12810,group_9484,validation
12811,group_9485,train
12812,group_9486,train
12813,group_9487,train
12814,group_9488,train
12816,group_9489,train
12817,group_9490,train
12819,group_9491,train
12820,group_9492,test
12821,group_9493,validation
12822,group_9494,train
12823,group_9495,train
12824,group_9496,test
12825,group_9497,test
12826,group_9498,train
12827,group_9498,train
12828,group_8835,validation
12829,group_9501,train
12830,group_9502,train
12831,group_9503,validation
12832,group_9504,train
12833,group_9505,validation
12834,group_9506,train
12835,group_9507,train
12836,group_9508,train
12837,group_9509,train
12838,group_9510,train
12839,group_9511,train
12840,group_9512,train
12841,group_9513,train
12842,group_9514,validation
12843,group_9515,test
12844,group_9516,validation
12845,group_9517,train
12846,group_9518,validation
12847,group_9519,train
12848,group_9520,test
12849,group_9521,train
12850,group_9522,train
12851,group_9523,train
12852,group_9524,train
12853,group_9525,test
12854,group_9525,test
12855,group_9525,test
12856,group_9525,test
12857,group_9529,train
12858,group_9530,validation
12859,group_9525,test
12860,group_9525,test
12861,group_9525,test
12862,group_9525,test
12863,group_9535,validation
12864,group_9536,test
12865,group_9530,validation
12866,group_9538,train
12867,group_9536,test
12868,group_9525,test
12869,group_9530,validation
12870,group_9542,train
12871,group_9525,test
12872,group_9525,test
12873,group_9545,validation
12874,group_9546,train
12875,group_9545,validation
12876,group_9545,validation
12877,group_9545,validation
12878,group_9545,validation
12879,group_9545,validation
12880,group_9552,validation
12881,group_9552,validation
12882,group_9554,train
12883,group_9555,train
12884,group_9556,train
12885,group_9557,train
12886,group_9558,train
12888,group_9559,train
12889,group_9560,train
12890,group_9561,train
12891,group_9562,validation
12892,group_9563,test
12893,group_6885,train
12895,group_9565,train
12896,group_9566,validation
12897,group_9567,train
12900,group_9568,train
12902,group_9569,test
12903,group_9570,train
12904,group_9571,train
12905,group_9572,test
12907,group_9573,train
12908,group_9574,test
12909,group_9574,test
12910,group_9576,train
12912,group_9577,train
12913,group_9578,train
12914,group_9579,train
12915,group_9580,test
12916,group_9581,train
12917,group_9582,train
12918,group_9583,train
12919,group_9584,train
12920,group_9585,validation
12921,group_9585,validation
12922,group_9585,validation
12923,group_9588,train
12924,group_9589,train
12925,group_9585,validation
12926,group_9588,train
12927,group_9588,train
12928,group_9593,train
12929,group_9594,train
12930,group_9595,train
12931,group_9596,validation
12932,group_9597,train
12933,group_9598,train
12934,group_9599,train
12935,group_9600,train
12936,group_8960,test
12937,group_8967,train
12939,group_8961,test
12940,group_391,train
12941,group_9605,train
12942,group_9605,train
12943,group_9605,train
12944,group_9608,validation
12945,group_394,validation
12946,group_8992,train
12947,group_8992,train
12948,group_8960,test
12950,group_8960,test
12951,group_393,train
12952,group_393,train
12953,group_8997,train
12954,group_9617,validation
12955,group_9618,train
12956,group_9619,train
12957,group_9620,train
12958,group_9618,train
12959,group_9618,train
12960,group_9617,validation
12961,group_9624,train
12963,group_9619,train
12965,group_9626,train
12966,group_9627,train
12967,group_9628,train
12968,group_9629,validation
12969,group_9630,train
12970,group_9631,validation
12971,group_9632,validation
12972,group_9633,train
12973,group_9634,train
12974,group_9635,train
12975,group_9636,validation
12976,group_9637,train
12977,group_9638,train
12978,group_9639,train
12979,group_9640,test
12980,group_9641,train
12981,group_9642,train
12982,group_9643,validation
12983,group_9642,train
12984,group_9645,train
12985,group_9646,train
12986,group_9647,train
12987,group_9648,train
12988,group_9649,train
12989,group_9650,validation
12990,group_9651,train
12991,group_9652,train
12992,group_9653,train
12993,group_9654,train
12994,group_9655,validation
12995,group_9656,train
12996,group_9656,train
12997,group_9658,train
12998,group_9659,train
12999,group_9660,train
13000,group_9661,train
13002,group_9662,train
13003,group_9663,train
13012,group_9660,train
13013,group_9665,train
13014,group_9661,train
13015,group_9667,validation
13016,group_9668,validation
13018,group_9660,train
13019,group_9670,train
13023,group_9671,validation
13025,group_9672,train
13026,group_9673,train
13027,group_9674,test
13028,group_9661,train
13031,group_9676,test
13033,group_9661,train
13035,group_9661,train
13036,group_9679,train
13037,group_9660,train
13039,group_9681,train
13040,group_9663,train
13042,group_9683,train
13044,group_9665,train
13045,group_9667,validation
13047,group_9686,train
13048,group_9687,train
13049,group_9688,train
13050,group_9498,train
13051,group_8838,train
13052,group_9691,validation
13053,group_9692,train
13054,group_9693,train
13055,group_9694,train
13056,group_9695,train
13057,group_9696,train
13058,group_9697,test
13059,group_9698,validation
13060,group_9699,train
13061,group_9700,train
13062,group_9701,train
13063,group_9702,test
13064,group_9703,train
13065,group_9703,train
13066,group_9705,train
13067,group_9706,validation
13068,group_9703,train
13069,group_9708,test
13070,group_9703,train
13071,group_9703,train
13072,group_9703,train
13073,group_9706,validation
13074,group_9713,train
13075,group_9714,train
13076,group_9703,train
13077,group_9705,train
13078,group_9705,train
13079,group_9705,train
13080,group_9703,train
13081,group_9705,train
13082,group_9705,train
13083,group_9722,train
13084,group_9705,train
13085,group_9724,train
13086,group_9725,validation
13087,group_9726,validation
13088,group_9727,train
13089,group_9728,train
13090,group_9729,train
13091,group_9730,validation
13092,group_9731,test
13093,group_9732,train
13094,group_9733,train
13095,group_9734,train
13096,group_9735,train
13097,group_9736,train
13098,group_9737,train
13099,group_9738,train
13100,group_9739,train
13101,group_9740,validation
13102,group_9741,train
13103,group_9742,train
13104,group_9743,train
13105,group_9744,train
13106,group_9745,validation
13107,group_9746,train
13108,group_9747,train
13109,group_9748,train
13110,group_9749,train
13111,group_9750,train
13112,group_9751,test
13113,group_9752,validation
13114,group_9753,test
13115,group_9754,train
13116,group_9714,train
13117,group_9714,train
13118,group_9706,validation
13120,group_9758,train
13121,group_9759,train
13122,group_9760,train
13123,group_9761,train
13124,group_9762,train
13125,group_9761,train
13126,group_9761,train
13127,group_9529,train
13128,group_9760,train
13129,group_9767,train
13130,group_9768,test
13131,group_9769,test
13132,group_9768,test
13133,group_9769,test
13134,group_9772,train
13135,group_9773,train
13136,group_9774,train
13137,group_9775,train
13138,group_9773,train
13139,group_9777,train
13143,group_9778,train
13144,group_9661,train
13146,group_9780,train
13150,group_9781,test
13151,group_9782,train
13152,group_9783,train
13153,group_9784,train
13154,group_9785,validation
13155,group_9786,train
13156,group_9787,train
13157,group_9788,train
13158,group_9789,validation
13159,group_9790,train
13160,group_9791,train
13161,group_9792,train
13162,group_9793,test
13163,group_9794,train
13164,group_9795,train
13165,group_9796,train
13166,group_9797,test
13167,group_9798,test
13168,group_9799,train
13169,group_9800,train
13170,group_9801,validation
13171,group_9802,train
13172,group_9803,train
13174,group_9804,train
13177,group_9805,train
13178,group_9806,train
13179,group_9807,validation
13180,group_9808,train
13181,group_9809,train
13182,group_9807,validation
13183,group_9811,train
13184,group_9812,validation
13186,group_9813,test
13187,group_9814,train
13188,group_9812,validation
13189,group_9816,train
13190,group_9809,train
13191,group_9818,train
13192,group_9819,validation
13193,group_9820,train
13194,group_9821,test
13195,group_9822,train
13196,group_9823,train
13197,group_9824,train
13198,group_9825,train
13199,group_9826,train
13201,group_9827,test
13202,group_9828,train
13203,group_9829,train
13204,group_9830,train
13205,group_9831,train
13206,group_9832,train
13207,group_9833,train
13208,group_9834,train
13209,group_9835,test
13210,group_9836,test
13211,group_9837,train
13212,group_9838,validation
13213,group_9839,train
13214,group_9840,train
13215,group_9841,train
13216,group_9842,train
13217,group_9842,train
13218,group_9842,train
13219,group_9842,train
13220,group_9846,test
13221,group_9846,test
13222,group_9848,test
13223,group_9848,test
13224,group_9850,test
13225,group_9850,test
13226,group_9852,validation
13227,group_9852,validation
13228,group_9854,train
13229,group_9854,train
13230,group_9848,test
13231,group_9848,test
13232,group_9858,test
13233,group_9858,test
13234,group_9860,test
13235,group_9860,test
13236,group_9848,test
13237,group_9848,test
13238,group_9852,validation
13239,group_9852,validation
13240,group_9866,test
13241,group_9866,test
13242,group_9868,train
13243,group_9868,train
13244,group_9870,validation
13245,group_9870,validation
13246,group_9872,train
13247,group_9872,train
13248,group_9874,validation
13249,group_9874,validation
13250,group_9876,train
13251,group_9876,train
13252,group_9878,train
13253,group_9879,train
13254,group_9879,train
13255,group_9881,test
13256,group_9881,test
13257,group_9883,train
13258,group_9884,test
13259,group_9885,validation
13260,group_9885,validation
13261,group_9887,validation
13262,group_9887,validation
13263,group_9889,test
13264,group_9889,test
13266,group_9891,train
13267,group_9892,train
13268,group_9892,train
13269,group_9894,train
13270,group_9894,train
13271,group_9673,train
13273,group_9673,train
13275,group_9673,train
13280,group_9899,train
13282,group_9900,train
13283,group_9949,validation
13284,group_9902,train
13285,group_9902,train
13286,group_9904,train
13287,group_9904,train
13288,group_9906,train
13289,group_9907,train
13290,group_9908,train
13291,group_9909,train
13292,group_9909,train
13293,group_9911,test
13294,group_9912,train
13295,group_9912,train
13296,group_9914,train
13297,group_9914,train
13298,group_9916,train
13299,group_9916,train
13300,group_9918,test
13301,group_9918,test
13302,group_9918,test
13303,group_9918,test
13304,group_9922,train
13305,group_9922,train
13306,group_9924,train
13307,group_9924,train
13308,group_9926,train
13309,group_9926,train
13310,group_9928,train
13311,group_9929,test
13312,group_9929,test
13313,group_9931,validation
13314,group_9931,validation
13315,group_9949,validation
13316,group_9949,validation
13317,group_9935,train
13318,group_9936,train
13319,group_9936,train
13320,group_9938,test
13321,group_9938,test
13322,group_9940,train
13323,group_9940,train
13324,group_9949,validation
13325,group_9943,train
13326,group_9943,train
13327,group_9909,train
13328,group_9909,train
13329,group_9914,train
13330,group_9914,train
13331,group_9949,validation
13332,group_9949,validation
13333,group_9949,validation
13334,group_9949,validation
13335,group_9912,train
13336,group_9912,train
13337,group_9940,train
13338,group_9940,train
13339,group_9957,train
13340,group_9957,train
13341,group_9959,validation
13342,group_9960,train
13343,group_9961,train
13344,group_9902,train
13345,group_9963,train
13346,group_9437,train
13347,group_9437,train
13348,group_9437,train
13349,group_9437,train
13350,group_9968,validation
13351,group_9440,test
13352,group_9970,train
13353,group_9971,train
13354,group_9972,train
13355,group_9973,train
13356,group_9974,train
13357,group_9975,train
13358,group_9976,train
13359,group_9977,test
13360,group_9978,train
13361,group_9979,test
13362,group_9980,train
13363,group_9970,train
13364,group_9982,train
13365,group_9983,test
13366,group_9976,train
13367,group_9976,train
13368,group_9986,train
13369,group_9973,train
13370,group_9988,test
13371,group_9989,test
13372,group_9990,train
13373,group_9991,train
13374,group_9970,train
13375,group_9993,train
13376,group_9980,train
13377,group_9995,validation
13378,group_9996,train
13379,group_9997,validation
13380,group_9998,test
13381,group_9999,validation
13382,group_9976,train
13383,group_9976,train
13384,group_9973,train
13385,group_9979,test
13386,group_10004,test
13387,group_10005,train
13388,group_9995,validation
13389,group_10007,train
13390,group_10008,train
13391,group_10009,train
13392,group_10008,train
13393,group_10007,train
13394,group_10012,train
13395,group_10013,train
13396,group_10014,train
13397,group_10013,train
13398,group_10008,train
13399,group_10014,train
13400,group_10008,train
13401,group_10014,train
13402,group_10008,train
13403,group_10014,train
13404,group_10007,train
13405,group_10007,train
13406,group_10024,test
13407,group_10025,test
13408,group_7445,validation
13410,group_7445,validation
13411,group_10028,train
13412,group_10008,train
13413,group_10008,train
13414,group_7444,validation
13415,group_7442,validation
13416,group_10009,train
13417,group_7445,validation
13418,group_7442,validation
13419,group_10036,test
13420,group_10037,train
13421,group_10038,train
13422,group_10039,train
13423,group_10040,test
13424,group_10041,train
13425,group_10042,train
13426,group_10043,train
13427,group_10044,test
13428,group_7448,train
13429,group_10046,train
13430,group_10047,test
13432,group_7448,train
13433,group_10049,train
13434,group_10050,train
13435,group_10049,train
13436,group_10052,train
13437,group_10053,validation
13438,group_10054,train
13439,group_10055,validation
13440,group_7499,train
13441,group_7448,train
13442,group_10058,train
13443,group_10058,train
13444,group_10060,train
13445,group_10061,train
13446,group_10062,train
13447,group_10042,train
13448,group_10064,test
13449,group_10065,train
13450,group_10066,train
13451,group_10067,train
13452,group_10068,train
13453,group_10069,train
13454,group_10070,test
13455,group_10071,validation
13456,group_10072,train
13457,group_10066,train
13458,group_10065,train
13459,group_10008,train
13460,group_10025,test
13461,group_10077,train
13462,group_10052,train
13463,group_10008,train
13464,group_7445,validation
13465,group_10081,train
13466,group_10049,train
13467,group_7448,train
13468,group_10084,train
13469,group_10085,train
13470,group_10086,test
13471,group_10087,test
13472,group_10088,validation
13473,group_10089,train
13474,group_10090,validation
13475,group_10091,train
13476,group_10091,train
13477,group_10093,train
13478,group_10094,train
13479,group_10095,validation
13480,group_10094,train
13481,group_10094,train
13482,group_10094,train
13483,group_10099,train
13484,group_10100,train
13485,group_10101,train
13486,group_10102,test
13487,group_10103,train
13489,group_10104,train
13490,group_10105,train
13491,group_10106,train
13493,group_10107,test
13494,group_10108,validation
13495,group_10109,train
13496,group_10110,train
13497,group_10111,train
13498,group_10112,train
13499,group_10113,train
13500,group_10114,test
13501,group_10115,train
13502,group_10116,train
13503,group_10117,train
13504,group_10118,validation
13505,group_10119,train
13506,group_10120,validation
13507,group_10121,train
13508,group_10122,train
13509,group_10123,test
13510,group_10124,validation
13511,group_10125,train
13513,group_10126,train
13514,group_10127,test
13515,group_10127,test
13516,group_10127,test
13517,group_10130,train
13518,group_9348,train
13519,group_10132,train
13520,group_10133,train
13521,group_10134,train
13522,group_10135,validation
13523,group_10136,train
13524,group_10137,train
13525,group_10138,train
13527,group_10139,train
13528,group_10140,train
13529,group_10141,train
13530,group_10142,test
13531,group_10143,train
13532,group_10144,validation
13533,group_10145,test
13534,group_10146,train
13535,group_10147,train
13536,group_10148,train
13537,group_10149,test
13538,group_7656,validation
13539,group_10151,test
13540,group_10152,train
13541,group_10153,test
13542,group_10154,train
13543,group_10155,train
13544,group_10156,train
13545,group_10157,train
13546,group_10158,train
13547,group_10159,train
13548,group_10160,validation
13549,group_10161,train
13550,group_10162,train
13551,group_10151,test
13552,group_10164,validation
13553,group_10165,validation
13554,group_10166,train
13555,group_10159,train
13556,group_10168,train
13557,group_10169,train
13558,group_10170,test
13559,group_10171,train
13560,group_10172,train
13561,group_10173,train
13562,group_10174,train
13563,group_10175,train
13564,group_10176,train
13565,group_10177,train
13566,group_10178,validation
13567,group_10179,train
13568,group_10178,validation
13569,group_10181,train
13570,group_10179,train
13571,group_10183,train
13572,group_10183,train
13573,group_10185,train
13574,group_10186,train
13576,group_10187,test
13578,group_10188,test
13580,group_10188,test
13582,group_10188,test
13584,group_10191,train
13587,group_10192,train
13590,group_10193,test
13593,group_10192,train
13596,group_10195,train
13599,group_10196,train
13602,group_10197,train
13605,group_10198,test
13607,group_10199,train
13609,group_10200,validation
13611,group_10201,test
13613,group_10202,test
13615,group_10203,train
13616,group_10204,train
13617,group_10205,train
13618,group_10206,train
13619,group_10207,train
13621,group_10208,validation
13624,group_10209,train
13627,group_10210,validation
13630,group_10211,train
13632,group_10212,train
13634,group_10213,test
13635,group_10214,train
13637,group_10215,train
13639,group_10216,train
13640,group_10217,train
13641,group_10218,validation
13642,group_10219,train
13643,group_10172,train
13644,group_10221,train
13645,group_10154,train
13646,group_10223,train
13648,group_10224,train
13649,group_10225,train
13650,group_10226,train
13651,group_10227,train
13652,group_10226,train
13653,group_10229,test
13654,group_10230,train
13655,group_10231,train
13656,group_10232,test
13657,group_10233,train
13659,group_10234,validation
13661,group_10235,train
13662,group_10236,train
13666,group_10237,train
13668,group_10238,test
13669,group_10239,train
13670,group_10240,train
13671,group_10241,train
13672,group_10241,train
13673,group_10243,train
13674,group_10244,train
13675,group_10245,train
13676,group_10246,train
13677,group_10247,test
13678,group_10248,validation
13679,group_10249,train
13680,group_10250,test
13681,group_10251,train
13682,group_10252,train
13683,group_10253,train
13684,group_10254,train
13685,group_10254,train
13686,group_10256,train
13687,group_10256,train
13688,group_10258,train
13689,group_10259,validation
13690,group_10260,train
13691,group_10259,validation
13696,group_10262,train
13697,group_10263,test
13698,group_10264,validation
13699,group_10265,train
13700,group_10266,validation
13701,group_10267,train
13702,group_10268,validation
13703,group_10269,train
13704,group_10270,train
13705,group_10271,train
13706,group_10272,train
13707,group_10273,train
13711,group_10274,train
13712,group_10274,train
13713,group_10276,train
13714,group_10277,test
13715,group_10274,train
13717,group_10279,validation
13718,group_10280,train
13720,group_10281,train
13721,group_10282,validation
13722,group_10283,validation
13724,group_10284,train
13725,group_10285,train
13726,group_10286,train
13727,group_10287,validation
13728,group_10288,train
13729,group_10289,train
13730,group_10290,validation
13731,group_10291,train
13732,group_10292,train
13733,group_10290,validation
13734,group_10290,validation
13735,group_10295,train
13736,group_10292,train
13737,group_10297,train
13738,group_10298,train
13739,group_10297,train
13740,group_10300,train
13741,group_10298,train
13743,group_10297,train
13744,group_10303,train
13745,group_10304,train
13746,group_10290,validation
13747,group_10290,validation
13748,group_10292,train
13749,group_10290,validation
13750,group_10290,validation
13751,group_10310,train
13752,group_10290,validation
13753,group_10290,validation
13754,group_10313,train
13755,group_10297,train
13756,group_10315,train
13757,group_10290,validation
13758,group_10298,train
13759,group_10291,train
13760,group_10315,train
13761,group_10320,train
13762,group_10321,train
13763,group_10322,train
13764,group_10322,train
13765,group_10313,train
13767,group_10298,train
13768,group_10321,train
13769,group_10322,train
13770,group_10328,train
13771,group_10328,train
13774,group_10330,train
13776,group_10331,train
13778,group_10332,train
13779,group_10333,train
13780,group_10333,train
13781,group_10332,train
13782,group_10336,train
13783,group_10337,train
13784,group_10338,validation
13785,group_10336,train
13786,group_10340,validation
13789,group_10341,train
13790,group_10342,train
13792,group_10343,train
13793,group_10342,train
13796,group_10345,validation
13799,group_10346,train
13800,group_10347,train
13802,group_10348,train
13803,group_10349,train
13804,group_10350,train
13810,group_10351,train
13811,group_10352,train
13812,group_10353,validation
13813,group_10354,train
13814,group_10355,train
13815,group_10355,train
13816,group_10355,train
13818,group_10358,train
13821,group_10359,test
13824,group_10360,train
13826,group_10361,train
13827,group_10362,validation
13828,group_10363,test
13829,group_10364,train
13830,group_10365,train
13831,group_10366,validation
13832,group_10367,validation
13833,group_10368,train
13835,group_10369,train
13836,group_10370,train
13837,group_10371,train
13838,group_10372,test
13839,group_10373,validation
13840,group_10374,test
13841,group_10375,test
13843,group_10376,train
13844,group_10377,train
13845,group_6709,validation
13846,group_7960,test
13847,group_10380,train
13848,group_10381,test
13849,group_8002,validation
13850,group_8002,validation
13851,group_10384,train
13852,group_10384,train
13853,group_8006,test
13854,group_8006,test
13855,group_10388,train
13856,group_4736,train
13857,group_4736,train
13858,group_4736,train
13859,group_4736,train
13860,group_30454,train
13861,group_30454,train
13862,group_4736,train
13863,group_4736,train
13864,group_4719,train
13865,group_4719,train
13866,group_5927,validation
13867,group_5927,validation
13868,group_10401,train
13869,group_10401,train
13870,group_10403,test
13871,group_10403,test
13872,group_10405,train
13873,group_10405,train
13874,group_10407,test
13875,group_10407,test
13877,group_10409,train
13878,group_5927,validation
13879,group_5927,validation
13880,group_4719,train
13881,group_4719,train
13882,group_30454,train
13883,group_30454,train
13884,group_7961,train
13885,group_7961,train
13886,group_7961,train
13887,group_7961,train
13888,group_10420,train
13889,group_10421,validation
13890,group_8019,train
13891,group_10423,validation
13892,group_10424,train
13894,group_10425,train
13895,group_10426,train
13896,group_10427,train
13897,group_10428,validation
13898,group_10429,train
13900,group_10430,train
13901,group_10431,train
13902,group_10432,train
13903,group_9398,train
13904,group_10434,validation
13905,group_10435,test
13906,group_10436,train
13907,group_10437,train
13908,group_10438,train
13909,group_10428,validation
13910,group_10440,train
13911,group_10441,train
13912,group_10442,train
13913,group_10443,train
13914,group_10444,train
13915,group_10445,train
13916,group_10446,train
13917,group_10447,train
13918,group_10448,train
13919,group_10449,train
13920,group_10450,train
13921,group_10451,train
13922,group_10452,train
13923,group_10453,validation
13924,group_10454,test
13925,group_10455,validation
13926,group_10456,test
13927,group_10457,validation
13928,group_10072,train
13929,group_10459,test
13932,group_10014,train
13933,group_10461,train
13934,group_10007,train
13935,group_10463,train
13936,group_10464,train
13938,group_10102,test
13939,group_10466,test
13940,group_10467,train
13941,group_7445,validation
13942,group_7494,train
13943,group_10470,train
13945,group_10044,test
13946,group_10472,train
13947,group_7434,train
13948,group_8174,train
13949,group_10475,train
13950,group_10061,train
13951,group_7438,validation
13952,group_10478,train
13953,group_7463,train
13954,group_10480,train
13955,group_7448,train
13956,group_10058,train
13957,group_10483,test
13958,group_7452,validation
13959,group_10485,train
13960,group_10485,train
13961,group_10487,validation
13962,group_10136,train
13963,group_6709,validation
13964,group_10490,train
13965,group_10491,train
13966,group_10492,validation
13967,group_10493,train
13968,group_10494,train
13969,group_10495,train
13970,group_10496,train
13971,group_10497,validation
13972,group_10498,train
13973,group_10499,train
13974,group_10500,train
13975,group_10501,train
13976,group_10502,test
13977,group_10503,test
13978,group_10504,test
13979,group_10505,train
13980,group_10506,train
13981,group_10507,train
13982,group_10497,validation
13983,group_10509,train
13984,group_7656,validation
13985,group_10511,test
13986,group_10512,train
13987,group_10513,train
13988,group_10514,validation
13989,group_10515,train
13991,group_10516,train
13992,group_10517,train
13993,group_10518,validation
13994,group_10369,train
13995,group_10520,train
13996,group_10521,train
13997,group_10522,train
13998,group_10523,train
13999,group_10369,train
14000,group_10525,test
14001,group_10526,validation
14002,group_10526,validation
14003,group_10528,train
14004,group_10529,test
14005,group_10530,train
14006,group_10531,validation
14007,group_10532,test
14008,group_10532,test
14009,group_10534,validation
14010,group_10535,train
14011,group_10534,validation
14012,group_10537,train
14013,group_10534,validation
14014,group_10539,train
14015,group_10539,train
14016,group_10541,train
14017,group_10542,train
14018,group_10543,train
14019,group_10544,train
14020,group_10545,train
14021,group_10546,train
14022,group_10547,train
14023,group_10547,train
14024,group_10546,train
14025,group_10550,test
14026,group_10551,train
14027,group_10552,train
14028,group_10553,train
14029,group_10554,test
14030,group_10555,train
14031,group_10556,train
14032,group_10534,validation
14033,group_10558,train
14034,group_10559,train
14035,group_10560,train
14036,group_10561,train
14037,group_10559,train
14038,group_10563,train
14039,group_10558,train
14040,group_10565,train
14041,group_10566,train
14042,group_10559,train
14043,group_10559,train
14044,group_10559,train
14045,group_10563,train
14047,group_10559,train
14048,group_10572,test
14049,group_10573,validation
14050,group_10559,train
14051,group_10572,test
14052,group_10576,train
14053,group_10559,train
14054,group_10563,train
14055,group_10558,train
14056,group_10580,train
14057,group_10581,train
14058,group_10582,train
14059,group_10583,validation
14060,group_10584,train
14061,group_10585,test
14062,group_10586,validation
14063,group_10587,train
14064,group_10588,validation
14065,group_10589,train
14066,group_10590,train
14067,group_10580,train
14068,group_10592,train
14069,group_10593,train
14070,group_10582,train
14071,group_10595,validation
14072,group_10596,validation
14073,group_10597,test
14074,group_10598,test
14075,group_10580,train
14076,group_10559,train
14077,group_10586,validation
14078,group_10602,train
14079,group_10592,train
14080,group_10604,validation
14081,group_10605,test
14082,group_10606,validation
14083,group_10607,train
14084,group_10606,validation
14085,group_10609,train
14086,group_10610,train
14087,group_10611,validation
14088,group_7531,test
14089,group_10613,train
14090,group_10614,train
14091,group_10615,train
14092,group_10616,test
14093,group_10617,test
14094,group_10618,validation
14095,group_10619,validation
14096,group_10620,train
14097,group_7525,test
14098,group_10611,validation
14099,group_10623,train
14100,group_10585,test
14101,group_10580,train
14102,group_10626,test
14103,group_10627,train
14104,group_10628,test
14105,group_10620,train
14106,group_10630,train
14107,group_10631,train
14108,group_10632,train
14109,group_10633,train
14110,group_10634,validation
14111,group_10634,validation
14112,group_10633,train
14113,group_10637,train
14114,group_10638,train
14116,group_10639,train
14117,group_10640,validation
14118,group_10639,train
14119,group_10642,validation
14120,group_10643,train
14121,group_10644,train
14122,group_10640,validation
14123,group_10646,train
14124,group_10646,train
14125,group_10646,train
14126,group_10640,validation
14127,group_10646,train
14128,group_10640,validation
14129,group_10646,train
14130,group_10653,train
14131,group_10640,validation
14132,group_10534,validation
14133,group_10656,train
14134,group_10554,test
14135,group_10658,train
14136,group_9295,train
14137,group_10660,train
14138,group_10661,train
14139,group_10661,train
14140,group_10661,train
14141,group_10661,train
14142,group_10661,train
14144,group_10660,train
14145,group_10667,test
14147,group_10661,train
14148,group_10660,train
14151,group_10661,train
14152,group_10661,train
14156,group_10661,train
14157,group_10661,train
14158,group_10674,validation
14159,group_10661,train
14161,group_10676,validation
14162,group_10661,train
14163,group_10661,train
14164,group_10660,train
14165,group_10680,train
14166,group_10680,train
14168,group_10682,train
14169,group_10683,train
14170,group_10684,train
14171,group_10685,train
14176,group_10686,train
14197,group_10687,validation
14200,group_10688,test
14281,group_10689,validation
14282,group_10690,test
14283,group_10691,train
14284,group_10692,train
14285,group_10693,train
14286,group_10694,train
14287,group_10695,train
14288,group_10696,train
14289,group_8786,train
14290,group_8788,train
14291,group_8788,train
14293,group_8788,train
14294,group_8790,validation
14295,group_10702,validation
14296,group_10702,validation
14297,group_10702,validation
14298,group_10702,validation
14299,group_10702,validation
14300,group_10702,validation
14301,group_10702,validation
14302,group_10702,validation
14303,group_10710,train
14304,group_10711,train
14305,group_10712,train
14306,group_10713,validation
14307,group_10714,test
14308,group_10715,train
14309,group_10716,validation
14310,group_10717,train
14311,group_10718,test
14312,group_10719,train
14313,group_10720,validation
14314,group_10721,validation
14315,group_10722,test
14316,group_10723,validation
14317,group_10724,train
14318,group_10725,train
14319,group_10726,train
14320,group_10727,train
14321,group_10728,train
14322,group_10715,train
14323,group_10730,test
14324,group_10731,train
14325,group_10732,test
14326,group_10733,train
14327,group_10734,test
14329,group_10735,train
14330,group_10736,validation
14331,group_10737,test
14332,group_10738,test
14333,group_10739,train
14334,group_10740,validation
14335,group_10741,train
14336,group_10742,train
14337,group_10743,train
14338,group_10744,train
14339,group_10745,train
14340,group_10746,train
14341,group_10747,train
14342,group_10748,train
14343,group_10749,test
14344,group_10750,train
14345,group_10751,train
14346,group_10752,train
14347,group_10753,test
14348,group_5590,train
14349,group_10755,train
14350,group_10756,train
14351,group_10757,train
14352,group_10758,train
14353,group_10759,train
14354,group_5592,train
14356,group_10761,train
14357,group_5592,train
14358,group_10757,train
14359,group_10764,validation
14360,group_5592,train
14361,group_10766,train
14362,group_10767,train
14363,group_10767,train
14364,group_10769,validation
14365,group_10767,train
14366,group_10771,train
14367,group_5592,train
14368,group_10756,train
14369,group_10766,train
14370,group_10756,train
14371,group_10776,test
14372,group_10777,train
14373,group_5592,train
14374,group_10779,train
14375,group_10780,train
14376,group_943,validation
14377,group_10761,train
14378,group_5590,train
14379,group_10771,train
14380,group_10785,train
14381,group_10786,train
14383,group_10761,train
14384,group_10769,validation
14385,group_10789,train
14386,group_5592,train
14387,group_10767,train
14389,group_10792,train
14390,group_10757,train
14391,group_10794,train
14392,group_10795,train
14395,group_10796,train
14396,group_10797,test
14398,group_10798,test
14401,group_10799,train
14408,group_10800,train
14409,group_10801,train
14410,group_10802,train
14411,group_10803,train
14414,group_10804,train
14415,group_10805,train
14417,group_10806,test
14419,group_10807,train
14420,group_10800,train
14421,group_10809,train
14425,group_10810,train
14426,group_10811,train
14429,group_10812,validation
14430,group_10813,train
14431,group_10806,test
14433,group_10815,test
14437,group_10816,train
14438,group_10817,test
14440,group_10818,train
14441,group_10818,train
14444,group_10820,train
14447,group_10821,train
14448,group_10822,validation
14449,group_10821,train
14450,group_10824,train
14451,group_10825,train
14452,group_10806,test
14453,group_10806,test
14454,group_10828,train
14456,group_10829,train
14457,group_10830,train
14461,group_10831,train
14462,group_10832,train
14466,group_10833,train
14468,group_10834,train
14470,group_10810,train
14476,group_10799,train
14477,group_10802,train
14478,group_10838,train
14479,group_10839,train
14480,group_10840,train
14481,group_10841,test
14482,group_10842,train
14483,group_10839,train
14484,group_10844,validation
14485,group_10845,train
14486,group_10846,train
14487,group_10845,train
14488,group_10845,train
14489,group_10849,validation
14490,group_10850,train
14491,group_10845,train
14492,group_10850,train
14493,group_10839,train
14494,group_10845,train
14495,group_10855,train
14496,group_10850,train
14497,group_10839,train
14498,group_10845,train
14499,group_10839,train
14500,group_10860,train
14501,group_10850,train
14502,group_10862,train
14503,group_10849,validation
14504,group_10845,train
14505,group_10845,train
14506,group_10845,train
14507,group_10722,test
14508,group_10868,train
14509,group_122,train
14510,group_10870,train
14511,group_6148,train
14512,group_10872,train
14513,group_10873,train
14514,group_10874,train
14515,group_10875,train
14516,group_10876,test
14517,group_10877,test
14518,group_10878,train
14519,group_10879,validation
14520,group_10880,validation
14521,group_10881,train
14522,group_10882,train
14523,group_10883,train
14524,group_10884,train
14526,group_10885,test
14527,group_10882,train
14528,group_10887,train
14529,group_10888,train
14530,group_10889,train
14531,group_10889,train
14532,group_10891,train
14533,group_10889,train
14534,group_10893,validation
14535,group_10894,train
14536,group_10895,validation
14537,group_10896,train
14538,group_10897,train
14539,group_10898,train
14540,group_10899,train
14541,group_10900,train
14542,group_10901,train
14543,group_10902,validation
14544,group_10903,test
14545,group_10904,test
14546,group_10905,train
14547,group_10906,train
14548,group_10907,train
14549,group_10908,train
14550,group_10909,train
14551,group_10910,test
14552,group_10911,test
14554,group_10912,validation
14555,group_10913,train
14556,group_10914,train
14557,group_10915,train
14558,group_10916,test
14559,group_10917,train
14560,group_10918,validation
14562,group_10913,train
14563,group_10920,test
14564,group_10921,train
14565,group_10922,train
14566,group_10923,test
14568,group_10924,train
14569,group_10913,train
14570,group_10926,train
14571,group_10927,train
14572,group_10928,validation
14573,group_10929,train
14575,group_10930,train
14576,group_10931,train
14577,group_10932,validation
14580,group_10933,train
14581,group_10934,train
14582,group_10935,validation
14583,group_7452,validation
14584,group_10937,train
14585,group_10938,validation
14587,group_10939,train
14588,group_10940,train
14589,group_10941,train
14592,group_10942,train
14593,group_10943,test
14595,group_10944,validation
14596,group_10945,train
14597,group_10945,train
14598,group_10947,train
14599,group_10945,train
14600,group_10949,train
14601,group_10950,train
14602,group_10951,train
14603,group_10951,train
14604,group_10953,train
14605,group_10954,train
14606,group_10955,train
14607,group_10956,train
14608,group_10957,train
14609,group_10958,train
14610,group_10959,test
14611,group_10960,train
14612,group_10961,train
14613,group_10962,train
14614,group_10963,validation
14615,group_10951,train
14616,group_10965,validation
14617,group_10966,train
14618,group_10967,train
14619,group_10944,validation
14620,group_7444,validation
14621,group_10970,validation
14622,group_10971,train
14623,group_10972,test
14624,group_10973,train
14625,group_8180,train
14626,group_10975,train
14627,group_7452,validation
14628,group_10977,validation
14629,group_10978,train
14630,group_10979,train
14631,group_10980,train
14632,group_10981,train
14633,group_10982,train
14635,group_10983,train
14636,group_10984,train
14637,group_10985,train
14638,group_10986,validation
14639,group_10985,train
14640,group_10988,train
14641,group_10989,validation
14642,group_10990,train
14643,group_10991,train
14644,group_10992,train
14645,group_10993,train
14646,group_10994,train
14647,group_10995,train
14648,group_10996,test
14649,group_10997,train
14650,group_10998,train
14651,group_10999,validation
14652,group_11000,train
14653,group_11001,train
14654,group_11002,train
14656,group_11003,train
14657,group_11004,test
14658,group_9364,train
14659,group_11006,train
14660,group_8960,test
14661,group_11008,train
14662,group_393,train
14663,group_11010,train
14664,group_8972,test
14665,group_8960,test
14666,group_8972,test
14667,group_8960,test
14668,group_8960,test
14669,group_9605,train
14671,group_393,train
14672,group_11008,train
14673,group_8961,test
14674,group_11020,train
14675,group_11021,train
14676,group_11022,train
14677,group_11023,train
14678,group_11024,train
14679,group_11025,train
14680,group_412,train
14681,group_421,train
14682,group_11028,validation
14683,group_11029,train
14684,group_11030,train
14685,group_412,train
14686,group_11032,validation
14688,group_11033,train
14689,group_11034,validation
14690,group_9006,train
14691,group_11036,train
14693,group_8999,train
14694,group_9001,test
14695,group_8999,train
14696,group_9007,test
14697,group_11033,train
14698,group_11033,train
14699,group_8999,train
14700,group_11044,train
14701,group_11045,train
14702,group_11046,train
14703,group_9033,train
14704,group_9020,train
14706,group_9065,train
14708,group_9012,test
14711,group_9034,train
14712,group_11052,train
14713,group_11053,train
14714,group_9052,validation
14715,group_11055,test
14716,group_11055,test
14717,group_11057,train
14718,group_11058,test
14719,group_11059,train
14720,group_11060,train
14721,group_11061,train
14722,group_11062,validation
14723,group_11063,validation
14724,group_11064,train
14726,group_11065,train
14727,group_11066,train
14728,group_11067,train
14729,group_11068,train
14730,group_11069,train
14731,group_11070,train
14732,group_11071,train
14733,group_11072,train
14734,group_11073,train
14735,group_11072,train
14736,group_11075,train
14737,group_11076,train
14738,group_11077,train
14739,group_11072,train
14740,group_11071,train
14741,group_11070,train
14742,group_11081,train
14743,group_11082,train
14744,group_11072,train
14745,group_11084,validation
14746,group_11072,train
14747,group_11086,train
14748,group_11075,train
14749,group_11088,validation
14750,group_11072,train
14751,group_11086,train
14752,group_11091,train
14753,group_11092,train
14754,group_11081,train
14755,group_11094,test
14756,group_11081,train
14757,group_11071,train
14758,group_11086,train
14759,group_11098,test
14760,group_11081,train
14761,group_11072,train
14762,group_11101,train
14763,group_11072,train
14764,group_11103,train
14765,group_11104,validation
14766,group_11071,train
14767,group_11072,train
14768,group_11107,train
14769,group_11071,train
14770,group_11109,train
14771,group_11110,validation
14772,group_11111,test
14773,group_11073,train
14774,group_11076,train
14775,group_11086,train
14776,group_11071,train
14777,group_11116,train
14778,group_11071,train
14779,group_11118,train
14780,group_11119,validation
14781,group_11120,test
14782,group_11073,train
14783,group_11122,validation
14784,group_11123,train
14785,group_11110,validation
14786,group_11125,train
14787,group_11126,train
14788,group_11127,train
14790,group_10475,train
14791,group_11129,train
14792,group_11130,train
14794,group_11131,train
14796,group_11132,train
14797,group_11131,train
14798,group_11134,train
14799,group_10475,train
14800,group_11136,test
14801,group_11127,train
14802,group_11131,train
14803,group_11127,train
14804,group_11127,train
14805,group_11127,train
14806,group_11132,train
14807,group_11127,train
14808,group_11131,train
14809,group_11145,train
14810,group_11136,test
14811,group_11131,train
14812,group_11127,train
14813,group_11149,validation
14814,group_11136,test
14815,group_11151,train
14816,group_11149,validation
14817,group_11136,test
14820,group_11154,train
14821,group_11155,train
14822,group_10943,test
14823,group_11157,train
14826,group_10943,test
14828,group_10943,test
14832,group_10943,test
14833,group_11157,train
14834,group_10943,test
14836,group_11163,test
14837,group_11164,train
14839,group_11165,train
14840,group_11166,train
14841,group_11165,train
14842,group_11166,train
14843,group_11165,train
14844,group_11165,train
14845,group_11166,train
14846,group_11172,test
14847,group_11166,train
14848,group_11174,test
14849,group_11166,train
14850,group_11165,train
14851,group_11177,train
14852,group_11178,train
14853,group_11179,train
14854,group_11180,train
14855,group_11179,train
14856,group_11182,validation
14857,group_11183,train
14858,group_11184,train
14859,group_11180,train
14860,group_11186,validation
14861,group_11187,test
14862,group_11188,train
14863,group_11189,test
14864,group_11190,train
14865,group_11180,train
14866,group_11192,train
14867,group_11165,train
14868,group_11165,train
14869,group_11165,train
14870,group_11196,train
14871,group_11197,test
14872,group_11198,train
14873,group_11199,train
14874,group_11200,train
14875,group_11199,train
14876,group_10944,validation
14877,group_11127,train
14878,group_11129,train
14879,group_11127,train
14880,group_11127,train
14881,group_11127,train
14882,group_11132,train
14883,group_11132,train
14884,group_11129,train
14885,group_11129,train
14886,group_11127,train
14888,group_11134,train
14889,group_11214,test
14890,group_11215,validation
14892,group_11216,train
14893,group_11217,train
14894,group_11218,train
14896,group_11127,train
14897,group_11220,train
14898,group_11180,train
14899,group_11184,train
14900,group_11180,train
14901,group_11184,train
14902,group_11180,train
14903,group_11220,train
14904,group_11180,train
14905,group_11228,train
14906,group_11165,train
14907,group_11230,train
14908,group_11231,train
14910,group_11232,train
14911,group_11233,test
14912,group_11234,train
14913,group_11235,validation
14914,group_11236,test
14915,group_11237,test
14916,group_11238,train
14917,group_11239,train
14918,group_11240,train
14919,group_11241,train
14920,group_11242,train
14921,group_11243,train
14922,group_11244,validation
14924,group_11245,train
14925,group_11246,train
14926,group_11247,validation
14927,group_11248,test
14928,group_11249,train
14930,group_11250,train
14931,group_11251,validation
14932,group_11252,test
14933,group_11251,validation
14934,group_11254,validation
14935,group_11251,validation
14936,group_11256,train
14937,group_11257,train
14938,group_11258,train
14939,group_11258,train
14940,group_11260,train
14941,group_11261,train
14942,group_7014,train
14943,group_7014,train
14944,group_11264,test
14945,group_11265,train
14946,group_11266,train
14948,group_11267,test
14949,group_11268,train
14950,group_7011,train
14951,group_11267,test
14952,group_11265,train
14953,group_11265,train
14954,group_11273,train
14955,group_11274,validation
14956,group_11275,train
14957,group_11275,train
14958,group_11277,train
14959,group_11278,train
14960,group_11279,train
14961,group_11280,train
14962,group_11281,train
14963,group_11282,train
14965,group_11283,test
14966,group_11284,test
14967,group_11285,validation
14968,group_11286,train
14969,group_11283,test
14970,group_11282,train
14971,group_11289,train
14972,group_11289,train
14974,group_11289,train
14975,group_11289,train
14976,group_11289,train
14977,group_11289,train
14978,group_11289,train
14979,group_11296,train
14980,group_11296,train
14981,group_11296,train
14982,group_11299,validation
14983,group_11126,train
14984,group_11301,train
14985,group_11302,train
14986,group_10713,validation
14987,group_11304,train
14988,group_10718,test
14989,group_11306,test
14990,group_11307,train
14991,group_11308,train
14993,group_10725,train
14994,group_11310,test
14995,group_11311,train
14996,group_11312,train
14997,group_11313,train
14998,group_11314,train
14999,group_11315,test
15000,group_10724,train
15001,group_11317,test
15002,group_11318,train
15003,group_11319,train
15004,group_10717,train
15005,group_10717,train
15006,group_11322,train
15007,group_11323,validation
15008,group_11324,train
15009,group_11325,train
15010,group_11326,validation
15011,group_11327,test
15012,group_11328,validation
15013,group_10715,train
15014,group_10715,train
15015,group_11331,test
15016,group_10718,test
15017,group_11333,test
15018,group_11334,train
15019,group_11331,test
15020,group_11336,train
15021,group_10715,train
15022,group_11338,train
15023,group_11339,test
15024,group_11340,test
15025,group_11341,train
15026,group_11342,train
15027,group_11343,train
15028,group_11344,test
15029,group_11345,train
15030,group_10731,train
15031,group_10731,train
15032,group_11348,train
15033,group_11349,train
15034,group_11350,train
15035,group_11351,train
15036,group_11348,train
15037,group_11353,validation
15038,group_11354,train
15039,group_11355,validation
15040,group_11302,train
15041,group_11334,train
15042,group_11358,train
15043,group_10715,train
15044,group_11360,train
15045,group_11361,train
15046,group_11362,test
15047,group_11363,test
15048,group_11364,validation
15050,group_11365,test
15051,group_11365,test
15052,group_11365,test
15053,group_11368,train
15054,group_11365,test
15055,group_11368,train
15056,group_11365,test
15057,group_11365,test
15058,group_11368,train
15059,group_11365,test
15060,group_11375,train
15061,group_11365,test
15062,group_11377,test
15063,group_11368,train
15064,group_11375,train
15065,group_11368,train
15066,group_11365,test
15067,group_11382,train
15068,group_11383,train
15069,group_11382,train
15070,group_11382,train
15071,group_8745,train
15072,group_11387,train
15073,group_11383,train
15074,group_11382,train
15075,group_11390,train
15076,group_11391,train
15077,group_11391,train
15078,group_11393,train
15079,group_11394,test
15080,group_11395,train
15081,group_11396,train
15082,group_11397,train
15083,group_11398,train
15084,group_11399,train
15085,group_11400,train
15086,group_11401,validation
15087,group_11402,train
15088,group_11403,train
15089,group_11404,test
15090,group_11404,test
15091,group_11406,train
15092,group_11407,train
15093,group_11408,validation
15094,group_11409,test
15095,group_11410,test
15096,group_11411,train
15097,group_11412,test
15098,group_11413,train
15099,group_11414,train
15100,group_11415,train
15101,group_11416,train
15102,group_11417,validation
15103,group_11418,train
15104,group_11416,train
15105,group_11416,train
15106,group_11421,train
15107,group_11422,train
15108,group_11423,validation
15109,group_11424,test
15110,group_11425,validation
15111,group_11426,train
15112,group_11427,validation
15113,group_11428,train
15114,group_11429,test
15115,group_11430,train
15116,group_11431,train
15117,group_11432,train
15118,group_11433,train
15119,group_11434,train
15120,group_11435,train
15121,group_11436,train
15122,group_11437,test
15123,group_11432,train
15124,group_11431,train
15125,group_11440,train
15127,group_11441,train
15128,group_11442,validation
15129,group_11443,train
15132,group_11428,train
15134,group_11441,train
15140,group_11446,validation
15141,group_11447,validation
15144,group_11448,train
15145,group_11449,validation
15147,group_11450,validation
15150,group_11451,test
15151,group_11452,test
15152,group_11453,validation
15154,group_11454,train
15157,group_11455,test
15160,group_11456,train
15162,group_11457,train
15163,group_11458,train
15165,group_11459,test
15166,group_11460,train
15168,group_11461,train
15169,group_11462,train
15170,group_11457,train
15171,group_11464,train
15172,group_11465,test
15174,group_11466,test
15177,group_11467,validation
15179,group_11468,test
15182,group_11469,train
15183,group_11470,train
15184,group_11471,train
15185,group_11472,test
15187,group_11473,validation
15189,group_11461,train
15190,group_11475,train
15191,group_11476,train
15192,group_11477,train
15193,group_11478,validation
15194,group_11479,train
15195,group_11480,train
15196,group_11481,train
15197,group_11482,train
15199,group_11483,train
15200,group_11484,test
15201,group_11485,train
15202,group_11486,train
15206,group_11487,validation
15207,group_11472,test
15209,group_11489,validation
15210,group_11461,train
15211,group_11475,train
15214,group_11492,train
15215,group_11493,train
15216,group_11494,train
15217,group_11495,validation
15218,group_11495,validation
15219,group_11497,train
15220,group_11498,train
15221,group_11499,train
15222,group_11500,test
15223,group_11501,train
15224,group_11502,test
15225,group_11500,test
15226,group_11504,validation
15227,group_11500,test
15228,group_11506,validation
15229,group_11507,validation
15230,group_11500,test
15231,group_11509,train
15232,group_11510,train
15233,group_11511,train
15234,group_11512,train
15235,group_11513,train
15236,group_11514,train
15237,group_11515,train
15238,group_11516,train
15239,group_11517,train
15240,group_11518,train
15241,group_11519,train
15242,group_11520,train
15243,group_11521,validation
15244,group_11522,train
15245,group_11523,test
15246,group_11524,train
15247,group_11525,train
15248,group_11526,validation
15249,group_11527,test
15250,group_11528,train
15251,group_11529,train
15252,group_11530,train
15253,group_11531,train
15254,group_11532,train
15255,group_11533,train
15256,group_11534,train
15257,group_11535,train
15258,group_11536,train
15259,group_11537,train
15260,group_11538,train
15261,group_11533,train
15262,group_11540,train
15263,group_11541,train
15264,group_11542,train
15265,group_11543,train
15266,group_11544,validation
15267,group_11545,test
15268,group_11546,train
15269,group_11547,test
15270,group_11548,train
15271,group_11549,test
15272,group_11550,train
15273,group_11550,train
15274,group_11552,test
15275,group_11553,validation
15276,group_11553,validation
15277,group_11553,validation
15278,group_11556,train
15279,group_11557,train
15280,group_11558,train
15281,group_11559,train
15283,group_11560,train
15284,group_11561,train
15285,group_11562,validation
15286,group_11563,train
15287,group_11564,train
15288,group_11565,train
15289,group_11566,train
15290,group_11567,train
15291,group_11568,train
15292,group_11569,test
15293,group_11570,train
15294,group_11571,train
15295,group_11572,validation
15296,group_11573,train
15297,group_11574,train
15298,group_11575,train
15299,group_11576,train
15300,group_10247,test
15301,group_11578,validation
15302,group_11579,train
15303,group_11580,validation
15304,group_11581,train
15305,group_11582,validation
15306,group_11583,train
15307,group_11584,test
15308,group_11585,test
15309,group_11586,validation
15310,group_11587,train
15311,group_11588,train
15312,group_11589,train
15313,group_11582,validation
15314,group_11578,validation
15315,group_11592,train
15316,group_11593,train
15317,group_11594,train
15318,group_10523,train
15319,group_11596,train
15320,group_11594,train
15321,group_10369,train
15322,group_11599,validation
15323,group_11600,train
15324,group_10523,train
15325,group_11602,train
15326,group_10656,train
15327,group_11604,train
15328,group_11605,train
15329,group_11606,train
15330,group_10546,train
15331,group_11608,train
15332,group_11609,validation
15333,group_10546,train
15334,group_10546,train
15335,group_10547,train
15336,group_10550,test
15337,group_11614,train
15338,group_11615,test
15339,group_11616,train
15340,group_11617,train
15341,group_11618,train
15342,group_11619,train
15343,group_11620,train
15344,group_11621,train
15345,group_10522,train
15346,group_11623,train
15347,group_11624,train
15348,group_11625,validation
15349,group_11626,train
15351,group_11615,test
15352,group_4103,train
15353,group_11629,train
15354,group_9224,train
15355,group_11631,train
15356,group_11632,train
15357,group_11632,train
15358,group_9225,train
15359,group_9224,train
15361,group_11636,train
15362,group_4122,train
15363,group_11632,train
15364,group_11632,train
15365,group_11640,train
15366,group_11641,train
15367,group_11632,train
15368,group_9225,train
15369,group_11636,train
15370,group_11645,test
15371,group_11646,validation
15372,group_11647,train
15373,group_11648,train
15374,group_11649,train
15375,group_11650,train
15376,group_11651,train
15377,group_11652,test
15378,group_11653,train
15379,group_11654,train
15382,group_11655,train
15384,group_11656,train
15385,group_11657,train
15387,group_11658,train
15388,group_11659,train
15392,group_11660,train
15393,group_11661,train
15394,group_11662,train
15396,group_11663,train
15397,group_11664,test
15398,group_11665,test
15399,group_11666,train
15400,group_11649,train
15401,group_11668,train
15405,group_11669,train
15406,group_11651,train
15407,group_11671,validation
15408,group_11672,train
15409,group_11673,train
15410,group_11674,train
15412,group_11675,test
15414,group_11676,train
15415,group_11677,train
15416,group_11678,train
15417,group_11679,train
15418,group_11680,validation
15419,group_11681,train
15434,group_11682,validation
15436,group_11683,test
15437,group_11684,test
15439,group_11685,validation
15442,group_11686,validation
15451,group_11684,test
15457,group_11688,test
15459,group_11689,train
15461,group_11690,train
15462,group_11691,train
15463,group_11692,train
15464,group_11693,validation
15465,group_11694,validation
15466,group_11695,validation
15467,group_11696,train
15468,group_11697,train
15469,group_11698,validation
15470,group_11699,train
15471,group_11700,train
15472,group_11701,train
15473,group_11702,train
15474,group_11703,train
15475,group_11701,train
15476,group_11705,validation
15477,group_11706,train
15478,group_11707,validation
15479,group_11705,validation
15480,group_11709,train
15481,group_11710,train
15482,group_11711,test
15483,group_11712,train
15484,group_11713,test
15485,group_11714,train
15486,group_11715,validation
15487,group_11716,train
15488,group_11717,train
15489,group_11718,train
15490,group_11719,train
15491,group_11720,test
15492,group_11719,train
15493,group_11722,train
15494,group_11723,train
15495,group_11724,train
15496,group_11725,train
15497,group_11726,test
15499,group_11727,train
15501,group_11724,train
15502,group_11729,train
15503,group_11724,train
15504,group_11724,train
15505,group_11729,train
15506,group_11733,test
15507,group_11734,train
15508,group_11735,train
15509,group_11735,train
15510,group_11737,test
15511,group_11738,train
15512,group_11739,validation
15513,group_11740,test
15514,group_11741,train
15515,group_11742,train
15516,group_11743,train
15517,group_11744,train
15518,group_11745,train
15519,group_11746,validation
15520,group_11747,train
15521,group_11748,validation
15523,group_11749,train
15524,group_11750,train
15525,group_11751,train
15526,group_11752,train
15527,group_9783,train
15528,group_9785,validation
15529,group_11755,train
15530,group_11756,validation
15531,group_11757,train
15532,group_11758,train
15535,group_11759,validation
15539,group_11760,train
15540,group_11761,validation
15542,group_11762,test
15543,group_10759,train
15544,group_10766,train
15545,group_10756,train
15546,group_11766,train
15547,group_11758,train
15548,group_11768,train
15549,group_11769,train
15550,group_11768,train
15551,group_11771,test
15552,group_11772,train
15554,group_11772,train
15555,group_11774,train
15557,group_11775,train
15558,group_9498,train
15560,group_8835,validation
15561,group_8835,validation
15562,group_8835,validation
15563,group_11780,train
15564,group_10769,validation
15565,group_11782,train
15566,group_10792,train
15567,group_11784,train
15568,group_10777,train
15569,group_10776,test
15570,group_11787,train
15571,group_11788,test
15572,group_11789,train
15573,group_11790,test
15574,group_11791,train
15575,group_11791,train
15576,group_11793,train
15577,group_11789,train
15578,group_8002,validation
15579,group_8817,train
15581,group_4980,train
15583,group_11798,train
15585,group_11799,train
15586,group_11800,validation
15587,group_11801,train
15588,group_11802,train
15590,group_11803,train
15598,group_11804,train
15599,group_11804,train
15600,group_11806,validation
15601,group_11807,train
15602,group_11804,train
15603,group_11809,validation
15604,group_11810,validation
15605,group_11811,train
15606,group_11812,test
15607,group_11813,train
15608,group_11814,train
15609,group_11815,train
15610,group_11816,train
15611,group_11817,test
15612,group_11818,test
15613,group_11819,train
15614,group_11820,test
15615,group_11821,train
15616,group_11822,train
15617,group_11823,train
15618,group_11824,train
15619,group_11825,validation
15620,group_11826,train
15621,group_11827,validation
15622,group_11828,train
15623,group_11829,test
15624,group_11830,train
15625,group_11831,test
15626,group_11832,train
15627,group_11833,train
15628,group_11834,train
15629,group_11835,train
15630,group_11836,test
15631,group_11837,validation
15632,group_11838,train
15633,group_11839,validation
15634,group_11840,train
15635,group_11841,train
15636,group_11842,validation
15637,group_11843,train
15638,group_11844,test
15639,group_11845,train
15640,group_11846,train
15641,group_11847,test
15642,group_11848,test
15643,group_11849,train
15644,group_11850,train
15645,group_11851,test
15646,group_11852,train
15647,group_11853,train
15648,group_11854,validation
15649,group_11855,train
15650,group_11856,train
15651,group_11857,train
15653,group_11858,validation
15654,group_11859,train
15658,group_11860,train
15660,group_11861,train
15662,group_11862,train
15663,group_11863,train
15665,group_11864,train
15666,group_11865,train
15667,group_11866,train
15669,group_11867,train
15670,group_11868,train
15671,group_11869,test
15672,group_11869,test
15673,group_11869,test
15674,group_11869,test
15675,group_11869,test
15676,group_11869,test
15677,group_11875,test
15678,group_11875,test
15679,group_11877,train
15680,group_11875,test
15681,group_11877,train
15682,group_11880,train
15683,group_11877,train
15684,group_11882,train
15685,group_11877,train
15686,group_11877,train
15687,group_11875,test
15688,group_11875,test
15690,group_11887,train
15692,group_11887,train
15693,group_11889,train
15696,group_11890,train
15697,group_11887,train
15698,group_11889,train
15700,group_11893,train
15701,group_11774,train
15702,group_11895,train
15703,group_9498,train
15705,group_11897,train
15706,group_11898,train
15707,group_11899,train
15708,group_11900,train
15709,group_11901,train
15710,group_11902,train
15711,group_11903,train
15713,group_11904,validation
15714,group_10736,validation
15715,group_11906,test
15716,group_11907,train
15717,group_11908,validation
15718,group_11909,train
15719,group_11910,train
15720,group_11911,validation
15721,group_11912,validation
15722,group_11913,train
15723,group_11914,train
15724,group_11915,validation
15726,group_11916,test
15727,group_11917,test
15728,group_11918,train
15729,group_11919,test
15730,group_11920,test
15731,group_11921,train
15732,group_11922,train
15733,group_10430,train
15734,group_11924,train
15735,group_11925,train
15736,group_11926,train
15737,group_11927,test
15738,group_11928,test
15739,group_11929,train
15740,group_11930,train
15741,group_11931,train
15742,group_11932,train
15743,group_11933,train
15744,group_11934,validation
15745,group_11935,train
15746,group_11936,train
15747,group_10429,train
15748,group_11938,train
15749,group_11939,train
15750,group_11940,train
15751,group_11941,train
15752,group_11942,train
15753,group_11943,test
15754,group_11944,train
15755,group_11945,train
15756,group_11946,validation
15757,group_11947,train
15758,group_11948,train
15759,group_11949,train
15760,group_11950,train
15761,group_11951,train
15762,group_11952,train
15763,group_11953,train
15764,group_11954,train
15765,group_11955,train
15766,group_11956,test
15767,group_11957,train
15768,group_11958,train
15769,group_11959,train
15770,group_11960,train
15771,group_11961,test
15772,group_11962,train
15773,group_11963,train
15774,group_11964,validation
15775,group_11965,train
15776,group_11966,train
15777,group_11967,train
15778,group_11968,train
15779,group_11969,train
15780,group_11970,train
15781,group_11971,train
15782,group_11972,validation
15783,group_11973,train
15784,group_11974,validation
15785,group_11975,train
15786,group_11976,test
15787,group_11977,test
15788,group_11978,train
15789,group_11979,train
15790,group_11980,train
15791,group_11981,train
15792,group_11982,validation
15793,group_11983,train
15794,group_11984,train
15795,group_11985,train
15796,group_11968,train
15797,group_11987,train
15798,group_11988,validation
15799,group_11989,test
15800,group_11990,train
15801,group_11991,train
15802,group_11992,train
15803,group_11993,train
15804,group_11994,train
15805,group_11995,test
15806,group_11996,train
15807,group_11997,train
15808,group_11998,train
15809,group_11999,train
15810,group_12000,train
15811,group_12001,train
15812,group_12002,train
15813,group_12003,train
15814,group_12004,train
15815,group_12005,train
15816,group_12006,train
15817,group_12007,test
15818,group_12008,train
15819,group_12009,validation
15820,group_12010,train
15821,group_12011,train
15822,group_12012,train
15823,group_12013,train
15824,group_12014,train
15825,group_12015,test
15826,group_12016,train
15827,group_12017,train
15828,group_12018,validation
15829,group_12019,train
15830,group_12020,train
15831,group_12021,test
15832,group_12022,train
15833,group_12019,train
15834,group_12020,train
15835,group_12025,train
15836,group_12022,train
15837,group_12027,test
15838,group_12028,test
15839,group_12029,train
15840,group_12030,train
15841,group_12021,test
15842,group_12025,train
15844,group_12025,train
15846,group_12034,train
15847,group_12035,train
15848,group_12036,train
15849,group_12037,train
15850,group_12038,train
15851,group_12039,validation
15852,group_12040,test
15853,group_12041,train
15854,group_12042,validation
15855,group_12043,train
15856,group_12044,train
15857,group_12045,test
15858,group_12046,validation
15859,group_12047,train
15860,group_12048,test
15861,group_12049,test
15862,group_12050,train
15863,group_12051,train
15864,group_12052,test
15865,group_12053,train
15866,group_12054,test
15867,group_12055,train
15868,group_12056,test
15869,group_12057,train
15870,group_12058,train
15871,group_12059,validation
15872,group_12060,test
15873,group_12061,train
15874,group_12062,train
15875,group_12063,train
15876,group_12064,train
15877,group_12065,train
15878,group_12066,train
15879,group_12067,train
15880,group_12068,train
15881,group_12069,test
15882,group_12070,train
15883,group_12071,test
15884,group_12072,validation
15885,group_12073,test
15886,group_12074,train
15887,group_12075,train
15888,group_12076,test
15889,group_12077,train
15890,group_12078,validation
15891,group_12079,validation
15892,group_12080,train
15893,group_12081,train
15894,group_12082,validation
15895,group_12083,test
15896,group_12084,train
15897,group_12085,validation
15898,group_12086,train
15899,group_12087,train
15900,group_12088,train
15901,group_12089,train
15902,group_12090,train
15903,group_12091,train
15904,group_12092,train
15907,group_12093,train
15908,group_12094,train
15910,group_12095,test
15912,group_12096,train
15913,group_12094,train
15914,group_12098,train
15915,group_12099,train
15917,group_12100,train
15918,group_12101,train
15919,group_12102,train
15920,group_12103,train
15921,group_12104,train
15922,group_12105,test
15923,group_12106,validation
15924,group_12107,train
15925,group_12108,train
15926,group_12109,train
15927,group_12110,train
15928,group_12111,train
15929,group_12112,test
15931,group_12113,train
15933,group_12114,train
15934,group_12115,train
15935,group_12116,validation
15936,group_12115,train
15937,group_12115,train
15938,group_12115,train
15939,group_12115,train
15940,group_12115,train
15941,group_12116,validation
15942,group_12123,train
15943,group_12123,train
15944,group_12125,train
15945,group_12125,train
15946,group_12127,train
15947,group_12128,test
15948,group_12129,train
15949,group_12130,validation
15950,group_12131,train
15951,group_12132,train
15952,group_12133,train
15953,group_12127,train
15954,group_12135,train
15955,group_12136,train
15956,group_12130,validation
15957,group_12128,test
15958,group_12136,train
15959,group_12130,validation
15960,group_12141,train
15961,group_12142,train
15962,group_12143,validation
15963,group_12144,train
15964,group_12143,validation
15965,group_12144,train
15966,group_12147,train
15967,group_12148,train
15968,group_12149,train
15969,group_12149,train
15970,group_12151,train
15971,group_12152,train
15972,group_12153,train
15973,group_12152,train
15974,group_12155,validation
15975,group_12156,train
15976,group_12157,validation
15977,group_12158,train
15981,group_12149,train
15982,group_12160,validation
15983,group_12161,train
15984,group_12162,train
15985,group_12152,train
15986,group_12162,train
15987,group_12165,train
15988,group_12166,train
15989,group_12167,train
15990,group_12156,train
15992,group_12169,validation
15993,group_12170,validation
15994,group_12169,validation
15995,group_12148,train
15996,group_12169,validation
15997,group_12155,validation
15998,group_12175,train
15999,group_12157,validation
16000,group_12177,test
16001,group_12178,train
16002,group_12179,test
16003,group_12179,test
16004,group_12181,test
16005,group_12181,test
16006,group_12166,train
16007,group_12184,train
16009,group_12185,train
16010,group_12166,train
16011,group_12187,test
16012,group_12188,validation
16013,group_12189,test
16014,group_12190,train
16015,group_12187,test
16016,group_12188,validation
16017,group_12187,test
16018,group_12194,train
16019,group_12195,test
16020,group_12196,train
16021,group_12197,train
16022,group_12198,train
16023,group_12199,train
16024,group_12200,train
16025,group_12201,train
16026,group_12202,test
16027,group_12201,train
16028,group_12204,train
16029,group_12201,train
16030,group_12206,train
16031,group_12201,train
16032,group_12206,train
16033,group_12204,train
16034,group_12210,train
16035,group_12211,train
16036,group_12200,train
16037,group_12200,train
16038,group_12201,train
16039,group_12200,train
16041,group_12201,train
16042,group_12204,train
16043,group_12201,train
16044,group_12204,train
16045,group_12211,train
16046,group_12221,train
16047,group_12222,train
16048,group_12204,train
16050,group_12224,test
16051,group_12206,train
16052,group_12210,train
16053,group_12201,train
16054,group_12228,train
16055,group_12229,train
16056,group_12230,train
16057,group_12231,validation
16058,group_12232,test
16059,group_12233,train
16060,group_12230,train
16061,group_12233,train
16062,group_12236,train
16063,group_12233,train
16064,group_12238,train
16065,group_12229,train
16066,group_12240,train
16067,group_12240,train
16068,group_12233,train
16069,group_12236,train
16070,group_12232,test
16071,group_12230,train
16072,group_12240,train
16073,group_12247,validation
16075,group_12248,train
16076,group_12249,test
16077,group_12250,train
16078,group_12251,validation
16079,group_12252,validation
16080,group_12253,train
16081,group_12254,test
16082,group_12255,validation
16083,group_12256,train
16084,group_12257,test
16085,group_12258,train
16086,group_12259,validation
16087,group_12260,train
16088,group_12260,train
16089,group_12260,train
16090,group_12263,train
16091,group_12260,train
16093,group_12265,train
16094,group_12266,train
16095,group_12267,train
16096,group_12268,test
16098,group_12269,train
16099,group_12266,train
16100,group_12271,train
16101,group_12272,validation
16102,group_12272,validation
16103,group_12274,train
16105,group_12275,train
16106,group_12272,validation
16107,group_12269,train
16108,group_12263,train
16109,group_12263,train
16110,group_12263,train
16111,group_12281,train
16112,group_12282,test
16113,group_12281,train
16114,group_12282,test
16115,group_12285,train
16116,group_12286,train
16117,group_12282,test
16118,group_12288,validation
16119,group_12289,train
16120,group_12290,train
16121,group_12291,train
16122,group_12292,train
16123,group_12293,train
16124,group_5780,train
16125,group_12295,train
16126,group_12296,train
16127,group_12297,train
16128,group_12298,train
16129,group_12293,train
16130,group_12300,train
16131,group_12301,train
16132,group_12302,train
16133,group_12303,train
16134,group_12304,validation
16135,group_12305,train
16136,group_12304,validation
16137,group_12300,train
16138,group_12303,train
16139,group_12305,train
16140,group_12310,train
16141,group_12311,validation
16142,group_12305,train
16143,group_12313,test
16145,group_12303,train
16146,group_12303,train
16147,group_12303,train
16148,group_12304,validation
16149,group_12302,train
16150,group_12319,train
16151,group_12319,train
16152,group_12319,train
16153,group_12322,train
16154,group_12322,train
16155,group_12319,train
16156,group_12322,train
16157,group_12326,validation
16158,group_12319,train
16159,group_12319,train
16160,group_12322,train
16161,group_12322,train
16162,group_12331,validation
16163,group_12332,train
16164,group_12333,train
16165,group_12334,train
16166,group_12319,train
16168,group_12336,test
16169,group_12322,train
16170,group_12332,train
16171,group_12322,train
16172,group_12326,validation
16173,group_12322,train
16174,group_12333,train
16175,group_12319,train
16176,group_12322,train
16177,group_12331,validation
16178,group_12322,train
16179,group_12326,validation
16180,group_12319,train
16181,group_12322,train
16182,group_12332,train
16183,group_12322,train
16184,group_12319,train
16185,group_12322,train
16187,group_12334,train
16188,group_12322,train
16189,group_12331,validation
16190,group_12357,train
16191,group_12358,train
16192,group_12359,train
16193,group_12360,train
16194,group_12361,validation
16195,group_12362,train
16196,group_12363,train
16197,group_12364,train
16198,group_12365,train
16199,group_12366,validation
16200,group_12367,validation
16201,group_12368,train
16202,group_12369,train
16203,group_12370,train
16204,group_12371,train
16205,group_12372,train
16206,group_12373,train
16207,group_12374,validation
16208,group_12375,test
16209,group_12376,validation
16210,group_12377,train
16211,group_12378,validation
16212,group_12379,test
16213,group_12380,train
16214,group_12381,train
16215,group_12382,train
16216,group_12383,train
16217,group_12383,train
16218,group_12385,train
16219,group_12386,validation
16220,group_12387,train
16221,group_12388,train
16222,group_12388,train
16223,group_12390,train
16224,group_12391,train
16225,group_12392,validation
16226,group_12393,validation
16227,group_12394,test
16228,group_12395,train
16229,group_12396,train
16230,group_12397,train
16231,group_12398,validation
16232,group_12399,test
16233,group_12400,train
16234,group_12401,validation
16236,group_12402,train
16239,group_12403,train
16246,group_12404,test
16248,group_12405,train
16250,group_12406,validation
16251,group_10014,train
16252,group_12408,validation
16253,group_10944,validation
16271,group_12305,train
16272,group_12411,train
16273,group_12412,test
16274,group_12413,train
16275,group_12414,train
16276,group_12415,train
16278,group_12416,train
16280,group_12417,train
16281,group_12418,train
16282,group_12419,train
16283,group_12420,train
16284,group_12421,train
16285,group_12422,test
16286,group_12423,train
16287,group_12422,test
16288,group_12425,train
16289,group_12422,test
16290,group_12427,train
16291,group_12428,train
16292,group_12429,test
16293,group_12430,train
16295,group_12427,train
16296,group_12432,validation
16298,group_12433,train
16299,group_12434,train
16303,group_12433,train
16312,group_12434,train
16314,group_12437,train
16315,group_12438,validation
16316,group_12439,train
16317,group_12420,train
16318,group_12421,train
16319,group_12437,train
16320,group_12423,train
16321,group_12437,train
16322,group_12438,validation
16323,group_12423,train
16324,group_12439,train
16325,group_12437,train
16326,group_12449,validation
16327,group_12450,train
16330,group_12451,train
16331,group_12428,train
16332,group_12453,train
16333,group_12454,train
16334,group_12455,train
16335,group_12434,train
16336,group_12457,train
16337,group_12458,train
16338,group_12458,train
16339,group_12460,train
16340,group_12460,train
16341,group_12462,train
16343,group_12462,train
16344,group_12458,train
16345,group_12449,validation
16350,group_12466,train
16351,group_12466,train
16353,group_12468,test
16354,group_12450,train
16355,group_12470,train
16357,group_12458,train
16358,group_12472,train
16360,group_12470,train
16361,group_12460,train
16362,group_12462,train
16363,group_12462,train
16364,group_12472,train
16365,group_12466,train
16367,group_12462,train
16368,group_12480,train
16369,group_12481,test
16370,group_12481,test
16373,group_12483,train
16374,group_12484,train
16375,group_12484,train
16376,group_12486,train
16378,group_12484,train
16379,group_12488,train
16380,group_12489,train
16381,group_12484,train
16382,group_12481,test
16383,group_12492,train
16385,group_12453,train
16387,group_12494,train
16388,group_12495,train
16389,group_12496,train
16390,group_12497,validation
16391,group_12488,train
16392,group_12499,train
16393,group_12500,train
16394,group_12501,train
16395,group_12500,train
16396,group_12503,train
16397,group_12503,train
16398,group_12505,test
16399,group_12506,train
16400,group_12507,test
16401,group_12508,train
16402,group_12509,test
16403,group_12499,train
16404,group_12503,train
16405,group_12503,train
16406,group_12513,train
16407,group_12514,test
16408,group_12499,train
16409,group_12516,train
16411,group_12503,train
16412,group_12518,train
16413,group_12519,train
16414,group_12520,train
16415,group_12521,train
16416,group_12522,train
16417,group_12523,train
16418,group_12524,train
16419,group_12519,train
16420,group_12524,train
16421,group_12527,train
16422,group_12528,train
16423,group_12529,train
16424,group_12530,train
16425,group_12531,train
16426,group_12532,train
16427,group_12533,train
16428,group_12534,validation
16429,group_12535,train
16430,group_12530,train
16431,group_12535,train
16432,group_12535,train
16433,group_12539,test
16434,group_12533,train
16435,group_12541,test
16436,group_12529,train
16437,group_12543,train
16438,group_12530,train
16439,group_12528,train
16440,group_12546,train
16441,group_12532,train
16442,group_12548,validation
16443,group_12548,validation
16444,group_12550,train
16445,group_12551,test
16447,group_12552,train
16448,group_12519,train
16449,group_12554,train
16450,group_12555,train
16452,group_12554,train
16455,group_12554,train
16456,group_12558,train
16457,group_12554,train
16458,group_12560,train
16459,group_12554,train
16460,group_12558,train
16461,group_12563,test
16462,group_12555,train
16463,group_12565,validation
16464,group_12560,train
16465,group_12567,train
16466,group_12558,train
16467,group_12560,train
16468,group_12558,train
16469,group_12571,train
16470,group_12558,train
16471,group_12554,train
16472,group_12558,train
16475,group_12563,test
16476,group_12576,train
16482,group_12558,train
16483,group_12555,train
16484,group_12554,train
16485,group_12567,train
16487,group_12581,train
16488,group_12582,train
16489,group_12583,validation
16490,group_12584,train
16491,group_12584,train
16492,group_12586,train
16493,group_12587,validation
16494,group_12588,test
16495,group_12584,train
16496,group_12590,test
16497,group_12590,test
16498,group_12592,train
16499,group_12593,train
16501,group_12594,test
16502,group_12595,train
16503,group_12596,validation
16504,group_12597,train
16505,group_12597,train
16506,group_12597,train
16507,group_12597,train
16508,group_12597,train
16509,group_12597,train
16510,group_12597,train
16511,group_12597,train
16512,group_12597,train
16513,group_12597,train
16514,group_12597,train
16515,group_12597,train
16516,group_12597,train
16517,group_12597,train
16518,group_12597,train
16519,group_12612,train
16520,group_12613,train
16521,group_12597,train
16522,group_12597,train
16524,group_12554,train
16526,group_12563,test
16527,group_12576,train
16529,group_12565,validation
16530,group_12554,train
16532,group_12558,train
16533,group_12576,train
16534,group_12623,train
16535,group_12624,train
16536,group_12625,test
16537,group_9368,train
16538,group_8960,test
16539,group_8967,train
16540,group_8972,test
16541,group_8961,test
16542,group_8969,train
16543,group_12632,train
16544,group_8960,test
16545,group_8969,train
16546,group_391,train
16547,group_393,train
16548,group_8960,test
16549,group_393,train
16550,group_8958,validation
16551,group_12640,validation
16552,group_12641,train
16553,group_12642,train
16554,group_12643,train
16555,group_12644,train
16556,group_12645,train
16557,group_12646,train
16567,group_12647,train
16602,group_12648,train
16603,group_12648,train
16604,group_12648,train
16605,group_12648,train
16606,group_12652,test
16607,group_12653,test
16608,group_12654,train
16609,group_12655,train
16610,group_12656,train
16611,group_12657,train
16612,group_12658,train
16613,group_12655,train
16614,group_12660,train
16615,group_12661,train
16616,group_12662,validation
16617,group_12663,train
16619,group_12664,train
16620,group_12665,test
16621,group_12666,test
16622,group_12667,train
16623,group_12668,train
16624,group_12669,validation
16625,group_12670,train
16626,group_12671,test
16627,group_12672,train
16628,group_12673,test
16629,group_12674,train
16630,group_12675,validation
16631,group_12671,test
16632,group_12670,train
16633,group_12678,train
16634,group_12679,train
16635,group_12675,validation
16636,group_12672,train
16637,group_12682,validation
16638,group_12683,train
16639,group_12684,train
16640,group_12679,train
16641,group_12671,test
16642,group_12687,train
16643,group_12688,train
16644,group_12684,train
16645,group_12690,train
16646,group_12691,train
16647,group_12692,test
16648,group_12693,train
16649,group_12694,train
16650,group_12693,train
16661,group_12696,train
16664,group_12697,train
16691,group_12698,train
16704,group_12699,validation
16708,group_12700,train
16719,group_12701,test
16724,group_12702,train
16729,group_12703,validation
16730,group_12704,train
16731,group_12705,train
16732,group_12706,train
16733,group_12707,train
16734,group_12708,train
16735,group_12709,train
16736,group_12710,validation
16737,group_12711,validation
16738,group_12712,test
16739,group_12713,test
16740,group_12714,test
16741,group_12715,validation
16742,group_12716,train
16743,group_12717,train
16744,group_12718,train
16745,group_12719,train
16746,group_12720,train
16747,group_12721,validation
16748,group_12722,test
16749,group_12723,train
16750,group_12724,test
16751,group_12725,train
16752,group_12726,validation
16753,group_12727,validation
16754,group_12728,test
16755,group_12729,train
16757,group_12730,test
16758,group_12731,train
16759,group_12732,train
16760,group_12733,train
16761,group_12734,train
16762,group_12735,train
16763,group_12736,train
16764,group_12737,validation
16765,group_12738,train
16766,group_12739,train
16767,group_12740,test
16768,group_12741,train
16769,group_12742,test
16771,group_12743,train
16772,group_12744,train
16773,group_12745,train
16774,group_12746,train
16775,group_12747,train
16776,group_12748,validation
16777,group_12749,train
16778,group_12750,train
16779,group_12751,validation
16780,group_12752,train
16781,group_12753,train
16782,group_12754,test
16783,group_12755,train
16784,group_12756,train
16785,group_12757,train
16786,group_12758,train
16787,group_12759,train
16788,group_12758,train
16789,group_12761,train
16791,group_12201,train
16792,group_12763,train
16793,group_12201,train
16794,group_12765,train
16797,group_12766,train
16798,group_12240,train
16799,group_12228,train
16800,group_12240,train
16801,group_12233,train
16802,group_12771,train
16803,group_12772,train
16804,group_12773,train
16805,group_12774,train
16806,group_12775,train
16807,group_12558,train
16808,group_12555,train
16810,group_12576,train
16812,group_12558,train
16813,group_12563,test
16814,group_12558,train
16815,group_12565,validation
16817,group_12558,train
16818,group_12560,train
16819,group_12597,train
16820,group_12597,train
16821,group_6982,train
16822,group_12788,test
16823,group_6983,test
16824,group_6982,train
16825,group_6982,train
16826,group_12792,train
16827,group_12793,train
16828,group_6985,train
16829,group_6983,test
16830,group_12796,validation
16831,group_6985,train
16832,group_12798,test
16833,group_12799,train
16834,group_12800,train
16835,group_12801,train
16836,group_12802,train
16837,group_12803,test
16838,group_12804,train
16839,group_12802,train
16840,group_12806,train
16841,group_12803,test
16842,group_12801,train
16843,group_12809,train
16844,group_12802,train
16845,group_12811,train
16846,group_12812,train
16847,group_12812,train
16848,group_12803,test
16849,group_12815,validation
16850,group_12801,train
16851,group_12801,train
16852,group_12818,train
16853,group_12819,validation
16854,group_12819,validation
16855,group_12809,train
16856,group_12801,train
16857,group_12801,train
16858,group_12809,train
16859,group_12825,train
16860,group_12812,train
16861,group_12812,train
16862,group_12828,train
16863,group_12801,train
16864,group_12809,train
16865,group_12801,train
16866,group_12801,train
16867,group_12819,validation
16868,group_12812,train
16869,group_12812,train
16870,group_12818,train
16871,group_12801,train
16872,group_12803,test
16873,group_12812,train
16874,group_12815,validation
16875,group_12801,train
16876,group_12812,train
16877,group_12815,validation
16878,group_12844,train
16879,group_12844,train
16880,group_12846,train
16881,group_12846,train
16882,group_12848,validation
16883,group_12849,test
16884,group_12850,validation
16885,group_12851,train
16886,group_12850,validation
16887,group_12849,test
16888,group_12849,test
16889,group_12849,test
16890,group_12844,train
16891,group_12849,test
16892,group_12844,train
16893,group_12844,train
16894,group_12851,train
16895,group_12844,train
16896,group_12848,validation
16897,group_12846,train
16898,group_12851,train
16899,group_12865,test
16900,group_12866,test
16901,group_12866,test
16902,group_12868,train
16903,group_12869,validation
16905,group_12870,train
16906,group_12871,train
16907,group_12872,train
16908,group_12873,train
16909,group_12874,train
16910,group_12875,train
16911,group_12876,test
16912,group_12877,train
16913,group_12878,validation
16914,group_12879,train
16915,group_12880,test
16916,group_12881,train
16917,group_8835,validation
16918,group_8835,validation
16919,group_8835,validation
16920,group_12885,validation
16921,group_8835,validation
16923,group_12887,validation
16924,group_12888,validation
16925,group_12889,train
16926,group_12890,train
16927,group_12891,train
16928,group_12892,train
16929,group_12893,train
16931,group_12894,train
16932,group_12895,validation
16933,group_12896,train
16936,group_12897,train
16937,group_12898,train
16938,group_12899,test
16939,group_12898,train
16940,group_12901,train
16941,group_12902,test
16942,group_12903,test
16943,group_12904,train
16945,group_12905,validation
16946,group_12906,train
16947,group_12899,test
16948,group_12897,train
16949,group_12897,train
16950,group_12910,validation
16951,group_12911,train
16952,group_12911,train
16953,group_12911,train
16954,group_12911,train
16955,group_12915,test
16956,group_12897,train
16957,group_12910,validation
16958,group_12910,validation
16959,group_12899,test
16960,group_12911,train
16961,group_12910,validation
16962,group_12910,validation
16966,group_12923,train
16969,group_12924,train
16970,group_12925,train
16971,group_12926,train
16972,group_12927,train
16973,group_12927,train
16974,group_12929,train
16975,group_12930,train
16976,group_12931,train
16978,group_12932,train
16979,group_12932,train
16980,group_12934,train
16981,group_12935,train
16982,group_12936,train
16983,group_12937,train
16984,group_12938,train
16985,group_12939,train
16986,group_12940,train
16987,group_12941,train
16988,group_12938,train
16989,group_12936,train
16990,group_12944,train
16991,group_12945,train
16992,group_12946,train
16993,group_12947,validation
16994,group_12948,test
16995,group_12949,validation
16996,group_12950,train
16997,group_12951,train
16998,group_12952,train
16999,group_12953,train
17000,group_10089,train
17001,group_12955,train
17003,group_12956,train
17004,group_12957,train
17005,group_12958,train
17007,group_10095,validation
17008,group_10094,train
17009,group_12961,validation
17010,group_12962,test
17011,group_12962,test
17012,group_12962,test
17013,group_10090,validation
17015,group_12966,test
17016,group_12967,train
17017,group_12968,train
17018,group_12969,train
17019,group_12968,train
17020,group_12971,train
17021,group_12949,validation
17022,group_12949,validation
17023,group_12949,validation
17024,group_12975,train
17025,group_12976,test
17026,group_12977,train
17027,group_12978,train
17028,group_12979,train
17029,group_12980,train
17030,group_12981,train
17031,group_12982,train
17032,group_12983,train
17033,group_12984,train
17034,group_12985,test
17035,group_12985,test
17036,group_12987,train
17037,group_12988,train
17038,group_12989,train
17039,group_12990,train
17040,group_12990,train
17041,group_12992,train
17042,group_12993,train
17043,group_12994,train
17044,group_12995,validation
17045,group_12995,validation
17046,group_12997,train
17047,group_12998,validation
17048,group_12998,validation
17049,group_13000,train
17050,group_13001,test
17051,group_13002,train
17052,group_13002,train
17053,group_13004,train
17054,group_13004,train
17055,group_13006,train
17056,group_13007,train
17057,group_13007,train
17058,group_13009,test
17059,group_13010,validation
17060,group_13011,train
17061,group_13012,test
17062,group_13013,train
17063,group_13014,train
17064,group_13015,train
17065,group_13016,train
17066,group_13017,train
17067,group_13018,train
17068,group_13019,train
17069,group_13020,train
17071,group_13021,train
17072,group_13020,train
17073,group_13023,test
17074,group_13021,train
17075,group_13015,train
17076,group_13010,validation
17077,group_13027,validation
17078,group_13028,test
17079,group_13029,train
17080,group_13030,train
17081,group_13031,validation
17082,group_13032,train
17083,group_13033,train
17084,group_13034,validation
17085,group_13035,train
17086,group_13036,train
17087,group_13037,test
17088,group_13038,train
17089,group_13039,train
17090,group_13040,train
17091,group_13041,train
17092,group_13042,validation
17093,group_13043,train
17094,group_13044,train
17095,group_13045,train
17096,group_13046,train
17097,group_13047,validation
17098,group_13048,train
17099,group_13049,train
17100,group_13050,train
17101,group_13051,train
17102,group_13052,train
17103,group_13053,train
17104,group_13054,validation
17105,group_13055,train
17106,group_13056,train
17107,group_13057,train
17108,group_13058,test
17109,group_13059,validation
17110,group_13060,train
17111,group_13061,train
17112,group_13062,train
17113,group_13063,test
17115,group_13064,train
17116,group_13065,train
17117,group_13061,train
17118,group_13067,train
17120,group_13068,validation
17121,group_13069,train
17122,group_13070,validation
17123,group_13071,validation
17124,group_13072,train
17125,group_13068,validation
17126,group_13074,train
17127,group_13075,test
17128,group_13076,test
17129,group_13068,validation
17130,group_13068,validation
17131,group_13068,validation
17132,group_13080,validation
17133,group_13081,train
17134,group_13082,train
17135,group_13068,validation
17136,group_13084,validation
17137,group_13085,train
17138,group_13085,train
17139,group_13087,train
17141,group_13088,train
17142,group_13089,train
17143,group_13067,train
17144,group_13091,train
17149,group_13092,train
17150,group_13093,train
17151,group_13094,train
17152,group_13095,train
17153,group_13096,validation
17154,group_13094,train
17155,group_13098,train
17156,group_13099,train
17157,group_13100,train
17158,group_13101,train
17159,group_13102,validation
17160,group_13103,test
17161,group_13104,train
17162,group_13102,validation
17163,group_13106,test
17164,group_13102,validation
17165,group_13108,validation
17166,group_13100,train
17167,group_13102,validation
17168,group_13111,train
17169,group_13100,train
17170,group_13101,train
17171,group_13114,train
17172,group_13102,validation
17173,group_13116,train
17174,group_13117,validation
17175,group_13114,train
17176,group_13119,train
17177,group_13119,train
17178,group_13100,train
17179,group_13122,train
17180,group_13123,train
17181,group_13124,validation
17182,group_13125,test
17183,group_13126,train
17184,group_13098,train
17185,group_13128,train
17186,group_13100,train
17187,group_13101,train
17188,group_13102,validation
17189,group_13100,train
17190,group_13101,train
17191,group_13102,validation
17192,group_13126,train
17193,group_13128,train
17194,group_13137,validation
17195,group_13138,train
17196,group_13139,train
17197,group_13138,train
17198,group_13141,train
17199,group_13142,train
17200,group_13143,train
17201,group_13139,train
17202,group_13145,test
17203,group_13146,train
17204,group_13147,train
17205,group_13148,test
17206,group_13149,train
17207,group_13150,train
17208,group_13151,train
17209,group_13152,validation
17210,group_13149,train
17211,group_13154,train
17212,group_13149,train
17213,group_13156,train
17214,group_13152,validation
17215,group_13156,train
17216,group_13159,test
17217,group_13149,train
17218,group_13149,train
17219,group_13150,train
17220,group_13149,train
17221,group_13151,train
17222,group_13151,train
17223,group_13152,validation
17224,group_13151,train
17225,group_13151,train
17226,group_13169,train
17227,group_13151,train
17228,group_13152,validation
17229,group_13151,train
17230,group_13149,train
17231,group_13147,train
17232,group_13175,train
17233,group_13176,train
17234,group_13177,validation
17235,group_13178,train
17236,group_13179,train
17237,group_13178,train
17238,group_13181,test
17239,group_13179,train
17240,group_13183,train
17241,group_13184,train
17242,group_13176,train
17243,group_13183,train
17244,group_13145,test
17245,group_13188,train
17246,group_13176,train
17247,group_13179,train
17248,group_13176,train
17249,group_13192,validation
17250,group_13193,train
17251,group_13194,train
17252,group_13195,train
17253,group_13196,validation
17254,group_13197,train
17255,group_13194,train
17256,group_13199,train
17257,group_13194,train
17258,group_13201,test
17259,group_13181,test
17260,group_13203,train
17261,group_13204,train
17262,group_13205,train
17263,group_13206,train
17264,group_13204,train
17265,group_13201,test
17266,group_13146,train
17267,group_13210,test
17268,group_13211,train
17269,group_13145,test
17270,group_13213,validation
17271,group_13205,train
17272,group_13146,train
17273,group_13145,test
17274,group_13146,train
17275,group_13183,train
17276,group_13219,test
17277,group_13195,train
17278,group_13221,test
17279,group_13195,train
17280,group_13223,train
17281,group_13221,test
17282,group_13194,train
17283,group_13226,train
17284,group_13227,train
17285,group_13181,test
17286,group_13229,train
17287,group_13230,train
17288,group_13231,train
17289,group_13232,train
17290,group_13233,test
17291,group_13234,train
17293,group_13235,train
17296,group_13236,train
17297,group_13236,train
17298,group_13236,train
17299,group_13236,train
17300,group_13236,train
17301,group_13241,train
17302,group_13241,train
17303,group_13236,train
17304,group_13244,train
17305,group_13244,train
17306,group_13246,test
17307,group_13246,test
17308,group_13246,test
17309,group_13246,test
17310,group_13246,test
17311,group_13246,test
17312,group_13252,train
17313,group_13252,train
17314,group_13246,test
17315,group_13252,train
17316,group_13246,test
17317,group_13246,test
17318,group_13252,train
17319,group_13252,train
17320,group_13246,test
17321,group_13252,train
17322,group_13246,test
17323,group_13246,test
17324,group_13252,train
17325,group_13265,validation
17326,group_13246,test
17327,group_13252,train
17328,group_13252,train
17329,group_13252,train
17330,group_13252,train
17331,group_13246,test
17332,group_13246,test
17333,group_13246,test
17334,group_13265,validation
17335,group_13246,test
17356,group_13276,train
17359,group_13277,train
17360,group_13278,train
17361,group_13277,train
17362,group_13280,test
17363,group_13280,test
17364,group_13278,train
17365,group_13283,validation
17366,group_13283,validation
17367,group_13280,test
17368,group_13280,test
17369,group_13277,train
17370,group_13277,train
17371,group_13278,train
17372,group_13280,test
17373,group_13277,train
17374,group_13277,train
17375,group_13277,train
17376,group_13278,train
17377,group_13277,train
17378,group_13277,train
17379,group_13283,validation
17380,group_13298,train
17381,group_13299,train
17382,group_13298,train
17383,group_13301,test
17384,group_13301,test
17385,group_13303,train
17386,group_13304,test
17387,group_13305,test
17388,group_13306,train
17389,group_13307,train
17390,group_9115,test
17391,group_9114,train
17392,group_13310,train
17393,group_9130,validation
17394,group_9119,validation
17395,group_13313,train
17396,group_9118,train
17397,group_9130,validation
17398,group_13316,validation
17399,group_9130,validation
17400,group_9130,validation
17401,group_9118,train
17402,group_13316,validation
17403,group_9114,train
17405,group_13322,train
17406,group_13313,train
17407,group_13324,test
17408,group_13325,train
17409,group_13326,train
17410,group_13327,train
17411,group_13328,test
17412,group_13329,train
17413,group_13330,train
17414,group_13331,test
17415,group_13329,train
17416,group_13333,train
17417,group_13334,validation
17418,group_13335,validation
17419,group_13336,train
17420,group_13337,train
17421,group_13338,train
17422,group_13339,train
17423,group_13340,train
17424,group_13341,train
17425,group_13342,train
17426,group_13343,train
17427,group_13344,train
17428,group_13345,train
17429,group_13346,train
17430,group_13347,train
17431,group_13348,train
17432,group_13349,train
17433,group_13350,validation
17434,group_13351,train
17435,group_13352,train
17436,group_13353,test
17437,group_13354,train
17438,group_13355,train
17439,group_13356,validation
17440,group_13357,validation
17441,group_13358,train
17442,group_13359,train
17443,group_13360,train
17444,group_13361,train
17445,group_13362,train
17446,group_13363,train
17447,group_13364,train
17448,group_13365,test
17449,group_13366,test
17450,group_13367,validation
17451,group_13368,validation
17452,group_13369,train
17453,group_13370,test
17454,group_13371,train
17455,group_13372,validation
17456,group_13373,train
17457,group_13374,validation
17458,group_13375,test
17459,group_13376,train
17460,group_13377,train
17461,group_13378,train
17462,group_13379,train
17463,group_13380,train
17464,group_13381,train
17466,group_13382,train
17468,group_13383,train
17471,group_13384,train
17476,group_13385,validation
17479,group_13386,test
17481,group_13387,validation
17483,group_13388,train
17484,group_13389,train
17485,group_13390,test
17489,group_13391,train
17490,group_13392,train
17491,group_13393,train
17493,group_13394,validation
17494,group_13395,train
17495,group_13396,train
17496,group_13397,train
17497,group_13398,train
17498,group_13399,validation
17499,group_13400,test
17500,group_13400,test
17501,group_13398,train
17502,group_13403,train
17503,group_13404,validation
17504,group_13398,train
17505,group_13406,train
17506,group_13400,test
17507,group_13404,validation
17508,group_13398,train
17509,group_13400,test
17510,group_13406,train
17511,group_13398,train
17512,group_13400,test
17513,group_13404,validation
17514,group_13415,validation
17515,group_13416,train
17516,group_13417,train
17527,group_13418,train
17529,group_13419,train
17530,group_13420,train
17531,group_13421,train
17532,group_13419,train
17533,group_13423,train
17534,group_13424,train
17535,group_13425,train
17536,group_13426,train
17537,group_13427,train
17538,group_13425,train
17539,group_13429,train
17540,group_13430,train
17541,group_13431,validation
17542,group_13432,train
17544,group_13426,train
17545,group_10874,train
17546,group_13435,train
17547,group_13426,train
17548,group_10884,train
17549,group_10884,train
17550,group_13425,train
17551,group_13440,train
17552,group_13441,train
17553,group_10884,train
17554,group_13426,train
17555,group_13426,train
17556,group_13431,validation
17557,group_13446,test
17558,group_13426,train
17559,group_10884,train
17560,group_13449,train
17561,group_13426,train
17562,group_13426,train
17563,group_13452,test
17564,group_13430,train
17565,group_13426,train
17567,group_13440,train
17568,group_13426,train
17569,group_13426,train
17570,group_13431,validation
17571,group_13426,train
17572,group_13425,train
17573,group_13426,train
17575,group_13462,train
17576,group_13463,train
17577,group_13464,train
17579,group_13464,train
17580,group_13466,train
17581,group_13467,train
17582,group_13467,train
17583,group_13467,train
17584,group_13467,train
17585,group_13471,train
17586,group_13472,train
17587,group_13473,train
17588,group_13471,train
17589,group_13471,train
17590,group_13473,train
17592,group_13473,train
17594,group_13478,train
17596,group_13479,test
17597,group_13480,test
17599,group_13481,train
17601,group_13482,train
17602,group_13483,test
17603,group_13484,train
17605,group_13485,train
17606,group_13479,test
17607,group_13487,train
17608,group_13488,train
17609,group_13489,train
17611,group_13490,test
17612,group_13491,train
17613,group_13492,test
17614,group_13493,train
17615,group_13494,test
17616,group_13495,train
17617,group_13496,train
17618,group_13497,train
17619,group_13498,train
17620,group_13499,validation
17621,group_13500,train
17623,group_13501,test
17624,group_13502,train
17625,group_13503,train
17626,group_13504,train
17627,group_13505,train
17628,group_13506,train
17629,group_13507,validation
17630,group_13508,train
17631,group_13509,train
17632,group_13510,train
17633,group_13511,train
17634,group_13512,train
17635,group_13513,validation
17636,group_13514,validation
17637,group_13515,train
17638,group_13516,validation
17639,group_13517,train
17640,group_13518,validation
17641,group_13519,test
17642,group_13520,train
17643,group_13521,test
17644,group_13522,train
17645,group_13523,train
17646,group_13524,train
17647,group_13525,train
17648,group_13526,train
17649,group_13522,train
17650,group_13528,train
17651,group_13529,train
17652,group_13523,train
17653,group_13531,train
17654,group_13532,train
17655,group_13533,test
17656,group_13534,train
17657,group_13535,train
17658,group_13536,validation
17659,group_13537,train
17660,group_13537,train
17661,group_13539,test
17662,group_13540,train
17663,group_13541,validation
17664,group_13542,validation
17665,group_13543,train
17666,group_13544,test
17667,group_13545,train
17668,group_13546,train
17669,group_13547,test
17670,group_13548,train
17671,group_13549,test
17672,group_13550,train
17673,group_13551,test
17674,group_13552,train
17675,group_13553,validation
17676,group_13554,train
17677,group_13555,train
17678,group_13556,train
17679,group_13557,train
17680,group_13558,test
17682,group_13547,test
17683,group_13560,test
17684,group_13561,train
17685,group_13562,train
17686,group_13563,validation
17687,group_13564,train
17688,group_13565,train
17689,group_13566,train
17690,group_10929,train
17691,group_13568,train
17692,group_13569,train
17693,group_10922,train
17694,group_13571,train
17695,group_13572,test
17696,group_13573,train
17697,group_13574,train
17698,group_13575,test
17699,group_13576,train
17700,group_13577,train
17701,group_13578,test
17702,group_13579,test
17704,group_13580,train
17705,group_13581,train
17706,group_13582,train
17707,group_13583,train
17708,group_13584,train
17709,group_13585,train
17710,group_13586,train
17711,group_13587,validation
17712,group_13588,train
17713,group_13589,test
17714,group_13590,train
17715,group_13591,train
17717,group_13592,train
17718,group_13590,train
17719,group_13594,validation
17720,group_13594,validation
17721,group_13596,train
17722,group_13597,train
17723,group_13598,train
17724,group_13599,train
17725,group_13600,train
17726,group_13601,train
17727,group_13602,train
17729,group_13599,train
17730,group_13604,train
17731,group_13605,train
17732,group_13606,test
17733,group_13607,test
17734,group_13608,test
17735,group_13609,validation
17736,group_13610,validation
17737,group_13611,train
17738,group_13612,test
17739,group_13613,train
17740,group_13614,train
17741,group_13613,train
17742,group_13616,test
17743,group_13617,train
17744,group_13618,train
17745,group_13619,test
17746,group_13620,train
17747,group_13621,train
17748,group_13618,train
17749,group_13623,train
17750,group_12765,train
17751,group_12765,train
17752,group_12201,train
17753,group_12200,train
17754,group_12202,test
17755,group_12201,train
17756,group_13630,validation
17757,group_13631,test
17758,group_13632,train
17759,group_13633,train
17760,group_13634,test
17761,group_13635,train
17762,group_13636,test
17763,group_13637,train
17764,group_13638,train
17765,group_13639,validation
17766,group_13640,train
17767,group_13641,train
17768,group_13642,validation
17769,group_13630,validation
17770,group_13644,train
17771,group_13645,train
17772,group_13646,train
17773,group_13647,train
17774,group_13646,train
17775,group_13646,train
17777,group_13646,train
17778,group_13646,train
17779,group_13652,train
17780,group_13653,train
17781,group_13654,train
17782,group_13655,test
17783,group_13656,train
17784,group_13657,train
17785,group_9119,validation
17786,group_9120,train
17787,group_9120,train
17788,group_9130,validation
17789,group_13662,train
17790,group_9121,train
17791,group_9115,test
17792,group_9120,train
17793,group_9119,validation
17794,group_13313,train
17795,group_13668,train
17796,group_13669,validation
17797,group_13670,validation
17798,group_13671,test
17799,group_13671,test
17800,group_13673,train
17801,group_13674,train
17802,group_13675,train
17803,group_13676,train
17805,group_13677,test
17806,group_13678,train
17807,group_13679,test
17808,group_13680,train
17809,group_13681,train
17810,group_13681,train
17811,group_13683,train
17812,group_13683,train
17813,group_13685,train
17814,group_13686,validation
17815,group_13687,train
17816,group_13688,test
17817,group_13687,train
17818,group_13685,train
17819,group_13691,test
17820,group_13688,test
17821,group_13686,validation
17822,group_13691,test
17823,group_13695,test
17824,group_13696,train
17825,group_13696,train
17826,group_13698,train
17827,group_13699,test
17828,group_13700,train
17829,group_13701,train
17830,group_13702,train
17831,group_13703,validation
17832,group_13704,train
17833,group_13705,train
17834,group_13706,validation
17835,group_13707,train
17836,group_13708,test
17837,group_13709,train
17838,group_13710,validation
17839,group_13711,train
17840,group_13712,test
17841,group_13713,test
17842,group_13714,train
17843,group_13715,validation
17844,group_13716,train
17845,group_13717,train
17846,group_13718,train
17847,group_13719,train
17848,group_13720,train
17849,group_13721,train
17850,group_13722,train
17851,group_13723,train
17852,group_13724,validation
17853,group_13725,train
17854,group_13726,train
17855,group_13727,validation
17856,group_13727,validation
17857,group_13729,train
17858,group_13730,train
17859,group_13731,test
17860,group_13732,train
17861,group_13733,train
17862,group_13733,train
17863,group_13735,test
17864,group_13736,train
17865,group_13726,train
17866,group_13727,validation
17868,group_13727,validation
17869,group_13725,train
17870,group_13736,train
17871,group_13742,train
17873,group_13743,train
17874,group_13744,train
17875,group_13745,train
17876,group_13746,train
17877,group_13747,validation
17878,group_13748,train
17879,group_13749,test
17880,group_13746,train
17881,group_13745,train
17882,group_13744,train
17883,group_13743,train
17885,group_13746,train
17886,group_13744,train
17887,group_13746,train
17888,group_13757,train
17889,group_13758,validation
17890,group_13759,validation
17891,group_13760,train
17893,group_13761,train
17894,group_13762,test
17895,group_13762,test
17896,group_13764,validation
17897,group_13765,train
17898,group_13766,validation
17899,group_13767,test
17900,group_13768,train
17901,group_13765,train
17902,group_13770,train
17903,group_13771,train
17904,group_13772,train
17905,group_13773,train
17906,group_13774,train
17907,group_13774,train
17908,group_13776,train
17909,group_13774,train
17910,group_13774,train
17911,group_13779,validation
17912,group_13780,test
17913,group_13781,train
17914,group_13782,validation
17915,group_13783,train
17916,group_13784,train
17917,group_13785,train
17918,group_13786,train
17919,group_13787,train
17920,group_13788,test
17921,group_13789,train
17922,group_13790,test
17923,group_13791,train
17924,group_13792,train
17925,group_13793,train
17926,group_13794,train
17927,group_13795,train
17928,group_13796,train
17929,group_13797,train
17930,group_13798,train
17931,group_13799,train
17932,group_13800,train
17933,group_13801,train
17934,group_13802,train
17935,group_13803,validation
17936,group_13804,train
17937,group_13805,train
17939,group_13806,train
17940,group_13807,train
17941,group_13808,train
17942,group_13809,validation
17943,group_13810,test
17944,group_13811,validation
17945,group_13812,validation
17946,group_13813,test
17947,group_13814,train
17948,group_13815,train
17949,group_13816,train
17950,group_13817,validation
17951,group_13818,train
17952,group_13819,train
17953,group_13820,train
17954,group_13821,train
17955,group_13822,train
17956,group_13823,train
17957,group_13824,train
17959,group_13825,validation
17960,group_13826,test
17961,group_13827,train
17962,group_13828,train
17963,group_13829,test
17965,group_13830,train
17966,group_13831,train
17967,group_13832,train
17968,group_13833,train
17969,group_13834,train
17970,group_13826,test
17971,group_13836,validation
17972,group_13837,train
17973,group_13836,validation
17974,group_13836,validation
17975,group_13840,train
17976,group_13826,test
17977,group_13842,train
17978,group_13843,validation
17979,group_13844,train
17980,group_13845,train
17981,group_13846,test
17982,group_13847,train
17983,group_13848,train
17984,group_13848,train
17985,group_13850,validation
17986,group_13848,train
17987,group_13852,test
17988,group_13853,validation
17989,group_13853,validation
17990,group_13653,train
17991,group_13856,train
17992,group_13857,train
17993,group_13858,train
17994,group_13859,train
17995,group_13858,train
17996,group_13861,train
17997,group_13862,train
17998,group_13863,test
17999,group_13864,validation
18000,group_13865,validation
18001,group_13866,train
18002,group_13867,train
18003,group_13868,validation
18004,group_13869,train
18005,group_13870,train
18006,group_13871,train
18007,group_13872,train
18008,group_13848,train
18009,group_13874,train
18010,group_13875,train
18011,group_13876,train
18012,group_13877,train
18013,group_13878,test
18014,group_13879,test
18015,group_13880,train
18016,group_13879,test
18017,group_13874,train
18018,group_13874,train
18019,group_13876,train
18020,group_13885,train
18021,group_13886,train
18022,group_13010,validation
18023,group_13888,validation
18024,group_13874,train
18026,group_13890,train
18027,group_13891,train
18028,group_13892,train
18029,group_13893,validation
18030,group_13894,train
18031,group_13895,validation
18032,group_13896,train
18033,group_13897,train
18034,group_13896,train
18035,group_13899,train
18036,group_13899,train
18037,group_13901,train
18038,group_13902,train
18039,group_13903,train
18040,group_13904,train
18041,group_13905,train
18042,group_13906,train
18043,group_13899,train
18044,group_13908,train
18045,group_13909,validation
18046,group_13910,validation
18047,group_13911,train
18048,group_13912,train
18049,group_13913,train
18050,group_13914,test
18051,group_13892,train
18052,group_13916,test
18053,group_13917,test
18054,group_13918,train
18055,group_13914,test
18056,group_13914,test
18057,group_13891,train
18058,group_13891,train
18059,group_13923,train
18079,group_13924,train
18092,group_13925,train
18117,group_13926,train
18121,group_13927,train
18131,group_13928,train
18133,group_13929,train
18135,group_13930,train
18145,group_13931,train
18161,group_13932,train
18162,group_13933,train
18163,group_13934,validation
18164,group_13935,train
18166,group_13936,train
18167,group_13936,train
18168,group_13938,train
18169,group_13938,train
18170,group_13940,validation
18171,group_13941,train
18172,group_13942,test
18173,group_13942,test
18174,group_13944,validation
18175,group_13944,validation
18176,group_13946,validation
18178,group_13947,test
18179,group_13947,test
18180,group_13949,train
18181,group_13950,train
18185,group_13951,train
18193,group_13951,train
18194,group_13953,train
18195,group_12201,train
18196,group_12231,validation
18197,group_12236,train
18198,group_12229,train
18199,group_13958,test
18200,group_13959,validation
18201,group_13960,train
18202,group_13961,train
18203,group_13962,test
18205,group_13963,test
18206,group_13964,train
18207,group_13965,train
18208,group_13966,validation
18209,group_13967,validation
18210,group_13968,train
18211,group_13969,test
18212,group_13966,validation
18213,group_13964,train
18214,group_13972,train
18215,group_13973,train
18216,group_13974,train
18217,group_13975,validation
18218,group_13976,train
18219,group_13977,train
18220,group_13978,train
18221,group_13979,validation
18222,group_13980,validation
18223,group_13981,train
18224,group_13982,train
18225,group_13983,train
18226,group_13984,train
18227,group_13985,train
18229,group_13982,train
18230,group_13983,train
18231,group_13988,train
18232,group_13985,train
18233,group_13982,train
18234,group_13984,train
18235,group_13983,train
18236,group_13993,train
18237,group_13994,train
18238,group_13983,train
18240,group_13994,train
18241,group_13982,train
18242,group_13983,train
18243,group_13983,train
18244,group_14000,train
18245,group_13983,train
18246,group_13984,train
18248,group_13985,train
18249,group_13982,train
18254,group_14005,train
18255,group_14006,train
18256,group_14007,train
18257,group_14008,train
18258,group_14009,test
18259,group_14010,train
18260,group_14011,train
18261,group_14012,train
18262,group_14013,validation
18263,group_14014,train
18265,group_14015,train
18266,group_14016,train
18267,group_14017,train
18268,group_14018,train
18269,group_14019,train
18270,group_14020,validation
18271,group_14021,test
18272,group_14022,validation
18273,group_14023,validation
18274,group_14024,train
18275,group_14025,train
18276,group_14026,train
18277,group_14027,train
18278,group_14028,validation
18280,group_14029,train
18281,group_14030,train
18282,group_14031,train
18283,group_14032,train
18284,group_14033,train
18286,group_14034,train
18287,group_14035,validation
18288,group_14036,train
18289,group_14037,train
18290,group_14038,test
18291,group_14039,train
18292,group_14040,train
18293,group_14041,train
18294,group_14042,validation
18295,group_14043,test
18296,group_14044,train
18297,group_14045,validation
18298,group_14046,train
18299,group_14047,train
18300,group_14048,train
18301,group_14049,validation
18302,group_14050,validation
18303,group_14051,train
18304,group_14052,train
18305,group_14053,train
18306,group_14054,train
18307,group_14055,train
18308,group_14056,train
18309,group_14057,train
18310,group_14058,train
18311,group_14059,train
18312,group_14060,validation
18313,group_14061,train
18314,group_14062,train
18316,group_14063,train
18317,group_14064,test
18318,group_14065,train
18319,group_14064,test
18320,group_14063,train
18321,group_14065,train
18322,group_14069,train
18323,group_14063,train
18324,group_14071,train
18326,group_14072,train
18327,group_14072,train
18332,group_14074,train
18342,group_14075,train
18345,group_14076,train
18346,group_14077,train
18350,group_14078,test
18352,group_14079,train
18353,group_14080,test
18354,group_14081,train
18355,group_14076,train
18356,group_14083,test
18357,group_14084,validation
18358,group_14080,test
18359,group_14086,train
18360,group_14087,train
18361,group_14088,train
18363,group_8772,train
18364,group_14090,validation
18366,group_14091,train
18367,group_14092,train
18368,group_14093,train
18369,group_14094,validation
18370,group_14095,train
18371,group_14096,train
18372,group_14097,train
18374,group_14098,train
18375,group_14099,test
18376,group_14100,test
18377,group_14101,test
18378,group_14102,train
18383,group_14103,validation
18384,group_14104,test
18385,group_14105,train
18386,group_14106,train
18387,group_14105,train
18388,group_14108,train
18389,group_14109,train
18391,group_14110,test
18392,group_14111,test
18393,group_14112,train
18394,group_14113,test
18395,group_14090,validation
18400,group_14115,train
18401,group_14116,validation
18402,group_14117,train
18403,group_14118,validation
18404,group_14119,train
18405,group_14119,train
18406,group_14117,train
18407,group_14122,train
18408,group_14123,train
18409,group_14124,validation
18410,group_14125,test
18411,group_14126,test
18412,group_14127,test
18413,group_14128,train
18414,group_14129,train
18415,group_14119,train
18416,group_14131,train
18417,group_14132,train
18418,group_14126,test
18419,group_14128,train
18420,group_14126,test
18421,group_14126,test
18427,group_14137,train
18428,group_14138,train
18429,group_14138,train
18430,group_14138,train
18431,group_14138,train
18432,group_14142,train
18433,group_14143,test
18434,group_14144,train
18435,group_14145,train
18436,group_14146,train
18437,group_14137,train
18438,group_14148,train
18439,group_14149,train
18440,group_14150,train
18441,group_14151,validation
18442,group_14152,validation
18443,group_14153,train
18444,group_14154,validation
18445,group_14155,train
18446,group_14156,test
18447,group_14157,train
18448,group_14158,train
18449,group_14157,train
18450,group_14158,train
18451,group_14161,validation
18452,group_14162,test
18453,group_14163,test
18454,group_14164,train
18455,group_14165,validation
18456,group_14166,train
18457,group_14167,train
18458,group_14168,validation
18459,group_14169,train
18460,group_14170,train
18461,group_14171,train
18462,group_14172,train
18463,group_14173,train
18464,group_14174,train
18465,group_14175,train
18466,group_14176,train
18467,group_14177,train
18468,group_14178,train
18469,group_14179,train
18470,group_14180,train
18471,group_14181,train
18472,group_14182,train
18473,group_14183,train
18474,group_14184,train
18475,group_14185,train
18476,group_14186,test
18477,group_14187,validation
18478,group_14188,train
18479,group_14189,validation
18480,group_14190,validation
18481,group_14191,test
18482,group_14192,train
18483,group_14193,validation
18484,group_14194,validation
18485,group_14195,train
18486,group_14196,train
18487,group_14197,validation
18488,group_14198,train
18489,group_14199,train
18490,group_14200,validation
18491,group_14201,train
18492,group_14202,train
18493,group_14203,train
18494,group_14204,train
18495,group_14205,test
18496,group_14206,train
18497,group_14207,test
18498,group_14208,train
18499,group_14209,train
18500,group_14210,train
18501,group_14211,train
18508,group_14212,test
18509,group_14213,train
18512,group_14214,train
18517,group_14215,validation
18518,group_14216,train
18520,group_14217,train
18521,group_14218,train
18522,group_14219,train
18523,group_14220,train
18524,group_14221,train
18525,group_14222,train
18526,group_14223,train
18527,group_14224,validation
18528,group_14225,train
18529,group_14226,train
18530,group_14227,test
18531,group_14228,train
18532,group_14229,train
18533,group_14230,train
18534,group_14231,validation
18536,group_14232,train
18537,group_14233,train
18538,group_14234,train
18539,group_14235,train
18540,group_934,test
18541,group_14237,train
18542,group_14238,train
18543,group_934,test
18544,group_938,train
18545,group_14238,train
18546,group_14242,validation
18547,group_14243,test
18548,group_14244,train
18549,group_14245,train
18550,group_14246,train
18551,group_14247,train
18552,group_14248,train
18553,group_14249,test
18554,group_14250,test
18555,group_5592,train
18556,group_5592,train
18557,group_10766,train
18558,group_14254,train
18559,group_5592,train
18560,group_10769,validation
18561,group_14257,train
18562,group_14244,train
18564,group_14259,train
18565,group_14260,train
18566,group_14261,train
18567,group_14262,validation
18568,group_14263,train
18569,group_14264,test
18570,group_14265,train
18571,group_14266,train
18572,group_14267,validation
18573,group_14268,validation
18574,group_14269,train
18575,group_14270,train
18576,group_14271,train
18577,group_14272,test
18578,group_14273,test
18579,group_14274,test
18580,group_14275,train
18581,group_14276,test
18582,group_14277,train
18583,group_14278,train
18584,group_14279,test
18585,group_14280,train
18586,group_14281,train
18587,group_14282,train
18588,group_14283,train
18589,group_14284,test
18590,group_14285,validation
18591,group_14286,test
18592,group_14275,train
18593,group_14288,train
18594,group_14289,train
18595,group_14290,train
18596,group_14290,train
18597,group_14292,test
18598,group_14293,train
18599,group_14294,train
18600,group_14295,train
18601,group_14296,validation
18602,group_14232,train
18603,group_14298,validation
18604,group_14299,test
18605,group_14298,validation
18606,group_14301,train
18607,group_14289,train
18609,group_12382,train
18610,group_14304,train
18611,group_14305,validation
18612,group_14306,train
18613,group_14307,train
18614,group_14308,test
18615,group_14309,train
18616,group_14310,train
18617,group_14311,train
18618,group_14312,test
18619,group_14313,validation
18620,group_14314,train
18621,group_14315,train
18622,group_14316,validation
18623,group_14317,test
18624,group_14318,train
18625,group_14319,train
18626,group_14320,train
18627,group_14321,test
18628,group_14322,train
18629,group_14323,train
18630,group_14324,train
18631,group_14325,test
18632,group_14326,validation
18633,group_14327,train
18634,group_14328,test
18635,group_14329,train
18636,group_14330,train
18637,group_14331,train
18638,group_14332,train
18639,group_14333,validation
18640,group_14334,train
18641,group_14335,train
18642,group_14336,test
18643,group_14337,validation
18644,group_14338,train
18645,group_14339,train
18646,group_14340,validation
18649,group_14341,train
18651,group_14342,train
18653,group_14343,train
18655,group_14344,validation
18656,group_14345,train
18657,group_14346,train
18658,group_14347,train
18659,group_14348,train
18665,group_14349,test
18667,group_14350,train
18670,group_14351,train
18671,group_14352,train
18672,group_14353,train
18673,group_14354,train
18674,group_14355,train
18675,group_14356,train
18677,group_14357,validation
18678,group_14358,train
18679,group_14359,train
18680,group_14360,validation
18681,group_14361,train
18682,group_14362,train
18683,group_14363,train
18684,group_14364,validation
18685,group_14365,test
18686,group_14365,test
18687,group_14367,test
18688,group_14367,test
18689,group_14369,test
18690,group_14369,test
18691,group_14371,validation
18692,group_14372,train
18693,group_14373,validation
18694,group_14372,train
18695,group_14375,train
18696,group_14376,train
18697,group_14377,train
18698,group_14378,train
18699,group_14377,train
18700,group_14380,test
18701,group_14381,train
18702,group_14382,validation
18703,group_14383,test
18704,group_14381,train
18705,group_14385,train
18706,group_14386,validation
18707,group_14367,test
18708,group_14367,test
18709,group_14369,test
18710,group_14390,validation
18711,group_14391,train
18712,group_14392,train
18713,group_14393,train
18714,group_14394,test
18715,group_14395,test
18716,group_14396,validation
18717,group_14397,train
18718,group_14398,train
18719,group_14399,train
18720,group_14400,test
18721,group_14401,test
18722,group_14402,train
18724,group_14403,train
18725,group_14404,train
18726,group_14405,test
18727,group_14406,train
18728,group_14407,validation
18729,group_14408,train
18730,group_14409,train
18731,group_14410,train
18732,group_14411,train
18733,group_14412,train
18734,group_14413,train
18735,group_14414,validation
18736,group_14415,train
18737,group_14416,test
18738,group_14417,train
18739,group_14418,train
18740,group_14419,train
18741,group_14420,train
18742,group_14421,train
18743,group_14422,test
18744,group_14423,train
18745,group_14424,train
18746,group_14425,train
18747,group_14426,train
18748,group_14427,validation
18749,group_14428,train
18750,group_14429,train
18751,group_14430,test
18752,group_14431,train
18753,group_14432,train
18754,group_14433,train
18755,group_14434,train
18756,group_14435,train
18757,group_14436,train
18758,group_14437,train
18759,group_14438,train
18760,group_14439,train
18761,group_14440,train
18762,group_14441,train
18763,group_14442,train
18764,group_14443,train
18765,group_5592,train
18766,group_14445,train
18767,group_14446,validation
18768,group_14447,train
18769,group_14448,validation
18770,group_14448,validation
18771,group_14445,train
18772,group_14451,train
18773,group_14447,train
18774,group_14446,validation
18775,group_14446,validation
18776,group_14446,validation
18777,group_14447,train
18778,group_14446,validation
18779,group_14446,validation
18780,group_14448,validation
18781,group_14460,train
18782,group_14461,validation
18783,group_14460,train
18784,group_14463,train
18785,group_14448,validation
18786,group_14465,train
18787,group_14466,train
18788,group_14467,test
18789,group_14468,train
18791,group_14465,train
18792,group_14468,train
18793,group_14471,train
18794,group_14471,train
18795,group_14471,train
18796,group_14474,train
18797,group_14475,test
18798,group_14471,train
18799,group_14477,train
18800,group_14478,test
18801,group_14479,train
18802,group_14480,test
18803,group_14479,train
18804,group_14482,train
18805,group_14483,validation
18806,group_14484,validation
18807,group_14485,train
18808,group_14486,train
18809,group_14487,train
18810,group_14487,train
18811,group_14489,train
18812,group_14487,train
18813,group_14486,train
18814,group_14492,train
18815,group_14493,train
18816,group_14494,validation
18817,group_14495,train
18818,group_14495,train
18819,group_14495,train
18820,group_14495,train
18821,group_14499,train
18822,group_14500,train
18823,group_14495,train
18824,group_14495,train
18825,group_14500,train
18826,group_14500,train
18827,group_14495,train
18828,group_14500,train
18829,group_14507,test
18830,group_14508,validation
18831,group_14509,train
18832,group_14509,train
18833,group_14508,validation
18834,group_14509,train
18835,group_14509,train
18836,group_14514,train
18837,group_14509,train
18838,group_14508,validation
18839,group_14508,validation
18840,group_14509,train
18841,group_14507,test
18842,group_14520,train
18843,group_14521,train
18844,group_14522,test
18845,group_14521,train
18846,group_14524,train
18847,group_14525,test
18848,group_14526,train
18849,group_14527,train
18850,group_14528,train
18851,group_14529,train
18852,group_14530,train
18854,group_14531,validation
18855,group_14532,train
18856,group_14533,train
18857,group_14534,validation
18858,group_14535,validation
18859,group_14536,train
18860,group_14537,train
18861,group_14538,train
18862,group_14539,train
18863,group_14540,train
18864,group_14541,train
18865,group_14542,train
18866,group_14543,train
18867,group_14544,train
18868,group_14545,train
18869,group_14546,train
18870,group_14547,train
18871,group_14548,train
18872,group_14549,train
18873,group_14548,train
18874,group_14549,train
18875,group_14548,train
18876,group_14549,train
18877,group_14554,train
18878,group_14555,test
18879,group_14556,train
18880,group_14557,validation
18881,group_14558,test
18882,group_14559,train
18883,group_14560,train
18884,group_14561,train
18885,group_14562,train
18886,group_14563,train
18887,group_14564,train
18888,group_14565,train
18889,group_14566,train
18890,group_14567,test
18891,group_14568,train
18892,group_14569,train
18893,group_14570,test
18894,group_14571,train
18895,group_14572,validation
18896,group_14573,validation
18897,group_14574,train
18898,group_14575,validation
18899,group_14576,test
18900,group_14577,validation
18901,group_14578,train
18902,group_14579,train
18903,group_14580,validation
18904,group_14581,validation
18905,group_14582,train
18906,group_14583,validation
18907,group_14584,test
18908,group_14585,validation
18909,group_14586,test
18910,group_14587,train
18911,group_14588,train
18912,group_14589,train
18913,group_14590,train
18915,group_14591,validation
18916,group_14592,train
18917,group_14593,test
18918,group_14592,train
18919,group_14593,test
18920,group_14596,validation
18921,group_14597,train
18922,group_14598,train
18923,group_14599,train
18924,group_14600,train
18925,group_14601,train
18926,group_14602,validation
18927,group_14603,validation
18929,group_14604,train
18930,group_14604,train
18931,group_14606,test
18932,group_14607,train
18933,group_14608,train
18934,group_14609,train
18935,group_14606,test
18936,group_14611,train
18937,group_14612,test
18938,group_14612,test
18939,group_14614,validation
18940,group_14615,train
18941,group_14616,validation
18942,group_14616,validation
18943,group_14618,train
18944,group_14619,validation
18945,group_14619,validation
18946,group_14619,validation
18947,group_14622,validation
18948,group_14622,validation
18949,group_14622,validation
18950,group_14625,train
18951,group_14626,validation
18952,group_14627,train
18953,group_14627,train
18954,group_14627,train
18955,group_14630,train
18956,group_14631,train
18957,group_14632,validation
18958,group_14633,train
18959,group_14634,validation
18960,group_14635,train
18961,group_14636,train
18962,group_14637,train
18963,group_14638,train
18964,group_14639,test
18965,group_14640,train
18966,group_14641,test
18968,group_14642,train
18969,group_14643,test
18971,group_7511,test
18973,group_14645,validation
18974,group_14646,train
18975,group_14647,train
18976,group_14648,validation
18977,group_14649,train
18978,group_14650,train
18979,group_14651,train
18980,group_14652,train
18981,group_14653,test
18982,group_14654,train
18983,group_14655,train
18984,group_14656,validation
18985,group_14657,validation
18986,group_14658,train
18987,group_14659,train
18988,group_14660,validation
18989,group_14661,test
18990,group_14662,validation
18991,group_14663,train
18992,group_14664,train
18993,group_14665,train
18994,group_14666,train
18995,group_14667,train
18996,group_14668,test
18997,group_14669,train
18998,group_14670,train
18999,group_14671,train
19000,group_14672,validation
19001,group_14673,train
19003,group_14674,validation
19004,group_14675,train
19005,group_14676,train
19006,group_14677,train
19007,group_14678,train
19008,group_14679,test
19009,group_14680,train
19010,group_14681,train
19011,group_14682,train
19012,group_14683,train
19013,group_14684,train
19014,group_14685,train
19015,group_14686,train
19016,group_14677,train
19017,group_14688,train
19018,group_1092,train
19019,group_14690,test
19020,group_14691,train
19021,group_14692,train
19022,group_14693,train
19023,group_14694,train
19024,group_14695,validation
19025,group_14696,train
19026,group_14697,train
19027,group_14698,test
19028,group_14699,train
19029,group_14700,train
19030,group_14701,train
19031,group_14702,train
19032,group_14703,validation
19033,group_14704,train
19034,group_14705,train
19035,group_14706,train
19036,group_14242,validation
19037,group_934,test
19038,group_14709,train
19039,group_10792,train
19040,group_14709,train
19041,group_14712,test
19042,group_14713,train
19043,group_10758,train
19044,group_14715,train
19045,group_14716,train
19046,group_14717,validation
19047,group_14718,train
19048,group_14719,train
19049,group_14720,test
19050,group_14719,train
19051,group_14722,train
19052,group_14723,train
19053,group_13844,train
19054,group_14725,train
19055,group_14726,train
19056,group_14727,train
19057,group_14727,train
19058,group_14729,train
19059,group_14726,train
19060,group_14731,validation
19061,group_14732,test
19062,group_14733,train
19063,group_14734,train
19064,group_14735,validation
19065,group_14736,test
19066,group_14737,test
19067,group_14738,train
19068,group_14739,train
19069,group_14740,train
19070,group_14741,train
19071,group_14742,train
19072,group_14743,train
19073,group_14744,test
19074,group_14745,train
19075,group_14746,train
19076,group_14747,train
19077,group_14748,train
19078,group_14749,train
19079,group_14749,train
19080,group_14747,train
19081,group_14752,validation
19082,group_14753,train
19083,group_14754,train
19084,group_14734,train
19085,group_14756,train
19086,group_14757,train
19087,group_14758,test
19088,group_14749,train
19089,group_14760,validation
19090,group_14761,validation
19091,group_14762,validation
19092,group_14763,train
19093,group_14764,train
19094,group_14765,test
19095,group_14766,test
19096,group_14767,train
19097,group_14768,train
19098,group_14769,validation
19099,group_14770,validation
19100,group_14771,train
19101,group_14772,train
19102,group_14773,validation
19103,group_14774,train
19104,group_14774,train
19105,group_14776,train
19106,group_14777,train
19107,group_14778,train
19108,group_14778,train
19109,group_14780,test
19110,group_14778,train
19111,group_14778,train
19112,group_14778,train
19113,group_14778,train
19114,group_14785,train
19115,group_14778,train
19116,group_14787,validation
19117,group_14788,train
19118,group_14789,train
19119,group_14790,validation
19120,group_14791,test
19121,group_14792,train
19122,group_14793,train
19123,group_14794,test
19124,group_14795,test
19125,group_14796,train
19126,group_14797,train
19127,group_14798,train
19128,group_14799,train
19129,group_14800,validation
19130,group_14801,validation
19131,group_14802,train
19132,group_14803,train
19133,group_14804,validation
19134,group_14805,train
19135,group_14806,train
19136,group_14807,test
19137,group_14808,train
19138,group_14809,train
19139,group_14809,train
19140,group_14809,train
19141,group_14812,validation
19142,group_14813,test
19143,group_14814,train
19144,group_14815,train
19145,group_14816,train
19146,group_14817,test
19147,group_14818,train
19148,group_14819,train
19149,group_14818,train
19150,group_14821,train
19151,group_8241,validation
19152,group_14823,validation
19153,group_14824,train
19154,group_14825,train
19155,group_14826,train
19156,group_14827,train
19157,group_14827,train
19158,group_8241,validation
19159,group_14830,validation
19160,group_14831,validation
19161,group_14832,validation
19162,group_14833,train
19163,group_14834,validation
19165,group_14835,train
19166,group_14836,test
19167,group_14837,train
19168,group_14838,train
19169,group_14839,train
19170,group_14840,validation
19171,group_14841,train
19172,group_14842,train
19173,group_14843,train
19174,group_14844,train
19175,group_14843,train
19176,group_14846,train
19177,group_14847,validation
19180,group_14844,train
19181,group_14849,train
19182,group_14850,train
19183,group_10467,train
19184,group_14849,train
19185,group_14843,train
19186,group_14854,train
19187,group_10467,train
19189,group_14856,test
19191,group_14857,train
19192,group_10467,train
19193,group_14859,train
19194,group_14859,train
19195,group_14861,train
19197,group_14862,train
19198,group_14859,train
19199,group_12945,train
19200,group_14843,train
19201,group_14846,train
19202,group_14867,train
19204,group_14854,train
19206,group_14869,train
19208,group_14870,validation
19210,group_14871,train
19211,group_14871,train
19212,group_14873,train
19213,group_14873,train
19217,group_14875,validation
19218,group_14876,test
19219,group_14877,train
19220,group_14878,validation
19221,group_14879,train
19222,group_14880,test
19223,group_14881,train
19224,group_14882,validation
19225,group_14883,train
19226,group_14884,train
19227,group_14876,test
19228,group_14880,test
19229,group_14887,test
19230,group_14881,train
19231,group_14880,test
19232,group_14890,train
19234,group_14891,train
19236,group_14892,train
19238,group_14893,train
19239,group_14894,validation
19240,group_14895,test
19241,group_14896,train
19242,group_14897,train
19243,group_14898,validation
19244,group_14899,train
19245,group_14900,train
19246,group_14901,train
19247,group_14902,train
19248,group_14903,train
19249,group_14904,train
19250,group_14905,train
19251,group_14906,train
19252,group_14907,test
19253,group_14908,train
19254,group_14909,train
19255,group_14910,train
19256,group_14911,train
19257,group_14911,train
19258,group_14913,train
19259,group_14914,test
19260,group_14915,train
19261,group_14916,train
19262,group_14903,train
19263,group_14918,train
19264,group_14919,train
19265,group_14920,train
19266,group_14919,train
19267,group_14922,train
19268,group_14922,train
19269,group_14924,validation
19270,group_14925,validation
19271,group_14922,train
19272,group_14927,train
19273,group_14928,train
19274,group_14929,train
19275,group_14930,validation
19276,group_14931,validation
19277,group_14932,test
19278,group_14933,train
19279,group_14934,test
19280,group_14935,train
19281,group_14936,validation
19282,group_14937,train
19283,group_14938,train
19284,group_14939,train
19285,group_14940,test
19286,group_14941,train
19287,group_14942,validation
19288,group_14943,train
19289,group_14944,validation
19290,group_14945,validation
19291,group_14946,train
19292,group_14947,train
19293,group_14948,train
19294,group_14949,train
19295,group_14950,validation
19296,group_14951,test
19297,group_14952,validation
19298,group_14953,train
19299,group_14954,train
19300,group_14955,validation
19301,group_14956,train
19302,group_14957,train
19303,group_14958,train
19304,group_14959,train
19305,group_14960,train
19306,group_14961,train
19307,group_14962,train
19308,group_14963,validation
19309,group_14964,test
19310,group_14965,train
19311,group_14966,train
19312,group_14967,train
19313,group_14968,train
19314,group_14969,test
19315,group_14970,test
19316,group_14971,train
19317,group_14970,test
19318,group_14973,train
19319,group_14974,train
19320,group_14975,test
19321,group_14976,validation
19322,group_14977,train
19323,group_14978,train
19324,group_14979,train
19325,group_14976,validation
19326,group_14977,train
19327,group_14977,train
19328,group_14983,train
19329,group_14984,train
19330,group_14985,test
19331,group_14986,train
19332,group_14985,test
19333,group_14986,train
19334,group_14989,train
19335,group_14990,train
19336,group_14991,train
19337,group_14992,train
19338,group_14993,train
19339,group_14993,train
19340,group_14993,train
19341,group_14996,train
19342,group_14985,test
19343,group_14998,train
19344,group_14998,train
19345,group_15000,train
19348,group_15001,train
19349,group_15002,validation
19350,group_9706,validation
19351,group_15004,train
19352,group_15005,train
19353,group_15006,test
19354,group_9706,validation
19355,group_15008,train
19356,group_15009,validation
19357,group_15010,train
19359,group_15011,train
19360,group_15012,train
19361,group_15013,test
19362,group_15014,train
19363,group_15015,train
19364,group_15016,train
19365,group_15017,train
19366,group_15018,train
19367,group_15019,train
19368,group_15020,test
19369,group_15021,validation
19370,group_15022,validation
19371,group_15023,train
19372,group_15024,train
19379,group_15025,train
19380,group_15026,train
19385,group_15027,train
19386,group_13303,train
19387,group_15029,test
19388,group_15030,train
19389,group_15031,train
19390,group_15031,train
19391,group_15033,train
19392,group_15034,train
19393,group_15035,train
19394,group_13507,validation
19395,group_15037,train
19396,group_15031,train
19397,group_15039,train
19398,group_15040,test
19399,group_15034,train
19400,group_6869,train
19401,group_15034,train
19402,group_15044,train
19403,group_15045,train
19404,group_15046,train
19405,group_15047,train
19406,group_15048,validation
19407,group_15034,train
19408,group_15050,validation
19409,group_15051,test
19410,group_15052,train
19411,group_15053,train
19412,group_15054,train
19413,group_15055,train
19414,group_15056,test
19415,group_15054,train
19419,group_15058,train
19420,group_15059,train
19423,group_15060,train
19424,group_15061,train
19425,group_15062,validation
19426,group_15063,train
19427,group_15064,train
19428,group_15065,train
19429,group_15066,validation
19430,group_15067,train
19431,group_15068,train
19433,group_15069,train
19434,group_15070,train
19435,group_15071,validation
19436,group_15072,validation
19438,group_15073,train
19439,group_15074,train
19440,group_15075,train
19441,group_15076,validation
19442,group_15077,train
19445,group_15078,train
19448,group_15079,train
19449,group_15080,train
19450,group_15081,train
19453,group_15082,validation
19455,group_15081,train
19456,group_15084,validation
19457,group_15081,train
19459,group_15086,validation
19465,group_15087,validation
19466,group_15066,validation
19469,group_15089,test
19472,group_15090,validation
19473,group_15091,train
19475,group_15092,train
19476,group_15093,train
19477,group_15094,train
19478,group_15095,test
19479,group_15096,train
19481,group_15097,train
19482,group_15098,train
19483,group_15098,train
19484,group_15100,train
19485,group_15101,test
19486,group_15102,train
19487,group_15103,train
19488,group_15104,validation
19489,group_15101,test
19490,group_15106,train
19491,group_15107,validation
19492,group_15100,train
19493,group_15102,train
19494,group_15110,test
19495,group_15111,train
19496,group_15112,train
19497,group_15113,train
19498,group_15114,train
19499,group_15115,train
19500,group_15116,train
19501,group_14280,train
19502,group_15118,train
19503,group_15119,train
19504,group_15110,test
19505,group_15121,validation
19506,group_15122,test
19507,group_15123,train
19508,group_15124,train
19509,group_15125,train
19510,group_15126,test
19511,group_15127,train
19513,group_15128,train
19514,group_15129,train
19515,group_14643,test
19516,group_15131,train
19517,group_15132,train
19518,group_14633,train
19519,group_15134,train
19520,group_14633,train
19522,group_15136,train
19523,group_15137,train
19524,group_14643,test
19525,group_15139,train
19526,group_15140,train
19527,group_15141,train
19528,group_15142,train
19529,group_15143,train
19530,group_15144,train
19531,group_15145,test
19532,group_15142,train
19533,group_15147,test
19534,group_14643,test
19535,group_15149,train
19536,group_15150,train
19537,group_14633,train
19539,group_14642,train
19540,group_14643,test
19541,group_15154,test
19542,group_15155,train
19543,group_15156,train
19544,group_15157,train
19545,group_15158,train
19546,group_14638,train
19547,group_15160,validation
19548,group_15161,train
19549,group_14817,test
19550,group_15163,train
19551,group_15160,validation
19552,group_15161,train
19553,group_14832,validation
19554,group_14842,train
19555,group_15168,train
19556,group_15169,train
19557,group_15170,train
19558,group_15171,validation
19559,group_8357,train
19560,group_15173,train
19561,group_15174,train
19563,group_15175,train
19564,group_15176,validation
19566,group_14839,train
19567,group_15178,train
19568,group_15179,train
19569,group_14836,test
19570,group_14839,train
19571,group_14830,validation
19572,group_15183,train
19573,group_15184,train
19574,group_15185,train
19575,group_7511,test
19576,group_8361,train
19577,group_15188,test
19578,group_15189,train
19579,group_15190,train
19580,group_14827,train
19581,group_14827,train
19582,group_14836,test
19583,group_15194,train
19584,group_15195,train
19585,group_15196,train
19586,group_15197,train
19587,group_15198,train
19588,group_10380,train
19589,group_15200,train
19590,group_10380,train
19591,group_8285,train
19592,group_15203,train
19593,group_15204,test
19594,group_15205,train
19595,group_15175,train
19596,group_15207,train
19597,group_15208,train
19598,group_15189,train
19599,group_15196,train
19600,group_15211,train
19601,group_15212,train
19602,group_15213,train
19603,group_15214,validation
19604,group_15215,validation
19605,group_8277,train
19606,group_15217,test
19607,group_15218,train
19608,group_15188,test
19609,group_15220,train
19610,group_15221,train
19612,group_15222,train
19613,group_7511,test
19614,group_7458,train
19615,group_15188,test
19616,group_15226,train
19617,group_15196,train
19618,group_7511,test
19619,group_8361,train
19620,group_15188,test
19621,group_15220,train
19622,group_15217,test
19623,group_15226,train
19624,group_15217,test
19625,group_15218,train
19626,group_15236,test
19627,group_14827,train
19628,group_14830,validation
19629,group_14827,train
19630,group_15171,validation
19631,group_15241,train
19632,group_15175,train
19633,group_15175,train
19634,group_7511,test
19635,group_15245,train
19636,group_15246,train
19637,group_15246,train
19638,group_14635,train
19639,group_15249,train
19640,group_15250,train
19641,group_15163,train
19642,group_15252,test
19643,group_15253,test
19644,group_15254,train
19645,group_15245,train
19646,group_7511,test
19647,group_15257,train
19648,group_15258,train
19649,group_15259,train
19650,group_15189,train
19651,group_14839,train
19652,group_15198,train
19653,group_15263,test
19654,group_15264,test
19655,group_15265,test
19656,group_15266,validation
19657,group_15267,train
19658,group_15268,train
19659,group_15269,test
19661,group_7459,train
19662,group_15271,test
19663,group_8361,train
19664,group_15171,validation
19665,group_15266,validation
19666,group_15246,train
19667,group_15276,train
19668,group_15277,train
19669,group_15278,train
19670,group_15170,train
19671,group_15280,train
19672,group_15281,test
19673,group_15282,validation
19674,group_15283,train
19675,group_15207,train
19676,group_15213,train
19677,group_15286,train
19678,group_15213,train
19679,group_7511,test
19680,group_15289,train
19681,group_15188,test
19682,group_15291,train
19683,group_15197,train
19684,group_15293,test
19685,group_15213,train
19686,group_15295,train
19687,group_15296,train
19688,group_15297,validation
19690,group_15298,test
19692,group_8261,train
19693,group_15300,train
19695,group_15301,test
19696,group_15298,test
19697,group_14859,train
19699,group_14856,test
19700,group_14856,test
19701,group_8309,train
19702,group_15307,test
19703,group_15308,train
19705,group_14861,train
19706,group_15310,train
19707,group_14846,train
19708,group_14846,train
19709,group_15313,train
19711,group_14861,train
19712,group_15315,train
19713,group_15310,train
19714,group_15315,train
19715,group_14645,validation
19716,group_15319,train
19717,group_14843,train
19718,group_15321,train
19719,group_15322,validation
19720,group_8466,validation
19721,group_15324,train
19723,group_15298,test
19724,group_15326,test
19725,group_15327,train
19726,group_15328,train
19727,group_15329,test
19728,group_15330,train
19731,group_15319,train
19732,group_15332,test
19733,group_15333,train
19734,group_15328,train
19735,group_15335,train
19736,group_15328,train
19737,group_15337,test
19738,group_15338,validation
19739,group_15339,train
19740,group_15340,train
19741,group_15341,test
19743,group_15342,train
19744,group_15343,validation
19745,group_15344,train
19746,group_15345,train
19747,group_15346,train
19749,group_15347,train
19750,group_15348,validation
19751,group_15349,validation
19752,group_15350,train
19753,group_15351,test
19755,group_15352,train
19756,group_15353,train
19757,group_15354,train
19758,group_15355,train
19759,group_15356,train
19762,group_15357,validation
19763,group_15358,train
19764,group_15359,train
19765,group_15360,validation
19766,group_15356,train
19767,group_15362,train
19769,group_15363,validation
19770,group_15364,train
19771,group_15365,train
19772,group_15366,validation
19773,group_15367,train
19777,group_15368,train
19779,group_15369,train
19780,group_15370,validation
19783,group_15371,train
19784,group_15372,train
19785,group_15373,train
19786,group_15374,train
19787,group_15375,train
19788,group_15372,train
19789,group_15371,train
19790,group_15378,validation
19791,group_15379,train
19792,group_15380,test
19793,group_15381,test
19794,group_15382,train
19795,group_15383,train
19796,group_15384,train
19797,group_15385,train
19798,group_15385,train
19799,group_15387,train
19800,group_15372,train
19801,group_15378,validation
19802,group_15390,train
19803,group_15390,train
19804,group_15378,validation
19805,group_15378,validation
19806,group_15394,train
19807,group_15375,train
19809,group_15396,train
19810,group_15397,train
19811,group_15398,train
19812,group_15399,validation
19813,group_15400,test
19814,group_15401,train
19815,group_15400,test
19816,group_15403,train
19817,group_15404,train
19818,group_15400,test
19819,group_15404,train
19820,group_15407,train
19821,group_15408,train
19822,group_15409,train
19823,group_15410,validation
19824,group_15411,train
19825,group_15412,validation
19826,group_15413,validation
19827,group_15414,train
19828,group_15411,train
19829,group_15416,train
19830,group_15411,train
19831,group_15418,train
19832,group_15416,train
19833,group_13124,validation
19834,group_15421,train
19835,group_15416,train
19836,group_15423,train
19837,group_15412,validation
19838,group_15414,train
19839,group_15416,train
19840,group_15416,train
19841,group_15410,validation
19842,group_15429,train
19843,group_15412,validation
19844,group_15414,train
19845,group_15432,test
19846,group_15433,train
19847,group_13126,train
19848,group_15435,train
19849,group_13124,validation
19850,group_15437,train
19851,group_13125,test
19852,group_13123,train
19853,group_15440,train
19854,group_15440,train
19855,group_15442,train
19856,group_15443,train
19857,group_15444,train
19858,group_13095,train
19859,group_15446,test
19860,group_15446,test
19861,group_15448,train
19862,group_15449,train
19863,group_15450,train
19864,group_15451,train
19865,group_15452,validation
19866,group_15453,validation
19867,group_15453,validation
19868,group_15453,validation
19869,group_15456,validation
19870,group_15457,train
19871,group_15458,train
19872,group_15459,test
19873,group_15460,train
19874,group_15461,train
19875,group_15462,test
19876,group_15463,train
19877,group_15464,train
19878,group_15464,train
19879,group_15464,train
19880,group_15467,validation
19881,group_15468,validation
19882,group_15469,validation
19883,group_15470,test
19884,group_15471,test
19885,group_14579,train
19886,group_15473,train
19887,group_15474,validation
19888,group_15475,train
19889,group_15474,validation
19890,group_15477,train
19891,group_15478,validation
19892,group_15478,validation
19893,group_15480,train
19894,group_15480,train
19895,group_15480,train
19896,group_15480,train
19897,group_15484,test
19900,group_15485,train
19901,group_15486,train
19902,group_15487,train
19903,group_15488,train
19904,group_15489,validation
19905,group_3043,train
19906,group_15491,validation
19907,group_15492,train
19908,group_4652,train
19909,group_3055,train
19910,group_15495,train
19911,group_15496,validation
19912,group_15497,train
19913,group_15498,train
19914,group_15499,test
19915,group_15500,test
19916,group_15501,test
19917,group_3055,train
19918,group_3055,train
19920,group_15504,train
19921,group_15505,train
19923,group_15506,test
19924,group_15507,train
19925,group_15508,train
19926,group_15509,test
19927,group_15510,train
19928,group_15511,train
19929,group_15512,train
19930,group_15512,train
19931,group_15514,train
19932,group_15514,train
19933,group_15516,train
19934,group_15512,train
19935,group_15518,test
19936,group_15519,test
19937,group_15512,train
19938,group_9378,train
19939,group_15522,train
19940,group_7666,train
19941,group_15524,train
19942,group_15525,validation
19943,group_14970,test
19944,group_15527,train
19945,group_15528,validation
19946,group_15529,train
19947,group_15530,validation
19948,group_15531,validation
19949,group_15532,test
19950,group_15533,train
19951,group_15534,train
19953,group_14642,train
19954,group_15536,train
19955,group_15537,train
19956,group_15538,train
19957,group_15137,train
19958,group_15142,train
19959,group_15537,train
19960,group_15149,train
19961,group_15543,test
19962,group_15139,train
19964,group_15545,validation
19965,group_15131,train
19967,group_15547,validation
19968,group_15548,train
19969,group_15549,validation
19971,group_15550,train
19973,group_15551,validation
19974,group_15552,train
19975,group_14824,train
19976,group_15266,validation
19977,group_14827,train
19978,group_15556,train
19979,group_15557,train
19980,group_15558,train
19981,group_14827,train
19982,group_14830,validation
19983,group_15561,train
19984,group_15562,train
19985,group_15561,train
19987,group_15196,train
19988,group_15246,train
19989,group_15207,train
19991,group_14830,validation
19992,group_14827,train
19993,group_15171,validation
19994,group_8215,train
19995,group_14830,validation
19996,group_14830,validation
19997,group_8241,validation
19999,group_8215,train
20000,group_15575,train
20001,group_15576,validation
20002,group_7511,test
20003,group_14827,train
20004,group_15579,train
20005,group_15580,train
20006,group_15581,test
20007,group_15582,train
20008,group_15583,train
20009,group_15584,train
20010,group_15585,train
20011,group_15586,validation
20012,group_15587,test
20014,group_15588,train
20015,group_15280,train
20016,group_15203,train
20017,group_14861,train
20018,group_15592,train
20019,group_14854,train
20020,group_14645,validation
20021,group_14843,train
20022,group_14645,validation
20023,group_14849,train
20024,group_14861,train
20025,group_14859,train
20026,group_14867,train
20027,group_15601,train
20028,group_15298,test
20029,group_15298,test
20030,group_15319,train
20031,group_15605,train
20032,group_14867,train
20033,group_15607,train
20035,group_15608,test
20036,group_15609,train
20037,group_15610,train
20038,group_15611,train
20039,group_15612,train
20040,group_15613,train
20041,group_11129,train
20044,group_15615,validation
20045,group_11220,train
20046,group_15617,train
20047,group_15618,train
20048,group_15619,test
20050,group_15620,train
20051,group_15621,validation
20052,group_15622,train
20053,group_15621,validation
20054,group_15624,train
20055,group_15625,validation
20056,group_15626,train
20057,group_15627,test
20058,group_15628,test
20059,group_15629,train
20060,group_15341,test
20061,group_15631,validation
20062,group_15632,train
20063,group_15624,train
20064,group_15621,validation
20065,group_15635,train
20067,group_15636,train
20068,group_15637,train
20069,group_15635,train
20070,group_15639,test
20072,group_15640,train
20073,group_15641,train
20074,group_15642,train
20075,group_15643,train
20076,group_15644,test
20079,group_15645,validation
20080,group_15646,train
20081,group_15647,test
20084,group_15648,test
20091,group_15649,test
20092,group_15650,train
20093,group_15651,train
20094,group_15652,train
20095,group_15653,validation
20096,group_15653,validation
20097,group_15653,validation
20098,group_15656,validation
20099,group_15657,train
20100,group_15658,train
20101,group_15656,validation
20102,group_15652,train
20103,group_15661,train
20104,group_15651,train
20105,group_15663,train
20106,group_15664,train
20107,group_15656,validation
20108,group_15666,test
20109,group_15667,train
20110,group_15663,train
20111,group_15653,validation
20112,group_15670,train
20113,group_15671,train
20114,group_15672,train
20115,group_15663,train
20116,group_15674,train
20117,group_15656,validation
20118,group_15676,train
20119,group_15677,train
20120,group_15678,test
20121,group_15677,train
20122,group_15680,train
20123,group_15681,train
20124,group_15682,test
20125,group_15683,train
20126,group_15684,train
20127,group_15685,train
20128,group_15686,test
20129,group_15687,train
20130,group_15688,train
20131,group_15689,train
20132,group_15690,train
20133,group_15691,test
20134,group_15692,train
20135,group_15693,train
20136,group_15694,train
20137,group_15695,train
20138,group_15696,test
20139,group_15697,train
20140,group_15698,train
20141,group_15699,train
20142,group_15699,train
20143,group_15701,train
20144,group_15701,train
20145,group_15703,train
20146,group_15704,train
20147,group_15705,train
20148,group_15706,train
20149,group_15707,train
20150,group_15708,train
20151,group_15709,train
20152,group_15710,test
20153,group_15711,train
20154,group_15712,train
20155,group_15713,train
20156,group_15714,train
20157,group_15715,train
20158,group_15716,train
20159,group_15717,validation
20160,group_15718,test
20161,group_15719,train
20162,group_15720,train
20163,group_15721,train
20164,group_15722,test
20165,group_15723,train
20166,group_15724,train
20167,group_15725,validation
20168,group_15726,train
20169,group_15727,train
20170,group_15728,train
20171,group_15729,validation
20172,group_15730,train
20173,group_15731,train
20174,group_15732,train
20175,group_15733,train
20176,group_15734,train
20177,group_15735,train
20178,group_15736,train
20179,group_15737,train
20180,group_15738,train
20181,group_15739,test
20182,group_15740,train
20183,group_15741,train
20184,group_15742,train
20185,group_15743,validation
20186,group_15744,train
20187,group_15745,train
20188,group_15746,train
20189,group_15747,train
20190,group_15748,train
20191,group_15749,test
20192,group_15750,train
20193,group_15751,validation
20194,group_15752,train
20195,group_15753,train
20196,group_15754,test
20197,group_15755,train
20198,group_15756,train
20199,group_15757,test
20200,group_15758,test
20201,group_15759,validation
20202,group_15760,train
20203,group_15761,train
20204,group_15762,train
20205,group_15762,train
20206,group_15764,train
20207,group_15765,train
20208,group_15766,train
20209,group_15767,train
20210,group_15768,test
20211,group_15769,validation
20212,group_15770,train
20213,group_15771,train
20214,group_15772,test
20215,group_15773,train
20216,group_15774,train
20217,group_15775,test
20218,group_15776,train
20219,group_15774,train
20220,group_15778,validation
20221,group_15776,train
20222,group_15780,validation
20223,group_15781,test
20224,group_15782,train
20225,group_15783,train
20226,group_15784,train
20227,group_15785,train
20228,group_15786,train
20229,group_15787,train
20230,group_15788,train
20231,group_15789,train
20232,group_15790,train
20233,group_15791,train
20234,group_15792,validation
20235,group_15793,train
20236,group_15794,train
20237,group_15795,train
20238,group_15796,train
20239,group_15797,validation
20240,group_15798,train
20241,group_15799,train
20242,group_15800,validation
20243,group_15801,train
20244,group_15802,test
20245,group_15799,train
20246,group_15804,train
20247,group_15805,train
20248,group_15806,train
20249,group_15807,train
20250,group_15808,train
20251,group_15809,validation
20252,group_15810,train
20253,group_15811,train
20254,group_15812,train
20255,group_15813,train
20256,group_15814,test
20257,group_15815,train
20258,group_15753,train
20259,group_15750,train
20260,group_15818,train
20261,group_15819,train
20262,group_15820,train
20263,group_15821,train
20264,group_15822,train
20265,group_5592,train
20266,group_15824,validation
20267,group_10766,train
20271,group_14248,train
20272,group_15827,train
20274,group_5590,train
20275,group_11762,test
20276,group_10767,train
20277,group_5590,train
20278,group_10756,train
20279,group_10771,train
20280,group_10777,train
20281,group_11893,train
20282,group_15836,validation
20283,group_8980,train
20284,group_14785,train
20288,group_15839,validation
20289,group_15840,train
20290,group_15841,train
20291,group_15842,test
20295,group_15843,validation
20297,group_15844,test
20298,group_13416,train
20299,group_15846,train
20300,group_15847,validation
20301,group_13417,train
20302,group_15846,train
20303,group_15850,train
20304,group_15851,train
20305,group_13417,train
20306,group_15853,validation
20307,group_15854,train
20308,group_13415,validation
20309,group_15856,train
20310,group_15857,train
20311,group_15858,train
20312,group_15859,train
20313,group_15860,train
20314,group_12567,train
20315,group_12590,test
20316,group_15863,test
20317,group_15864,train
20318,group_15865,train
20319,group_15866,train
20320,group_15867,train
20321,group_15868,train
20322,group_15865,train
20323,group_14777,train
20324,group_15871,train
20325,group_14776,train
20326,group_15873,train
20327,group_15874,train
20328,group_15875,test
20329,group_15876,validation
20330,group_15877,train
20331,group_15878,train
20332,group_15879,train
20333,group_15880,train
20334,group_12879,train
20335,group_15882,train
20336,group_15883,train
20337,group_15884,train
20340,group_15885,train
20341,group_15886,train
20342,group_15887,train
20343,group_15888,train
20344,group_15889,train
20346,group_15890,validation
20347,group_15891,train
20348,group_15892,validation
20349,group_15893,train
20350,group_8835,validation
20351,group_8835,validation
20352,group_15896,train
20353,group_9437,train
20354,group_15898,train
20355,group_15899,train
20357,group_8835,validation
20358,group_15901,train
20360,group_15902,train
20361,group_15903,train
20362,group_15901,train
20364,group_10982,train
20365,group_15906,validation
20366,group_15907,train
20367,group_15908,train
20368,group_14645,validation
20369,group_14861,train
20370,group_15911,train
20371,group_15912,validation
20372,group_15913,train
20373,group_15914,test
20374,group_15915,test
20375,group_15916,train
20376,group_15917,train
20377,group_15918,train
20378,group_15919,test
20379,group_15920,train
20381,group_15921,train
20382,group_15922,train
20383,group_15923,train
20384,group_15924,train
20385,group_15925,train
20386,group_15926,validation
20387,group_15927,train
20388,group_15928,train
20389,group_15929,train
20391,group_15930,validation
20393,group_15931,train
20394,group_15932,train
20395,group_15933,validation
20396,group_15934,train
20397,group_15935,train
20398,group_15936,train
20399,group_15937,train
20401,group_15938,train
20403,group_15939,train
20404,group_15940,train
20405,group_15941,validation
20406,group_15942,test
20408,group_15943,train
20410,group_15944,train
20411,group_15945,train
20412,group_15946,test
20416,group_15947,train
20419,group_15948,train
20420,group_15949,train
20421,group_15950,train
20423,group_15951,train
20425,group_15952,validation
20426,group_15953,train
20427,group_15954,train
20429,group_15955,validation
20431,group_15956,train
20432,group_15957,train
20433,group_15958,train
20434,group_15959,validation
20441,group_15960,train
20445,group_15961,train
20447,group_15962,validation
20449,group_15963,train
20450,group_15964,train
20452,group_15965,train
20454,group_15966,train
20455,group_15967,train
20456,group_15968,test
20457,group_15969,train
20458,group_15970,train
20459,group_15971,train
20460,group_15972,train
20461,group_15973,test
20462,group_15974,train
20463,group_15975,train
20464,group_15976,train
20465,group_15977,train
20466,group_15978,test
20467,group_15979,train
20468,group_15980,train
20470,group_15981,train
20473,group_15982,train
20475,group_15983,train
20476,group_15984,train
20477,group_15985,train
20478,group_15986,test
20479,group_15987,train
20480,group_15988,train
20481,group_15989,test
20482,group_15990,train
20483,group_15991,test
20484,group_15992,train
20486,group_15993,validation
20487,group_15994,test
20488,group_15995,validation
20489,group_15996,validation
20490,group_15997,test
20491,group_15998,train
20492,group_15999,train
20493,group_16000,train
20494,group_16001,train
20495,group_16002,train
20496,group_16003,train
20497,group_16004,test
20498,group_16005,train
20499,group_16006,train
20501,group_16007,train
20502,group_16008,train
20503,group_16009,train
20504,group_16010,train
20505,group_16011,train
20506,group_16012,test
20507,group_16013,train
20508,group_16014,train
20509,group_16015,validation
20510,group_16016,train
20511,group_16017,train
20512,group_16018,train
20514,group_16019,train
20516,group_16020,validation
20517,group_16021,train
20518,group_16022,validation
20519,group_16023,train
20521,group_16024,test
20522,group_16025,validation
20523,group_16026,test
20524,group_16027,validation
20526,group_16028,train
20527,group_16029,train
20528,group_16030,train
20529,group_16031,train
20530,group_16032,test
20531,group_16033,train
20532,group_16034,test
20533,group_16035,test
20534,group_16036,train
20536,group_16028,train
20537,group_16038,train
20540,group_16039,test
20542,group_16040,train
20544,group_16041,train
20546,group_16042,train
20547,group_16043,test
20549,group_16044,test
20552,group_16045,train
20554,group_16046,train
20555,group_16047,train
20556,group_16048,test
20557,group_16049,train
20558,group_16050,validation
20559,group_16051,train
20562,group_16052,train
20563,group_16053,train
20564,group_16054,train
20565,group_16055,train
20566,group_16056,test
20567,group_16057,train
20568,group_16058,train
20571,group_16059,train
20573,group_16060,train
20576,group_16061,train
20578,group_16062,train
20579,group_16063,validation
20580,group_16064,train
20581,group_16065,test
20582,group_16066,train
20583,group_16067,train
20584,group_16068,test
20585,group_16069,train
20586,group_16070,validation
20587,group_16071,validation
20588,group_16072,train
20589,group_16073,train
20590,group_16074,train
20591,group_16075,train
20592,group_16076,train
20593,group_16077,train
20594,group_16078,train
20595,group_16079,validation
20596,group_16080,train
20597,group_16081,validation
20598,group_16082,test
20599,group_16083,train
20600,group_16084,train
20601,group_16085,train
20602,group_16086,train
20603,group_16087,train
20604,group_16088,train
20606,group_16089,train
20610,group_16090,train
20611,group_16091,test
20612,group_16092,train
20613,group_16093,test
20614,group_16094,validation
20615,group_16095,test
20616,group_16096,train
20617,group_16097,train
20618,group_16098,train
20619,group_16099,train
20620,group_16100,test
20621,group_16101,train
20623,group_16102,train
20624,group_16103,train
20625,group_16104,train
20626,group_16105,validation
20627,group_16106,train
20628,group_16107,train
20629,group_16108,test
20630,group_16109,test
20631,group_16110,validation
20637,group_16111,test
20664,group_16112,train
20665,group_16113,validation
20666,group_16112,train
20667,group_16115,train
20668,group_16116,train
20669,group_16117,train
20670,group_16118,train
20671,group_16119,validation
20672,group_16120,train
20674,group_16121,test
20675,group_16122,validation
20676,group_16123,train
20677,group_16124,train
20678,group_16125,train
20679,group_16126,train
20680,group_16127,train
20681,group_16128,validation
20682,group_16129,train
20683,group_16130,train
20684,group_16130,train
20685,group_16132,train
20686,group_16132,train
20687,group_16134,train
20688,group_16135,train
20689,group_16136,train
20690,group_16137,validation
20691,group_16138,train
20695,group_16139,train
20696,group_16140,train
20697,group_16141,train
20698,group_16142,train
20699,group_16143,train
20700,group_16144,train
20704,group_16145,validation
20705,group_16146,train
20706,group_16147,train
20707,group_16148,train
20709,group_16149,train
20710,group_16150,test
20711,group_16151,train
20713,group_16152,train
20714,group_16153,train
20715,group_16154,train
20716,group_16151,train
20729,group_16156,train
20730,group_16157,validation
20731,group_16158,train
20733,group_16159,train
20735,group_16160,test
20752,group_16161,validation
20753,group_16162,test
20754,group_11719,train
20755,group_16164,train
20756,group_16165,train
20757,group_16166,train
20758,group_10157,train
20759,group_10154,train
20760,group_16165,train
20761,group_16170,validation
20762,group_16171,test
20763,group_16172,train
20764,group_16173,test
20765,group_16174,train
20766,group_16175,test
20767,group_16176,train
20768,group_16175,test
20769,group_16178,validation
20770,group_16179,test
20771,group_16180,train
20772,group_16172,train
20773,group_16182,train
20774,group_16179,test
20775,group_16184,test
20776,group_16172,train
20777,group_16186,train
20778,group_16174,train
20779,group_16186,train
20780,group_16184,test
20781,group_16172,train
20782,group_16179,test
20783,group_16192,validation
20784,group_16172,train
20785,group_16194,train
20786,group_16194,train
20787,group_16196,train
20788,group_16197,train
20789,group_16198,train
20790,group_16199,test
20791,group_16200,validation
20792,group_16201,train
20793,group_16202,train
20794,group_16203,test
20796,group_16204,train
20797,group_1988,train
20798,group_16206,train
20799,group_16207,train
20802,group_16208,validation
20804,group_16209,test
20805,group_16210,validation
20807,group_16211,test
20813,group_11640,train
20814,group_16213,train
20815,group_16214,test
20816,group_16215,train
20818,group_16151,train
20823,group_16215,train
20825,group_16218,train
20827,group_16219,train
20828,group_16220,train
20829,group_16221,train
20830,group_16222,train
20831,group_16223,train
20833,group_16224,train
20836,group_16225,validation
20837,group_16226,train
20839,group_16227,train
20840,group_16228,train
20841,group_16229,train
20842,group_4103,train
20843,group_16231,train
20844,group_16232,train
20845,group_16233,test
20847,group_16234,train
20848,group_16235,train
20849,group_16236,train
20850,group_16237,train
20851,group_16238,train
20852,group_16239,train
20853,group_16240,train
20854,group_16241,train
20856,group_16242,test
20858,group_16243,test
20859,group_16244,train
20860,group_16245,train
20861,group_16246,train
20862,group_16247,train
20863,group_16248,train
20864,group_16249,train
20865,group_16250,train
20866,group_16251,train
20868,group_16252,train
20869,group_16253,test
20872,group_14548,train
20873,group_16255,train
20874,group_11916,test
20875,group_16257,validation
20876,group_16258,train
20877,group_16258,train
20879,group_16245,train
20885,group_16261,train
20886,group_16262,train
20887,group_16263,train
20888,group_16264,validation
20889,group_16263,train
20890,group_16266,train
20891,group_16267,train
20892,group_16268,validation
20893,group_16268,validation
20894,group_16270,train
20895,group_16271,train
20896,group_16272,train
20897,group_16273,train
20898,group_16274,train
20899,group_16275,train
20900,group_1092,train
20901,group_16277,train
20902,group_10757,train
20904,group_10792,train
20905,group_16280,train
20906,group_16281,train
20907,group_16282,train
20909,group_11766,train
20910,group_16284,train
20913,group_16284,train
20915,group_16284,train
20918,group_16284,train
20919,group_16288,train
20920,group_16289,train
20921,group_16290,test
20923,group_16291,train
20924,group_16292,train
20925,group_16293,train
20926,group_16294,validation
20927,group_16295,test
20928,group_16296,train
20929,group_16297,train
20930,group_16298,train
20931,group_16292,train
20932,group_16300,train
20933,group_16301,validation
20934,group_5630,test
20935,group_16303,train
20936,group_16304,validation
20937,group_16303,train
20938,group_16306,test
20939,group_16307,train
20940,group_16308,train
20941,group_16309,train
20942,group_16310,train
20943,group_16311,train
20944,group_16312,validation
20945,group_15463,train
20946,group_16314,test
20947,group_16315,validation
20948,group_16316,validation
20949,group_16317,train
20950,group_16318,validation
20951,group_16319,test
20952,group_16320,validation
20953,group_16321,train
20954,group_16322,train
20955,group_16323,validation
20956,group_16324,validation
20957,group_16322,train
20958,group_16326,test
20959,group_16292,train
20960,group_16328,validation
20961,group_16329,train
20962,group_16330,train
20963,group_16331,validation
20964,group_16332,validation
20965,group_16333,train
20966,group_16334,validation
20967,group_16331,validation
20968,group_16336,test
20969,group_16337,validation
20971,group_16338,train
20972,group_16339,train
20974,group_16340,train
20975,group_16339,train
20976,group_16340,train
20978,group_16343,train
20980,group_16337,validation
20983,group_16345,train
20984,group_16337,validation
20986,group_16347,train
20988,group_16348,validation
20990,group_16349,train
20994,group_16350,train
20996,group_16340,train
20998,group_16352,train
21000,group_16353,train
21001,group_16350,train
21006,group_16340,train
21008,group_16339,train
21012,group_16357,test
21013,group_16358,validation
21014,group_16359,train
21015,group_16360,train
21016,group_16361,train
21017,group_16362,test
21018,group_16360,train
21019,group_16364,train
21020,group_16365,train
21021,group_16366,train
21022,group_16367,train
21023,group_16368,train
21024,group_16369,train
21026,group_16370,train
21030,group_16371,train
21034,group_16372,test
21038,group_16373,train
21042,group_16374,validation
21047,group_16375,validation
21050,group_16376,train
21055,group_16377,train
21056,group_16378,train
21059,group_16379,train
21063,group_16380,test
21067,group_16381,train
21071,group_16382,train
21075,group_7397,train
21079,group_16384,train
21083,group_7372,test
21087,group_9206,validation
21091,group_16387,test
21095,group_16388,train
21099,group_16224,train
21103,group_16390,train
21107,group_16391,train
21110,group_16392,train
21111,group_16393,train
21112,group_16394,train
21113,group_4600,validation
21114,group_16396,train
21115,group_16397,train
21116,group_16398,train
21117,group_16399,train
21118,group_16400,validation
21119,group_16401,validation
21120,group_16402,test
21121,group_16403,test
21122,group_16404,train
21123,group_16405,test
21124,group_16406,train
21125,group_16407,test
21126,group_16408,train
21127,group_16409,train
21128,group_16410,train
21129,group_16411,train
21130,group_16412,train
21131,group_16413,train
21132,group_16414,train
21133,group_16415,train
21134,group_16416,train
21135,group_16417,train
21136,group_16418,train
21137,group_16419,train
21138,group_16420,validation
21139,group_16421,validation
21140,group_4600,validation
21141,group_16423,test
21142,group_4536,train
21143,group_16423,test
21144,group_16413,train
21145,group_16427,train
21146,group_16428,train
21147,group_16429,test
21148,group_4536,train
21149,group_16431,test
21150,group_16432,validation
21151,group_16433,validation
21152,group_16434,train
21153,group_16435,train
21155,group_16436,test
21156,group_16437,train
21157,group_16438,train
21158,group_16396,train
21159,group_16440,train
21160,group_16441,train
21161,group_4536,train
21162,group_16443,train
21163,group_16444,train
21164,group_16445,train
21165,group_16446,validation
21166,group_16396,train
21167,group_16396,train
21168,group_16449,train
21169,group_16450,validation
21170,group_16428,train
21171,group_16396,train
21172,group_16453,validation
21173,group_16454,train
21174,group_16455,train
21175,group_16456,train
21176,group_16457,train
21177,group_16458,test
21178,group_16459,train
21179,group_16460,test
21180,group_16461,test
21181,group_16462,test
21182,group_16463,train
21183,group_16464,train
21184,group_16311,train
21185,group_16466,train
21186,group_16467,train
21187,group_16468,train
21188,group_16460,test
21189,group_16470,train
21190,group_16471,train
21192,group_16472,train
21193,group_16473,train
21197,group_16474,train
21198,group_16475,train
21199,group_16476,train
21202,group_16477,train
21210,group_16478,train
21217,group_16479,train
21219,group_5919,train
21224,group_16481,train
21225,group_12643,train
21226,group_16483,validation
21227,group_16484,train
21234,group_8996,train
21235,group_16486,validation
21236,group_3635,test
21237,group_16488,test
21238,group_16489,train
21239,group_16490,train
21240,group_16491,train
21241,group_16492,validation
21243,group_16493,train
21244,group_16494,validation
21245,group_16495,train
21246,group_16496,validation
21247,group_16497,train
21248,group_16498,test
21249,group_16499,train
21250,group_16500,test
21251,group_16501,test
21252,group_16499,train
21253,group_16503,test
21254,group_16504,train
21256,group_16505,train
21257,group_16506,train
21258,group_16507,train
21259,group_16508,train
21260,group_16509,validation
21261,group_16510,train
21263,group_16510,train
21264,group_16512,test
21268,group_16513,train
21269,group_16514,test
21270,group_16515,train
21271,group_16516,train
21273,group_16517,train
21274,group_16518,train
21275,group_16519,train
21276,group_16520,train
21277,group_16521,train
21278,group_16522,validation
21279,group_16523,train
21280,group_16524,train
21281,group_16525,validation
21282,group_16526,test
21283,group_16527,train
21284,group_16528,train
21285,group_16529,train
21286,group_16530,train
21287,group_16531,train
21288,group_16532,train
21289,group_16533,train
21290,group_16534,train
21291,group_16535,test
21292,group_16536,train
21293,group_16537,train
21294,group_16538,train
21295,group_16536,train
21296,group_16535,test
21297,group_16535,test
21298,group_16542,test
21299,group_16537,train
21300,group_16535,test
21304,group_16545,train
21305,group_16542,test
21306,group_16542,test
21307,group_16548,validation
21308,group_16549,train
21309,group_16537,train
21310,group_16545,train
21311,group_16537,train
21312,group_16545,train
21313,group_16537,train
21314,group_16542,test
21315,group_16537,train
21316,group_16545,train
21319,group_16558,train
21320,group_16559,test
21321,group_16560,train
21322,group_16561,test
21323,group_16562,validation
21324,group_16563,train
21325,group_16564,train
21326,group_16565,train
21327,group_16566,validation
21328,group_16567,train
21329,group_16568,test
21330,group_16569,validation
21331,group_16570,train
21333,group_16569,validation
21334,group_16572,train
21335,group_16573,train
21337,group_16569,validation
21338,group_16569,validation
21339,group_16576,train
21340,group_16577,train
21341,group_16578,train
21342,group_16576,train
21343,group_16580,train
21344,group_16581,train
21345,group_16577,train
21346,group_16583,train
21347,group_16581,train
21348,group_16585,test
21349,group_16576,train
21350,group_16576,train
21351,group_16588,train
21352,group_16589,validation
21353,group_16590,train
21354,group_16591,train
21355,group_16592,validation
21356,group_16593,train
21357,group_16594,train
21358,group_16595,train
21359,group_16596,validation
21364,group_16597,train
21367,group_16598,train
21369,group_16599,train
21373,group_16600,train
21375,group_16601,train
21376,group_16602,train
21379,group_16603,train
21380,group_16604,train
21381,group_16605,train
21382,group_16606,train
21385,group_16605,train
21386,group_16598,train
21387,group_16609,train
21388,group_11766,train
21389,group_12558,train
21391,group_16612,train
21392,group_16613,train
21393,group_16614,train
21394,group_16615,train
21395,group_16615,train
21396,group_16617,test
21397,group_16618,train
21399,group_16613,train
21400,group_16620,validation
21401,group_16612,train
21402,group_16622,train
21403,group_16613,train
21404,group_16618,train
21405,group_16613,train
21406,group_16615,train
21407,group_16618,train
21408,group_16620,validation
21409,group_16613,train
21410,group_16620,validation
21411,group_16631,test
21416,group_16632,validation
21418,group_16632,validation
21419,group_16634,test
21420,group_16635,train
21421,group_16636,validation
21422,group_16637,validation
21423,group_16638,train
21424,group_16639,train
21425,group_16632,validation
21426,group_16641,test
21427,group_16635,train
21431,group_16643,train
21433,group_16644,train
21434,group_16645,validation
21435,group_16646,train
21436,group_16647,validation
21437,group_16648,test
21438,group_16649,train
21439,group_16650,train
21440,group_16651,test
21441,group_16652,train
21443,group_16653,train
21444,group_16654,train
21445,group_16655,train
21446,group_16656,train
21449,group_16657,train
21450,group_16658,train
21451,group_16659,train
21453,group_16660,test
21454,group_16661,train
21455,group_16662,train
21464,group_16663,train
21465,group_16664,test
21466,group_16665,validation
21467,group_16666,train
21468,group_16667,test
21469,group_16668,validation
21470,group_16669,train
21471,group_16670,train
21472,group_16671,train
21476,group_16672,train
21478,group_16673,test
21480,group_16674,train
21481,group_16675,train
21483,group_16676,validation
21484,group_16677,validation
21485,group_16678,train
21487,group_16679,train
21488,group_16680,train
21493,group_16681,train
21494,group_16681,train
21496,group_16683,train
21497,group_16684,train
21498,group_16684,train
21499,group_16686,validation
21500,group_16686,validation
21505,group_16688,validation
21506,group_16689,train
21507,group_16690,train
21508,group_16691,train
21509,group_16692,train
21510,group_16693,test
21511,group_16694,train
21519,group_16695,test
21520,group_16692,train
21521,group_16694,train
21522,group_16692,train
21523,group_16699,train
21524,group_16700,train
21526,group_16701,train
21527,group_16702,train
21528,group_16703,train
21532,group_16704,validation
21533,group_16705,train
21534,group_16692,train
21536,group_16707,train
21538,group_16708,train
21539,group_16684,train
21540,group_16710,train
21541,group_16711,train
21543,group_16712,train
21544,group_16713,train
21545,group_16714,train
21546,group_16715,train
21547,group_16716,train
21548,group_16712,train
21549,group_16718,train
21550,group_16719,train
21551,group_16715,train
21552,group_16716,train
21553,group_16692,train
21555,group_16723,train
21556,group_16724,train
21557,group_16725,train
21558,group_16726,test
21559,group_16727,train
21560,group_16728,validation
21562,group_16729,train
21566,group_16730,train
21567,group_16731,train
21568,group_16730,train
21569,group_16730,train
21570,group_16731,train
21571,group_16735,test
21572,group_16736,train
21573,group_16737,train
21574,group_16736,train
21575,group_16736,train
21577,group_16740,train
21578,group_16741,train
21580,group_16742,validation
21582,group_8174,train
21583,group_12612,train
21584,group_12597,train
21585,group_9437,train
21586,group_12613,train
21587,group_8835,validation
21588,group_16749,validation
21589,group_16750,train
21590,group_16751,train
21591,group_15278,train
21592,group_16753,train
21593,group_11615,test
21594,group_16755,train
21596,group_10024,test
21597,group_16757,validation
21598,group_11428,train
21599,group_16759,train
21600,group_16760,test
21602,group_16761,train
21610,group_16762,train
21611,group_16763,train
21612,group_16764,train
21613,group_16765,train
21615,group_16766,validation
21616,group_16767,train
21617,group_16764,train
21618,group_16765,train
21621,group_16770,train
21622,group_16771,train
21623,group_16772,train
21624,group_16762,train
21626,group_16765,train
21627,group_16775,train
21628,group_16776,validation
21629,group_16777,validation
21637,group_16778,validation
21638,group_16779,train
21639,group_16762,train
21640,group_16775,train
21641,group_16782,train
21642,group_16777,validation
21643,group_16764,train
21644,group_16765,train
21645,group_16786,train
21646,group_16764,train
21647,group_16788,train
21650,group_16789,train
21651,group_16790,train
21652,group_16762,train
21653,group_16764,train
21654,group_16765,train
21657,group_16775,train
21658,group_16795,train
21659,group_16762,train
21660,group_16797,train
21661,group_16798,test
21662,group_16764,train
21663,group_16800,validation
21664,group_16801,train
21665,group_16802,train
21666,group_16803,train
21667,group_16804,train
21668,group_16805,test
21669,group_16806,train
21670,group_16807,train
21671,group_16808,validation
21672,group_16809,train
21673,group_16810,train
21674,group_16811,train
21675,group_16812,validation
21676,group_16813,train
21677,group_16814,train
21678,group_16815,train
21679,group_16816,test
21680,group_16817,train
21681,group_16818,train
21682,group_16819,train
21683,group_16820,validation
21684,group_16821,train
21685,group_16822,train
21686,group_16823,test
21687,group_16824,train
21688,group_16825,train
21689,group_16826,train
21690,group_16827,train
21691,group_16828,train
21692,group_16829,test
21693,group_16830,train
21694,group_16831,train
21695,group_16832,train
21696,group_16833,train
21697,group_16834,train
21698,group_16835,train
21699,group_16836,train
21700,group_16837,train
21701,group_16838,train
21702,group_16839,train
21703,group_16840,validation
21704,group_16841,train
21705,group_16842,train
21706,group_16843,train
21707,group_16844,validation
21708,group_16845,train
21709,group_16846,test
21710,group_16847,train
21711,group_16848,test
21712,group_16849,train
21713,group_16850,train
21715,group_14243,test
21719,group_15824,validation
21720,group_10766,train
21721,group_10777,train
21723,group_10771,train
21724,group_10757,train
21725,group_16857,validation
21727,group_16858,train
21728,group_16859,train
21729,group_16860,train
21730,group_16861,train
21732,group_5592,train
21733,group_5592,train
21734,group_15824,validation
21735,group_16865,train
21736,group_10929,train
21737,group_10911,test
21740,group_16868,train
21741,group_16869,train
21743,group_13583,train
21744,group_16871,train
21745,group_16872,train
21747,group_13581,train
21748,group_13581,train
21750,group_16875,train
21752,group_16876,train
21753,group_16711,train
21754,group_16878,test
21758,group_16879,train
21762,group_16880,train
21766,group_16881,test
21770,group_16882,train
21774,group_16883,train
21778,group_16884,train
21782,group_16885,test
21783,group_16886,train
21787,group_16887,test
21791,group_16888,train
21796,group_16889,train
21800,group_16890,validation
21804,group_16891,train
21805,group_16892,validation
21806,group_16893,test
21807,group_16894,train
21808,group_16895,train
21809,group_16896,train
21810,group_16897,train
21811,group_16898,validation
21812,group_16898,validation
21813,group_16900,test
21814,group_16901,train
21816,group_16902,train
21817,group_16903,test
21818,group_16904,train
21819,group_16905,train
21820,group_16906,train
21821,group_16902,train
21822,group_16908,train
21825,group_16909,validation
21829,group_16910,test
21830,group_16911,train
21833,group_16912,train
21838,group_16913,train
21843,group_16914,train
21848,group_16915,train
21853,group_16916,train
21858,group_16917,train
21863,group_16918,train
21868,group_16919,train
21873,group_16920,train
21877,group_16921,train
21878,group_16922,validation
21879,group_16923,train
21880,group_16924,train
21881,group_16925,test
21882,group_16926,train
21883,group_16927,train
21884,group_16928,train
21885,group_16923,train
21886,group_16927,train
21887,group_16931,train
21888,group_16932,train
21889,group_16923,train
21890,group_16927,train
21891,group_16935,train
21892,group_16936,train
21893,group_16937,validation
21894,group_16925,test
21895,group_16928,train
21896,group_16935,train
21897,group_16941,validation
21898,group_16927,train
21899,group_16927,train
21900,group_16935,train
21901,group_16945,test
21902,group_16946,train
21903,group_16935,train
21904,group_16948,train
21905,group_16948,train
21906,group_16936,train
21907,group_16951,test
21908,group_16952,train
21909,group_16951,test
21910,group_16954,train
21911,group_16955,train
21912,group_16956,train
21913,group_16937,validation
21914,group_16958,train
21915,group_16959,validation
21916,group_16960,test
21917,group_16954,train
21918,group_16936,train
21919,group_16937,validation
21920,group_16923,train
21921,group_16965,train
21922,group_16966,train
21923,group_16948,train
21924,group_16968,train
21925,group_16969,train
21926,group_16935,train
21927,group_16971,train
21928,group_16936,train
21929,group_16935,train
21930,group_16935,train
21931,group_16935,train
21932,group_16927,train
21933,group_16977,train
21934,group_16978,train
21935,group_16979,train
21936,group_16980,train
21937,group_16981,train
21938,group_16982,train
21939,group_16983,train
21940,group_16984,train
21941,group_16981,train
21942,group_16984,train
21943,group_16982,train
21944,group_16988,train
21945,group_16989,train
21946,group_16981,train
21947,group_16991,train
21948,group_16984,train
21949,group_16982,train
21950,group_16983,train
21951,group_16981,train
21952,group_16984,train
21953,group_16982,train
21954,group_16981,train
21955,group_16999,test
21956,group_16984,train
21957,group_16981,train
21958,group_17002,train
21959,group_16979,train
21960,group_17004,train
21962,group_16999,test
21963,group_17006,train
21964,group_16984,train
21965,group_17008,validation
21966,group_17008,validation
21967,group_17010,train
21968,group_17011,train
21969,group_17012,test
21971,group_17013,train
21972,group_17014,train
21973,group_17015,train
21974,group_17016,test
21975,group_16984,train
21976,group_16983,train
21977,group_16984,train
21978,group_17016,test
21979,group_17021,train
21980,group_17022,validation
21982,group_17023,train
21985,group_16984,train
21986,group_17025,train
21987,group_16984,train
21988,group_16979,train
21989,group_17028,train
21990,group_17029,train
21991,group_16984,train
21994,group_16981,train
21995,group_17032,train
21996,group_16977,train
21997,group_17034,train
21998,group_17004,train
21999,group_16983,train
22000,group_16979,train
22001,group_17038,train
22002,group_16982,train
22003,group_17004,train
22004,group_16981,train
22005,group_16983,train
22006,group_16984,train
22007,group_16984,train
22008,group_16982,train
22009,group_16981,train
22010,group_16981,train
22011,group_17004,train
22012,group_16999,test
22013,group_16984,train
22014,group_16981,train
22015,group_16999,test
22016,group_17053,train
22017,group_17054,train
22018,group_17055,train
22019,group_17056,train
22020,group_17057,train
22021,group_17054,train
22024,group_17059,train
22026,group_17060,train
22027,group_17061,train
22029,group_17057,train
22030,group_17063,train
22031,group_17064,test
22032,group_17065,test
22033,group_17066,train
22034,group_17067,train
22035,group_17068,test
22036,group_17069,train
22037,group_17070,train
22038,group_17070,train
22039,group_17068,test
22040,group_17068,test
22041,group_17069,train
22042,group_17064,test
22043,group_17056,train
22044,group_17057,train
22045,group_17057,train
22046,group_17079,validation
22048,group_17057,train
22049,group_17081,train
22050,group_17082,train
22051,group_17064,test
22052,group_17084,train
22053,group_17085,test
22054,group_17086,train
22056,group_17064,test
22057,group_17088,train
22059,group_17056,train
22060,group_17064,test
22061,group_8600,test
22063,group_17092,train
22064,group_17057,train
22065,group_17054,train
22066,group_17095,validation
22067,group_17056,train
22068,group_17086,train
22069,group_17098,test
22070,group_17099,train
22071,group_17100,test
22072,group_17057,train
22073,group_17057,train
22074,group_17103,validation
22075,group_17104,train
22076,group_17105,train
22080,group_17103,validation
22081,group_17107,train
22082,group_17082,train
22083,group_17057,train
22091,group_16735,test
22092,group_16730,train
22093,group_16735,test
22094,group_16731,train
22095,group_16730,train
22096,group_9706,validation
22097,group_16731,train
22098,group_17117,train
22100,group_17064,test
22101,group_17119,train
22102,group_17119,train
22103,group_10862,train
22104,group_10840,train
22105,group_10862,train
22109,group_17124,train
22110,group_17125,test
22111,group_17126,train
22112,group_17127,train
22113,group_17128,train
22114,group_17129,train
22117,group_17130,train
22119,group_17131,train
22121,group_17131,train
22122,group_17131,train
22124,group_9769,test
22125,group_17131,train
22126,group_9769,test
22127,group_9769,test
22128,group_17131,train
22129,group_9769,test
22130,group_17131,train
22131,group_17131,train
22132,group_17131,train
22133,group_9769,test
22134,group_17131,train
22135,group_17131,train
22136,group_17146,train
22137,group_9769,test
22138,group_17148,validation
22139,group_17131,train
22140,group_17131,train
22141,group_17131,train
22142,group_9769,test
22143,group_17131,train
22145,group_9762,train
22146,group_9535,validation
22147,group_9535,validation
22148,group_9761,train
22149,group_17158,train
22150,group_17159,train
22151,group_17158,train
22152,group_17161,train
22153,group_17159,train
22154,group_9535,validation
22156,group_9535,validation
22157,group_17165,train
22158,group_9529,train
22159,group_17165,train
22160,group_17165,train
22161,group_9529,train
22162,group_17170,test
22163,group_17171,train
22164,group_17172,train
22165,group_17172,train
22166,group_17172,train
22167,group_17172,train
22168,group_17172,train
22169,group_17170,test
22171,group_17178,train
22172,group_17179,train
22173,group_17180,test
22174,group_17181,train
22175,group_17182,train
22176,group_17183,train
22177,group_17179,train
22178,group_17171,train
22179,group_17186,validation
22180,group_17186,validation
22181,group_17188,train
22182,group_17180,test
22183,group_17172,train
22184,group_17179,train
22186,group_17172,train
22187,group_17172,train
22188,group_17172,train
22189,group_17172,train
22190,group_17181,train
22191,group_17181,train
22192,group_17198,train
22193,group_17179,train
22194,group_17172,train
22195,group_17198,train
22196,group_17170,test
22197,group_17172,train
22198,group_17170,test
22199,group_17170,test
22200,group_17206,train
22202,group_17207,train
22203,group_17208,train
22204,group_17209,train
22205,group_17210,train
22206,group_17211,train
22207,group_17211,train
22208,group_17211,train
22209,group_17214,test
22210,group_17215,train
22211,group_17216,train
22212,group_17217,train
22213,group_17218,train
22214,group_17218,train
22215,group_17220,train
22216,group_17221,train
22217,group_17222,train
22218,group_17223,train
22219,group_17224,train
22220,group_17225,test
22221,group_17226,validation
22222,group_17227,train
22223,group_17228,train
22224,group_17229,train
22225,group_17230,train
22226,group_17231,train
22227,group_17232,validation
22228,group_17233,train
22229,group_17234,validation
22230,group_17235,train
22231,group_17131,train
22232,group_17237,test
22233,group_17238,test
22234,group_9775,train
22235,group_17240,train
22236,group_9773,train
22237,group_17242,train
22239,group_17243,train
22240,group_17240,train
22241,group_17245,validation
22242,group_17240,train
22243,group_9774,train
22244,group_9773,train
22245,group_17249,test
22246,group_17250,train
22247,group_17251,train
22248,group_17252,test
22249,group_17253,train
22250,group_17254,validation
22251,group_17240,train
22252,group_9773,train
22253,group_17257,train
22254,group_17258,test
22255,group_17259,test
22256,group_17260,train
22257,group_9661,train
22258,group_17262,test
22259,group_17263,train
22260,group_17264,train
22261,group_17264,train
22262,group_9660,train
22263,group_17267,test
22264,group_17268,train
22265,group_9780,train
22266,group_9661,train
22267,group_9679,train
22268,group_9665,train
22269,group_17273,train
22273,group_17274,train
22274,group_17275,train
22275,group_9681,train
22276,group_17277,train
22277,group_9673,train
22284,group_17279,validation
22289,group_17268,train
22290,group_9778,train
22294,group_17282,test
22295,group_9660,train
22304,group_17284,train
22305,group_17285,train
22306,group_17274,train
22307,group_17282,test
22308,group_17288,train
22309,group_17279,validation
22310,group_17268,train
22311,group_9778,train
22312,group_17292,train
22313,group_17293,train
22314,group_17294,train
22315,group_17295,train
22316,group_17296,validation
22317,group_17297,test
22318,group_17298,test
22319,group_17299,test
22320,group_17300,train
22321,group_17301,train
22322,group_17302,validation
22323,group_17303,train
22324,group_17304,train
22325,group_17305,test
22326,group_17306,train
22327,group_17307,validation
22328,group_17308,train
22329,group_17309,train
22330,group_17310,validation
22331,group_17311,train
22332,group_17312,train
22334,group_17313,train
22336,group_17311,train
22337,group_17315,train
22338,group_17316,train
22339,group_17317,validation
22340,group_17317,validation
22341,group_17319,validation
22342,group_17317,validation
22343,group_17321,test
22344,group_17322,train
22345,group_17323,train
22346,group_17324,validation
22347,group_17325,train
22348,group_17326,validation
22349,group_17327,train
22350,group_17328,validation
22351,group_17327,train
22352,group_17327,train
22353,group_17331,train
22354,group_17332,train
22355,group_17333,train
22356,group_17334,train
22357,group_17335,train
22358,group_17336,train
22359,group_17328,validation
22360,group_17328,validation
22361,group_17339,train
22362,group_17340,train
22363,group_17341,train
22364,group_17342,test
22365,group_17343,test
22366,group_17344,train
22367,group_17345,train
22368,group_17346,train
22369,group_12236,train
22370,group_12233,train
22372,group_17349,train
22373,group_17350,validation
22374,group_17351,train
22375,group_17352,train
22376,group_17353,train
22377,group_17354,train
22378,group_17355,train
22379,group_17356,train
22380,group_17350,validation
22381,group_17358,test
22382,group_17359,train
22383,group_17360,train
22384,group_17361,validation
22385,group_17362,train
22386,group_17363,test
22388,group_17364,train
22389,group_8817,train
22390,group_13440,train
22391,group_17367,train
22392,group_17368,validation
22393,group_17369,train
22394,group_17370,train
22395,group_17364,train
22398,group_17372,validation
22399,group_17373,validation
22400,group_8830,train
22401,group_17372,validation
22402,group_17372,validation
22403,group_17372,validation
22404,group_17378,train
22405,group_17372,validation
22406,group_6154,validation
22407,group_17372,validation
22409,group_13466,train
22430,group_17383,train
22438,group_17384,train
22453,group_17385,train
22454,group_17386,train
22456,group_17387,train
22457,group_17388,test
22458,group_17389,validation
22459,group_17390,train
22461,group_17391,test
22462,group_17392,train
22463,group_17393,train
22464,group_17394,train
22465,group_17395,validation
22466,group_17396,validation
22467,group_17397,train
22468,group_17398,train
22471,group_17399,validation
22472,group_17400,train
22475,group_17401,train
22476,group_17402,train
22477,group_17403,train
22479,group_17404,train
22480,group_17405,train
22481,group_17406,train
22482,group_17407,train
22483,group_17408,validation
22484,group_17409,train
22485,group_17410,validation
22486,group_17411,train
22487,group_17412,train
22488,group_5519,train
22489,group_17414,validation
22490,group_17415,train
22491,group_17416,train
22492,group_17417,train
22493,group_17418,train
22494,group_17419,train
22495,group_17420,test
22499,group_17421,test
22500,group_14243,test
22501,group_14244,train
22502,group_17424,train
22503,group_17425,train
22504,group_14243,test
22505,group_17427,validation
22510,group_17428,train
22524,group_17429,train
22532,group_17430,train
22533,group_17431,train
22534,group_17432,test
22536,group_17433,train
22537,group_17434,train
22538,group_14369,test
22539,group_17436,train
22540,group_17437,test
22541,group_17438,train
22542,group_17438,train
22543,group_17440,train
22544,group_17441,train
22545,group_11766,train
22547,group_17443,train
22548,group_17444,train
22549,group_17445,train
22550,group_17446,validation
22553,group_17447,test
22554,group_17448,train
22555,group_17449,test
22556,group_17450,train
22557,group_17451,train
22558,group_17452,train
22559,group_17453,train
22560,group_17454,train
22561,group_17455,train
22562,group_17456,train
22563,group_17457,train
22564,group_17458,train
22565,group_17459,train
22567,group_3635,test
22569,group_12201,train
22570,group_3635,test
22571,group_17463,test
22573,group_12204,train
22575,group_12204,train
22576,group_17466,validation
22577,group_16486,validation
22578,group_12206,train
22579,group_17469,train
22580,group_17470,train
22581,group_17471,train
22582,group_17472,train
22583,group_17473,train
22584,group_10550,test
22585,group_17475,train
22586,group_17476,validation
22587,group_17477,test
22588,group_17478,train
22589,group_10547,train
22590,group_10550,test
22591,group_17481,train
22592,group_17482,train
22593,group_17483,test
22594,group_17484,train
22595,group_17485,validation
22596,group_17486,test
22597,group_17487,train
22598,group_17483,test
22599,group_17489,test
22600,group_540,train
22601,group_17491,train
22602,group_540,train
22603,group_17493,train
22604,group_17494,train
22605,group_17495,validation
22606,group_17496,validation
22607,group_17497,test
22608,group_17498,validation
22609,group_17499,train
22610,group_539,test
22611,group_17501,train
22612,group_17502,validation
22613,group_535,test
22614,group_17484,train
22615,group_535,test
22616,group_17486,test
22617,group_17485,validation
22618,group_17472,train
22619,group_540,train
22620,group_17472,train
22621,group_17511,train
22622,group_17512,train
22623,group_17493,train
22624,group_17514,validation
22625,group_17515,train
22626,group_17516,train
22627,group_17517,train
22628,group_17518,train
22629,group_17487,train
22630,group_17520,test
22631,group_17521,train
22632,group_17511,train
22633,group_17523,train
22634,group_17524,test
22635,group_17524,test
22636,group_17526,train
22637,group_17527,train
22638,group_17528,test
22639,group_17529,train
22640,group_17530,train
22641,group_17531,train
22642,group_17532,train
22643,group_17533,validation
22644,group_10547,train
22645,group_17535,validation
22646,group_17536,train
22647,group_3042,train
22648,group_4679,train
22649,group_17539,train
22650,group_4667,test
22651,group_17541,train
22652,group_17535,validation
22653,group_3058,test
22654,group_3055,train
22655,group_17545,train
22656,group_17546,train
22657,group_17547,train
22658,group_2435,train
22659,group_15501,test
22660,group_17550,train
22661,group_17551,train
22662,group_2435,train
22663,group_17553,train
22664,group_17554,train
22665,group_17555,train
22666,group_17556,validation
22667,group_17557,train
22668,group_17558,train
22670,group_17559,train
22671,group_3058,test
22672,group_2427,validation
22673,group_17562,test
22674,group_2427,validation
22675,group_3043,train
22676,group_17565,train
22677,group_17566,train
22678,group_17567,validation
22679,group_17568,test
22680,group_17569,train
22681,group_17570,train
22682,group_17571,train
22683,group_4677,test
22684,group_4677,test
22685,group_17574,train
22686,group_17575,train
22687,group_17576,train
22688,group_17577,train
22689,group_17578,train
22690,group_17579,test
22691,group_17580,train
22692,group_17581,validation
22693,group_17582,train
22694,group_17583,train
22696,group_17584,train
22697,group_17585,train
22698,group_17586,train
22699,group_17587,train
22700,group_17588,validation
22701,group_17589,train
22702,group_17590,train
22703,group_17591,train
22704,group_17592,train
22705,group_17593,train
22706,group_17594,train
22707,group_17595,validation
22708,group_10443,train
22709,group_17597,train
22710,group_17598,test
22711,group_17599,train
22712,group_17599,train
22713,group_17601,train
22714,group_17602,train
22715,group_17603,train
22716,group_17604,train
22717,group_17605,train
22718,group_17606,train
22719,group_17607,test
22720,group_17608,train
22721,group_17609,train
22722,group_17610,train
22723,group_17611,test
22724,group_17612,train
22725,group_17613,train
22726,group_17614,train
22727,group_17615,test
22728,group_17616,test
22729,group_17617,train
22730,group_17618,test
22731,group_17619,validation
22732,group_17620,train
22733,group_17621,train
22734,group_17622,train
22735,group_17623,test
22736,group_17624,test
22737,group_17625,train
22738,group_14968,train
22739,group_17627,validation
22740,group_16935,train
22741,group_17629,train
22742,group_16937,validation
22743,group_16935,train
22744,group_17632,train
22745,group_16935,train
22746,group_16937,validation
22747,group_16935,train
22748,group_16935,train
22749,group_16935,train
22750,group_16971,train
22751,group_16971,train
22752,group_16935,train
22753,group_17629,train
22754,group_17642,train
22755,group_17642,train
22756,group_17644,train
22757,group_17645,train
22758,group_16935,train
22759,group_16971,train
22760,group_17642,train
22761,group_16937,validation
22762,group_17650,train
22763,group_16937,validation
22764,group_17645,train
22765,group_17642,train
22766,group_17644,train
22767,group_16932,train
22768,group_17656,train
22769,group_17657,validation
22770,group_16937,validation
22771,group_16935,train
22772,group_16937,validation
22773,group_16971,train
22774,group_17662,test
22775,group_16971,train
22776,group_16927,train
22777,group_16971,train
22778,group_17666,train
22779,group_17667,train
22780,group_16923,train
22781,group_16935,train
22782,group_16923,train
22783,group_16936,train
22784,group_17672,test
22786,group_16284,train
22787,group_16284,train
22789,group_17675,train
22792,group_17676,train
22794,group_17677,train
22795,group_17676,train
22796,group_17679,test
22797,group_17680,test
22798,group_17681,validation
22799,group_16612,train
22800,group_17683,train
22801,group_17683,train
22802,group_17685,train
22803,group_17686,validation
22805,group_17687,train
22807,group_17688,train
22810,group_17689,validation
22811,group_17690,validation
22812,group_17691,validation
22813,group_17686,validation
22814,group_17693,validation
22815,group_17694,test
22816,group_17695,train
22817,group_17696,train
22818,group_17697,train
22819,group_17694,test
22820,group_17699,train
22821,group_17700,train
22822,group_17701,train
22823,group_17696,train
22824,group_17694,test
22825,group_17696,train
22826,group_17694,test
22827,group_17706,train
22828,group_17697,train
22829,group_17708,train
22830,group_17706,train
22831,group_17696,train
22832,group_17711,validation
22833,group_17695,train
22836,group_17694,test
22837,group_17708,train
22838,group_17696,train
22840,group_17694,test
22841,group_17711,validation
22842,group_17696,train
22844,group_17694,test
22845,group_17720,train
22846,group_17696,train
22847,group_17708,train
22848,group_17696,train
22849,group_17696,train
22850,group_17694,test
22851,group_17696,train
22852,group_17694,test
22853,group_17694,test
22854,group_17696,train
22855,group_17694,test
22856,group_17694,test
22857,group_17696,train
22858,group_17708,train
22859,group_17696,train
22860,group_17697,train
22861,group_17708,train
22862,group_17711,validation
22863,group_17696,train
22864,group_17708,train
22865,group_17696,train
22866,group_17706,train
22867,group_17694,test
22868,group_17696,train
22869,group_17694,test
22870,group_17720,train
22871,group_17696,train
22872,group_17708,train
22873,group_17696,train
22874,group_17697,train
22875,group_17696,train
22876,group_17708,train
22877,group_17720,train
22878,group_17696,train
22881,group_17754,train
22882,group_17755,validation
22883,group_17756,train
22884,group_17757,train
22885,group_17756,train
22886,group_17756,train
22887,group_17755,validation
22888,group_17757,train
22889,group_17762,train
22890,group_17755,validation
22891,group_17757,train
22892,group_17757,train
22893,group_17756,train
22894,group_17767,train
22895,group_17756,train
22896,group_17769,train
22898,group_17364,train
22900,group_6160,train
22905,group_17772,test
22908,group_17773,train
22909,group_17774,train
22911,group_17775,test
22912,group_17776,train
22913,group_17777,test
22914,group_17778,train
22915,group_16243,test
22916,group_17780,train
22917,group_17781,train
22919,group_17782,train
22920,group_17783,train
22921,group_17784,train
22922,group_17785,train
22923,group_17786,train
22924,group_17782,train
22925,group_17788,train
22926,group_17789,train
22927,group_17790,train
22928,group_17791,test
22929,group_17792,train
22930,group_17793,validation
22931,group_17794,train
22932,group_17795,test
22933,group_17782,train
22934,group_17797,train
22935,group_17798,train
22936,group_17782,train
22937,group_17797,train
22938,group_17797,train
22939,group_17802,validation
22940,group_17803,test
22941,group_17804,train
22942,group_17782,train
22943,group_17806,train
22944,group_17804,train
22945,group_17808,test
22946,group_17804,train
22947,group_17810,train
22948,group_17811,train
22949,group_17812,train
22950,group_17813,train
22952,group_17814,train
22953,group_17815,test
22958,group_17816,train
22959,group_17817,train
22962,group_17818,train
22963,group_17819,validation
22968,group_17820,train
22969,group_17821,train
22970,group_17822,train
22971,group_17823,train
22975,group_17824,train
22976,group_17825,train
22977,group_17826,train
22978,group_17827,train
22979,group_17828,test
22980,group_17829,train
22981,group_17830,train
22982,group_17831,train
22983,group_17832,train
22984,group_17833,train
22987,group_17834,test
22988,group_17835,train
22990,group_17836,train
22994,group_17837,test
22998,group_17838,validation
22999,group_17839,train
23004,group_17840,train
23005,group_17841,train
23024,group_17842,train
23027,group_11086,train
23028,group_11086,train
23029,group_11086,train
23030,group_11092,train
23031,group_11092,train
23032,group_17848,train
23033,group_17849,train
23034,group_17850,test
23035,group_17851,train
23036,group_11092,train
23037,group_17850,test
23038,group_17854,test
23039,group_17854,test
23040,group_17856,train
23041,group_17857,train
23042,group_17858,train
23043,group_17859,train
23044,group_17860,train
23045,group_17861,train
23046,group_17861,train
23047,group_17863,train
23048,group_17864,test
23049,group_17865,validation
23050,group_17866,train
23051,group_17867,train
23052,group_17868,train
23053,group_17869,validation
23054,group_17870,train
23055,group_17871,train
23056,group_17872,validation
23057,group_17873,validation
23058,group_17874,train
23060,group_17875,train
23063,group_17876,train
23067,group_17877,train
23068,group_17878,train
23069,group_17879,train
23071,group_17880,train
23072,group_17881,train
23073,group_17882,train
23077,group_17883,test
23079,group_17884,train
23083,group_17885,train
23084,group_17886,train
23088,group_17887,test
23089,group_17888,validation
23091,group_17889,train
23092,group_17890,validation
23093,group_17891,train
23094,group_17892,train
23095,group_17893,train
23096,group_13525,train
23097,group_17895,train
23099,group_17896,train
23100,group_17897,validation
23101,group_17898,validation
23102,group_17899,test
23103,group_17900,test
23104,group_17901,validation
23105,group_17902,validation
23106,group_17903,validation
23107,group_17904,test
23108,group_17904,test
23109,group_17904,test
23110,group_17907,train
23111,group_17908,train
23112,group_17909,train
23113,group_17910,train
23114,group_17900,test
23115,group_17907,train
23116,group_17909,train
23117,group_17907,train
23118,group_17909,train
23119,group_17916,train
23120,group_17917,train
23121,group_13529,train
23122,group_17919,test
23123,group_17920,train
23124,group_17921,train
23125,group_13525,train
23127,group_17923,validation
23129,group_16913,train
23130,group_16914,train
23131,group_16915,train
23132,group_16916,train
23133,group_16912,train
23134,group_16917,train
23135,group_16920,train
23136,group_17931,train
23137,group_17932,validation
23138,group_17933,train
23139,group_17934,validation
23140,group_17935,train
23141,group_17936,train
23142,group_17937,train
23143,group_17938,train
23144,group_17939,train
23145,group_17940,train
23146,group_17941,validation
23147,group_17942,train
23148,group_17943,train
23149,group_17944,train
23150,group_17945,validation
23151,group_17946,train
23152,group_17947,train
23153,group_17948,train
23154,group_17949,train
23155,group_17773,train
23156,group_17773,train
23157,group_17952,train
23158,group_17953,train
23159,group_17954,train
23160,group_17954,train
23161,group_17956,train
23162,group_17956,train
23163,group_17956,train
23164,group_17948,train
23165,group_17948,train
23166,group_17961,train
23167,group_17961,train
23168,group_17952,train
23169,group_17964,train
23170,group_17952,train
23171,group_17953,train
23172,group_17953,train
23173,group_17953,train
23174,group_17953,train
23175,group_17956,train
23176,group_17956,train
23177,group_17948,train
23178,group_17973,train
23179,group_17973,train
23180,group_17975,train
23181,group_17976,train
23182,group_16369,train
23186,group_17978,train
23187,group_17979,train
23188,group_17466,validation
23189,group_17981,train
23191,group_17982,test
23193,group_17981,train
23194,group_3635,test
23195,group_17985,test
23196,group_17981,train
23197,group_3635,test
23198,group_17988,train
23199,group_17981,train
23200,group_17981,train
23201,group_3635,test
23202,group_17992,train
23204,group_17981,train
23205,group_3635,test
23206,group_3635,test
23207,group_3635,test
23208,group_17961,train
23209,group_17998,train
23210,group_17999,train
23211,group_18000,train
23212,group_18001,test
23213,group_18002,train
23214,group_18003,validation
23215,group_18004,train
23216,group_18005,train
23217,group_18006,train
23218,group_18007,validation
23219,group_18008,train
23220,group_18009,train
23221,group_18010,test
23222,group_18011,train
23223,group_18012,train
23224,group_18013,validation
23225,group_18014,test
23226,group_18015,train
23227,group_18016,test
23228,group_18017,train
23229,group_18018,test
23230,group_18019,test
23231,group_18020,train
23232,group_18021,train
23233,group_18022,train
23234,group_18023,train
23235,group_18024,train
23236,group_18025,test
23237,group_18026,train
23238,group_18027,train
23239,group_18028,train
23240,group_18029,train
23241,group_18030,test
23242,group_18031,test
23243,group_18032,train
23244,group_18031,test
23245,group_18034,train
23246,group_18035,validation
23247,group_18035,validation
23248,group_18032,train
23249,group_18031,test
23250,group_18031,test
23251,group_18035,validation
23252,group_18041,train
23253,group_18035,validation
23254,group_18043,test
23255,group_18031,test
23256,group_18041,train
23257,group_18046,train
23258,group_18047,train
23259,group_18048,test
23260,group_18049,train
23261,group_18049,train
23262,group_18051,train
23263,group_18052,train
23264,group_18053,validation
23265,group_18054,train
23266,group_18052,train
23267,group_18056,train
23268,group_18057,train
23269,group_18056,train
23270,group_18057,train
23271,group_18056,train
23272,group_18061,train
23273,group_18062,validation
23274,group_18063,validation
23275,group_18056,train
23276,group_18051,train
23277,group_18057,train
23278,group_18067,train
23279,group_18057,train
23280,group_18049,train
23281,group_18049,train
23282,group_18071,validation
23283,group_18056,train
23284,group_18051,train
23285,group_18074,test
23286,group_18051,train
23287,group_18076,train
23288,group_18052,train
23289,group_18078,train
23290,group_18063,validation
23291,group_18080,train
23292,group_18056,train
23293,group_18056,train
23294,group_18083,test
23296,group_18084,train
23297,group_18085,train
23298,group_18086,validation
23299,group_18087,train
23300,group_18088,train
23301,group_18089,train
23302,group_18090,train
23303,group_18091,train
23304,group_18092,train
23305,group_18093,validation
23306,group_18094,train
23307,group_18095,train
23308,group_18096,train
23309,group_18097,train
23310,group_18098,validation
23311,group_18099,validation
23312,group_18093,validation
23313,group_18101,validation
23314,group_18102,test
23315,group_18093,validation
23316,group_8877,train
23317,group_8877,train
23318,group_18106,validation
23319,group_8877,train
23320,group_8855,train
23321,group_8877,train
23322,group_8877,train
23323,group_18099,validation
23324,group_18112,train
23325,group_8877,train
23326,group_8877,train
23327,group_18115,train
23328,group_8877,train
23329,group_18115,train
23330,group_18118,test
23331,group_8877,train
23332,group_18120,train
23333,group_18121,train
23334,group_18122,validation
23335,group_18123,test
23336,group_18124,test
23337,group_18125,train
23338,group_11629,train
23339,group_18127,train
23350,group_18128,train
23373,group_18129,train
23400,group_18130,train
23401,group_18131,train
23441,group_18132,test
23442,group_18133,train
23446,group_18134,test
23447,group_18135,validation
23448,group_18136,train
23450,group_18137,train
23451,group_18138,test
23453,group_18138,test
23455,group_18140,train
23457,group_18140,train
23460,group_18142,train
23461,group_18143,test
23462,group_18144,train
23463,group_18143,test
23464,group_18143,test
23465,group_18147,train
23466,group_18148,train
23467,group_18149,train
23468,group_18142,train
23469,group_18151,validation
23470,group_18143,test
23471,group_18153,train
23472,group_18154,train
23473,group_18155,train
23474,group_18148,train
23475,group_18143,test
23476,group_18148,train
23477,group_18159,train
23478,group_18160,train
23479,group_18161,train
23480,group_18162,train
23481,group_18163,test
23482,group_18164,train
23483,group_18165,test
23484,group_18166,validation
23485,group_18167,train
23486,group_18162,train
23487,group_18169,train
23489,group_18170,test
23491,group_18171,train
23494,group_18172,train
23497,group_18173,train
23500,group_18174,test
23502,group_18175,validation
23505,group_18176,train
23508,group_18177,train
23510,group_18178,train
23513,group_18179,train
23514,group_18178,train
23516,group_18181,train
23517,group_18182,train
23519,group_18183,validation
23521,group_18178,train
23522,group_18185,train
23523,group_18186,train
23524,group_18187,train
23526,group_18188,train
23527,group_18189,train
23528,group_18190,train
23529,group_18191,train
23530,group_18192,train
23531,group_18193,train
23532,group_18194,validation
23533,group_18195,train
23534,group_18196,train
23535,group_18197,train
23536,group_18198,train
23537,group_18199,train
23538,group_18200,test
23539,group_18201,validation
23540,group_18202,train
23541,group_18203,train
23542,group_18204,train
23543,group_18205,train
23544,group_18206,validation
23545,group_18207,train
23546,group_18208,train
23547,group_18209,train
23548,group_18210,train
23549,group_18211,train
23550,group_18212,validation
23551,group_18213,train
23552,group_18214,test
23553,group_18215,test
23554,group_18216,test
23555,group_18217,train
23556,group_18218,train
23557,group_18219,train
23558,group_18220,validation
23559,group_18221,train
23560,group_18222,train
23561,group_18223,train
23562,group_18224,train
23563,group_18219,train
23564,group_18226,train
23565,group_18227,train
23566,group_18228,validation
23567,group_18229,train
23568,group_18230,train
23569,group_18231,test
23570,group_18232,train
23571,group_18229,train
23572,group_18234,train
23573,group_18235,train
23574,group_18236,train
23575,group_18237,train
23576,group_18238,train
23577,group_18239,train
23578,group_18240,validation
23579,group_18241,train
23580,group_18242,train
23581,group_18243,train
23582,group_18244,train
23583,group_18245,train
23584,group_18246,train
23585,group_18247,train
23586,group_18248,train
23587,group_18249,train
23588,group_18250,train
23589,group_18251,test
23590,group_18252,train
23591,group_18253,test
23592,group_18254,validation
23593,group_18255,train
23594,group_18256,test
23595,group_18257,test
23596,group_18258,train
23597,group_18259,test
23598,group_18260,train
23599,group_18261,test
23600,group_18262,train
23601,group_18263,train
23602,group_18264,validation
23603,group_18265,validation
23604,group_18266,train
23605,group_18267,train
23606,group_18268,train
23607,group_18269,train
23608,group_18270,train
23609,group_18271,train
23610,group_18272,train
23611,group_18273,validation
23612,group_18274,train
23613,group_18275,train
23614,group_18276,test
23615,group_18277,train
23616,group_18278,test
23617,group_18279,train
23618,group_18280,train
23619,group_18281,train
23620,group_18282,train
23621,group_18283,validation
23623,group_18284,test
23624,group_18285,train
23625,group_18286,train
23627,group_18287,train
23631,group_18288,test
23632,group_18289,train
23635,group_18290,train
23638,group_18291,train
23642,group_18292,train
23643,group_18293,train
23644,group_18294,test
23647,group_18295,train
23648,group_18296,train
23649,group_18297,train
23650,group_18298,validation
23651,group_18299,train
23653,group_18294,test
23662,group_18301,train
23665,group_18302,train
23666,group_18303,validation
23667,group_18304,train
23668,group_18305,validation
23669,group_18306,train
23670,group_18307,train
23671,group_18308,train
23672,group_18309,train
23675,group_18310,train
23676,group_18311,test
23677,group_18312,train
23679,group_18313,train
23680,group_4922,test
23682,group_16150,test
23684,group_18316,train
23685,group_18317,train
23686,group_18317,train
23688,group_18316,train
23689,group_18320,train
23690,group_18320,train
23691,group_18322,train
23692,group_18322,train
23693,group_18324,train
23695,group_4980,train
23696,group_18326,train
23698,group_18327,train
23699,group_18327,train
23702,group_18329,train
23703,group_18330,train
23704,group_18331,train
23705,group_18332,train
23706,group_18331,train
23709,group_18334,test
23710,group_18335,train
23711,group_18336,train
23712,group_18336,train
23714,group_18336,train
23715,group_18336,train
23716,group_18336,train
23717,group_18336,train
23718,group_18342,test
23719,group_18343,train
23720,group_18344,validation
23721,group_18345,test
23723,group_18346,validation
23724,group_18347,train
23725,group_18347,train
23727,group_18349,validation
23728,group_18349,validation
23729,group_18345,test
23730,group_18352,train
23731,group_18345,test
23734,group_18354,train
23735,group_18355,validation
23736,group_18355,validation
23737,group_18355,validation
23738,group_18355,validation
23739,group_18359,train
23740,group_18360,validation
23743,group_18361,train
23744,group_18362,train
23745,group_18344,validation
23746,group_18344,validation
23747,group_18365,train
23749,group_18365,train
23750,group_18367,train
23751,group_18368,test
23752,group_18369,validation
23753,group_18370,validation
23754,group_18371,validation
23755,group_18372,test
23756,group_18373,train
23757,group_18374,validation
23758,group_18375,test
23759,group_18376,validation
23760,group_18377,train
23761,group_18376,validation
23762,group_18379,train
23764,group_18372,test
23765,group_18375,test
23766,group_18382,test
23768,group_18383,test
23769,group_18384,train
23770,group_18385,train
23771,group_18386,train
23774,group_18387,train
23775,group_18388,train
23776,group_18389,train
23777,group_18390,test
23778,group_18391,train
23779,group_18382,test
23780,group_18393,validation
23781,group_18394,validation
23783,group_18395,train
23785,group_18396,train
23786,group_18397,train
23787,group_18398,train
23788,group_18399,train
23789,group_18400,train
23790,group_18400,train
23792,group_18402,train
23793,group_18403,validation
23794,group_11902,train
23795,group_18405,train
23796,group_18406,train
23797,group_18407,train
23798,group_18408,train
23799,group_18409,test
23800,group_18410,train
23801,group_18411,train
23802,group_9196,validation
23803,group_18413,test
23804,group_18414,train
23806,group_18415,train
23807,group_18416,train
23808,group_18417,train
23809,group_18418,train
23810,group_16897,train
23812,group_18420,train
23813,group_18420,train
23814,group_18422,train
23815,group_14194,validation
23816,group_18424,train
23817,group_18425,test
23818,group_18426,validation
23819,group_18427,test
23820,group_3957,train
23821,group_18429,validation
23822,group_18430,train
23823,group_18431,train
23824,group_14294,train
23825,group_18433,train
23826,group_18434,test
23827,group_18435,train
23828,group_18436,test
23829,group_18437,train
23830,group_18438,train
23831,group_18439,train
23832,group_18440,test
23833,group_18441,train
23834,group_18442,train
23835,group_18443,train
23836,group_18444,train
23837,group_18445,test
23838,group_18446,train
23839,group_18447,train
23840,group_18448,train
23841,group_18449,validation
23842,group_18450,train
23843,group_18451,train
23844,group_18452,train
23845,group_18453,train
23846,group_18454,train
23847,group_18455,test
23848,group_18445,test
23849,group_18457,validation
23850,group_18458,train
23851,group_18459,validation
23852,group_18460,test
23853,group_18461,train
23854,group_18462,train
23855,group_18463,train
23856,group_18464,test
23857,group_18465,train
23858,group_18466,validation
23859,group_18467,train
23860,group_18468,train
23861,group_18469,train
23862,group_18470,train
23863,group_18454,train
23864,group_18472,test
23865,group_18473,train
23867,group_18474,test
23868,group_18475,train
23869,group_6869,train
23870,group_18477,train
23871,group_18478,validation
23872,group_459,train
23873,group_4110,train
23874,group_497,train
23875,group_18482,train
23876,group_18483,test
23877,group_18484,train
23878,group_18485,validation
23881,group_18486,validation
23882,group_18487,train
23884,group_18488,test
23885,group_18489,train
23886,group_18490,train
23887,group_18491,test
23888,group_18492,test
23889,group_18493,train
23890,group_18494,train
23893,group_18495,train
23894,group_18496,train
23895,group_18497,train
23899,group_18498,validation
23900,group_18499,validation
23901,group_18500,train
23904,group_18501,test
23905,group_18502,train
23906,group_18503,validation
23908,group_18504,validation
23911,group_18505,train
23913,group_18506,train
23914,group_18507,train
23917,group_18508,train
23919,group_18509,train
23921,group_18510,train
23925,group_18511,train
23926,group_18512,test
23927,group_18513,validation
23929,group_18514,train
23930,group_18515,test
23931,group_18516,train
23932,group_18517,train
23934,group_18518,train
23935,group_18519,train
23936,group_18520,validation
23937,group_18521,validation
23938,group_18521,validation
23939,group_18523,train
23940,group_18524,train
23941,group_18524,train
23942,group_18526,validation
23943,group_18527,train
23945,group_18528,validation
23951,group_18529,validation
23952,group_18530,train
23953,group_18531,test
23954,group_18532,train
23955,group_18533,test
23956,group_18534,train
23957,group_18535,train
23959,group_18535,train
23961,group_18537,train
23962,group_18538,train
23963,group_18539,train
23964,group_18540,train
23965,group_18541,validation
23966,group_18540,train
23967,group_18543,test
23968,group_18544,train
23969,group_18545,train
23970,group_18546,train
23972,group_18541,validation
23973,group_18540,train
23975,group_18549,train
23976,group_18550,validation
23977,group_18550,validation
23979,group_18550,validation
23982,group_18553,train
23985,group_18554,test
23989,group_18555,validation
23991,group_18556,validation
23999,group_18556,validation
24006,group_18558,train
24015,group_16620,validation
24016,group_16615,train
24017,group_18561,train
24018,group_16614,train
24020,group_18563,train
24021,group_16617,test
24022,group_16618,train
24023,group_16618,train
24024,group_16620,validation
24027,group_16612,train
24028,group_16617,test
24029,group_18570,train
24032,group_18571,test
24036,group_16612,train
24037,group_18573,train
24039,group_15863,test
24040,group_16617,test
24041,group_16620,validation
24042,group_16620,validation
24044,group_18578,train
24045,group_16612,train
24047,group_16614,train
24049,group_18581,train
24050,group_16614,train
24051,group_18583,train
24052,group_16614,train
24053,group_18563,train
24054,group_16614,train
24055,group_18587,train
24058,group_18588,train
24059,group_18589,train
24061,group_18590,train
24062,group_16617,test
24065,group_18592,train
24066,group_18593,test
24067,group_12554,train
24068,group_12567,train
24069,group_18596,test
24070,group_934,test
24071,group_18598,test
24072,group_18599,test
24073,group_14701,train
24074,group_14702,train
24075,group_18602,train
24076,group_18603,train
24077,group_14722,train
24078,group_18605,test
24079,group_1092,train
24080,group_18607,train
24081,group_18608,train
24082,group_18609,test
24083,group_18610,train
24084,group_14715,train
24085,group_18612,validation
24089,group_18613,validation
24090,group_18614,train
24091,group_18615,train
24094,group_18616,train
24098,group_4122,train
24099,group_4122,train
24100,group_18619,train
24101,group_16150,test
24102,group_18621,train
24103,group_18622,train
24104,group_18621,train
24105,group_8652,validation
24106,group_8656,train
24107,group_8648,train
24108,group_18627,train
24109,group_18628,train
24110,group_18629,train
24111,group_8655,train
24112,group_8656,train
24113,group_8652,validation
24114,group_18633,train
24115,group_18634,test
24116,group_18635,train
24117,group_18621,train
24118,group_18634,test
24119,group_18638,train
24120,group_18635,train
24121,group_18640,validation
24126,group_18641,test
24127,group_18642,train
24129,group_18643,train
24130,group_18644,train
24131,group_18644,train
24132,group_18646,train
24133,group_6869,train
24134,group_5782,train
24135,group_18649,test
24136,group_18650,train
24143,group_18651,train
24144,group_18652,train
24146,group_2605,test
24148,group_18654,validation
24149,group_4110,train
24150,group_18482,train
24151,group_18657,validation
24152,group_18658,train
24153,group_18657,validation
24154,group_18660,train
24155,group_18661,train
24156,group_18662,train
24157,group_18661,train
24158,group_18664,validation
24159,group_18665,validation
24160,group_18662,train
24161,group_18667,train
24162,group_8931,train
24163,group_18669,test
24164,group_18670,validation
24165,group_18671,validation
24166,group_18672,train
24167,group_18673,train
24168,group_18674,train
24169,group_18675,train
24170,group_18676,train
24171,group_18676,train
24172,group_18678,train
24173,group_18679,train
24174,group_18680,train
24175,group_18681,train
24176,group_18682,train
24177,group_18683,train
24178,group_18684,train
24179,group_18685,train
24180,group_18686,validation
24181,group_1484,train
24182,group_18688,train
24183,group_18689,train
24184,group_18690,test
24185,group_18691,test
24186,group_18692,test
24187,group_18693,test
24188,group_18694,train
24189,group_18695,test
24190,group_18696,train
24191,group_18697,train
24192,group_18698,train
24194,group_18699,validation
24199,group_18700,train
24202,group_18700,train
24204,group_18702,train
24212,group_544,train
24213,group_18704,test
24214,group_17485,validation
24215,group_18706,train
24216,group_18707,train
24217,group_18708,test
24218,group_18709,test
24220,group_18710,train
24229,group_18711,test
24233,group_18712,train
24234,group_18713,train
24236,group_18714,train
24237,group_18715,train
24240,group_18716,train
24241,group_18717,test
24242,group_18718,train
24249,group_9703,train
24250,group_9705,train
24251,group_9703,train
24252,group_9705,train
24253,group_9703,train
24254,group_9705,train
24255,group_9703,train
24256,group_9708,test
24257,group_18727,train
24258,group_9705,train
24259,group_15004,train
24260,group_9706,validation
24264,group_18731,train
24265,group_18732,train
24266,group_18733,test
24267,group_18734,validation
24269,group_15078,train
24270,group_18736,train
24272,group_18737,test
24273,group_18738,train
24274,group_18739,validation
24275,group_18740,test
24283,group_15066,validation
24284,group_18742,train
24285,group_18743,train
24286,group_18734,validation
24287,group_18745,train
24288,group_18745,train
24289,group_18747,train
24290,group_18748,train
24291,group_18749,validation
24292,group_18750,train
24293,group_18751,train
24294,group_18752,train
24295,group_18753,train
24296,group_18754,train
24297,group_18755,train
24298,group_18756,train
24299,group_18757,train
24300,group_18758,validation
24301,group_18403,validation
24302,group_18760,train
24303,group_18761,train
24304,group_18643,train
24305,group_18763,train
24306,group_18764,train
24307,group_18765,train
24308,group_18766,train
24309,group_18767,test
24311,group_18768,train
24312,group_18769,train
24314,group_5782,train
24323,group_18771,train
24324,group_18772,train
24325,group_18773,test
24326,group_18771,train
24327,group_18771,train
24328,group_18776,train
24329,group_18777,validation
24331,group_18778,validation
24333,group_18652,train
24334,group_18654,validation
24335,group_15045,train
24336,group_4110,train
24337,group_18482,train
24338,group_18784,train
24339,group_18652,train
24340,group_2605,test
24341,group_5782,train
24342,group_2605,test
24343,group_18784,train
24344,group_4110,train
24345,group_5782,train
24346,group_18792,train
24347,group_18793,train
24354,group_18794,validation
24355,group_18795,train
24356,group_18796,train
24357,group_18797,validation
24358,group_18796,train
24359,group_18799,train
24360,group_18800,validation
24361,group_18794,validation
24362,group_18802,train
24363,group_18803,train
24364,group_18803,train
24365,group_18805,train
24366,group_18806,train
24367,group_18803,train
24368,group_18802,train
24369,group_18809,train
24370,group_18810,train
24371,group_18811,validation
24372,group_18812,validation
24373,group_18805,train
24374,group_18814,validation
24375,group_18799,train
24376,group_18816,validation
24377,group_18803,train
24378,group_18818,train
24379,group_18810,train
24380,group_18820,validation
24382,group_18811,validation
24383,group_18822,test
24384,group_18800,validation
24385,group_18824,validation
24386,group_18800,validation
24387,group_18802,train
24388,group_18795,train
24389,group_18794,validation
24390,group_18822,test
24391,group_18795,train
24392,group_18820,validation
24393,group_18832,train
24394,group_18800,validation
24395,group_17081,train
24398,group_18835,train
24400,group_18836,train
24401,group_8600,test
24403,group_17081,train
24404,group_18839,test
24405,group_17081,train
24406,group_18835,train
24407,group_18842,train
24408,group_18843,train
24409,group_18844,train
24410,group_18845,test
24411,group_18846,train
24412,group_18847,train
24413,group_18848,test
24414,group_18848,test
24415,group_18850,train
24416,group_18851,train
24417,group_18852,test
24418,group_18853,train
24419,group_5508,validation
24420,group_18855,train
24421,group_18856,train
24422,group_18857,train
24423,group_18858,train
24424,group_18859,test
24425,group_18860,train
24426,group_18861,train
24427,group_18862,train
24428,group_18863,train
24429,group_18864,train
24442,group_18865,validation
24443,group_14079,train
24444,group_18867,validation
24445,group_18868,train
24446,group_18869,train
24447,group_18869,train
24448,group_18869,train
24450,group_18872,train
24451,group_18873,train
24452,group_18874,train
24453,group_18875,train
24454,group_18876,validation
24455,group_18877,train
24456,group_18878,test
24457,group_18879,test
24458,group_18880,train
24459,group_18881,train
24460,group_18882,train
24461,group_18883,validation
24462,group_18884,validation
24463,group_9713,train
24466,group_18886,validation
24467,group_18887,validation
24468,group_17249,test
24469,group_18889,train
24470,group_18890,validation
24472,group_18891,train
24473,group_18892,test
24474,group_18893,validation
24476,group_18894,train
24480,group_4114,train
24481,group_18896,test
24482,group_16150,test
24483,group_18898,test
24487,group_18899,train
24493,group_18900,test
24495,group_18901,train
24496,group_18902,train
24497,group_18903,train
24498,group_18904,test
24499,group_18905,test
24500,group_18906,train
24501,group_18907,validation
24502,group_18907,validation
24503,group_18902,train
24504,group_18907,validation
24505,group_18902,train
24506,group_18912,train
24507,group_18904,test
24508,group_18905,test
24509,group_18903,train
24510,group_18905,test
24511,group_18917,train
24512,group_18918,train
24513,group_18919,validation
24514,group_18903,train
24515,group_18918,train
24516,group_18903,train
24517,group_18904,test
24518,group_18924,train
24519,group_18903,train
24520,group_18926,train
24521,group_18905,test
24522,group_18903,train
24523,group_18919,validation
24524,group_18930,test
24525,group_18931,train
24526,group_18932,train
24527,group_18933,train
24528,group_18931,train
24529,group_18935,train
24530,group_18936,train
24531,group_18918,train
24532,group_18938,train
24533,group_18917,train
24534,group_18940,train
24535,group_18941,train
24536,group_18942,train
24537,group_18943,validation
24538,group_18944,train
24539,group_18945,train
24540,group_18906,train
24541,group_18919,validation
24542,group_18948,train
24543,group_18949,train
24544,group_18950,test
24545,group_18950,test
24546,group_18940,train
24547,group_18953,train
24548,group_18954,train
24549,group_18948,train
24550,group_18948,train
24551,group_18957,train
24552,group_542,test
24553,group_18959,train
24554,group_18960,train
24555,group_18961,train
24556,group_18962,train
24557,group_18963,train
24558,group_17081,train
24561,group_18965,train
24562,group_18966,train
24565,group_18967,test
24566,group_18968,train
24567,group_18969,train
24572,group_18970,train
24574,group_18971,train
24577,group_18972,train
24579,group_18973,train
24583,group_18974,train
24589,group_8600,test
24590,group_17081,train
24591,group_18977,train
24592,group_18978,train
24593,group_18979,train
24594,group_18980,train
24595,group_18980,train
24596,group_18982,test
24597,group_18980,train
24598,group_18984,train
24599,group_18985,test
24600,group_6161,train
24601,group_17070,train
24602,group_18988,train
24603,group_18989,test
24604,group_8600,test
24605,group_18991,train
24606,group_18992,train
24607,group_9438,train
24608,group_18994,train
24609,group_18995,train
24610,group_18996,train
24611,group_18997,train
24612,group_18998,test
24613,group_18835,train
24614,group_19000,train
24615,group_19001,test
24616,group_19002,train
24617,group_19003,test
24618,group_19004,validation
24619,group_19005,train
24620,group_19003,test
24621,group_19007,train
24622,group_19008,train
24623,group_1308,train
24624,group_19010,train
24625,group_19011,train
24626,group_19012,test
24627,group_3553,train
24628,group_19014,train
24629,group_19015,test
24630,group_16464,train
24631,group_19017,train
24632,group_19018,train
24633,group_19019,train
24637,group_19020,test
24638,group_19021,train
24639,group_19022,train
24641,group_19023,train
24642,group_19024,test
24643,group_19025,validation
24644,group_19026,validation
24645,group_19027,test
24646,group_19028,train
24647,group_19026,validation
24648,group_19030,train
24649,group_19031,train
24651,group_19032,train
24652,group_19033,train
24653,group_19034,validation
24654,group_19108,train
24655,group_19036,train
24656,group_19037,train
24657,group_19038,test
24658,group_19039,train
24659,group_19040,train
24660,group_19039,train
24661,group_19036,train
24662,group_19043,train
24663,group_19044,train
24664,group_19045,validation
24665,group_19046,test
24666,group_19047,train
24668,group_19048,train
24669,group_19049,train
24670,group_19050,test
24671,group_19051,test
24676,group_19052,train
24677,group_19053,train
24678,group_16340,train
24679,group_19055,train
24680,group_19056,validation
24681,group_16339,train
24684,group_19058,test
24685,group_19059,test
24686,group_19060,train
24687,group_19061,validation
24688,group_19062,validation
24689,group_19063,validation
24690,group_19064,train
24691,group_19064,train
24692,group_19066,validation
24693,group_18570,train
24694,group_19068,test
24695,group_19069,train
24696,group_19070,train
24697,group_19071,train
24698,group_19072,train
24699,group_19073,train
24700,group_19074,train
24701,group_19075,train
24702,group_19076,train
24703,group_19077,train
24704,group_19078,train
24705,group_19079,test
24706,group_19080,train
24707,group_19081,train
24708,group_19082,validation
24709,group_19083,train
24710,group_19084,train
24711,group_19085,train
24712,group_19086,train
24714,group_19087,test
24715,group_19088,train
24716,group_10505,train
24717,group_19090,train
24718,group_19091,test
24719,group_19091,test
24720,group_19093,train
24721,group_19094,train
24722,group_19095,train
24724,group_19096,validation
24725,group_19097,train
24726,group_19098,train
24727,group_19099,train
24729,group_15221,train
24730,group_19101,train
24732,group_15267,train
24733,group_19103,train
24735,group_15335,train
24736,group_19105,train
24737,group_19106,test
24738,group_19107,train
24739,group_19108,train
24740,group_19108,train
24741,group_19110,train
24742,group_19111,test
24743,group_19112,train
24749,group_19113,train
24753,group_19114,train
24754,group_18130,train
24755,group_19116,train
24756,group_19117,train
24757,group_19118,train
24758,group_19119,train
24760,group_19120,validation
24766,group_19008,train
24768,group_19122,train
24769,group_19122,train
24770,group_19124,train
24772,group_19125,train
24773,group_19126,train
24775,group_19127,train
24776,group_19128,test
24777,group_19129,test
24778,group_19130,train
24779,group_19131,train
24780,group_19131,train
24781,group_19133,train
24782,group_19134,train
24784,group_19135,validation
24785,group_19133,train
24786,group_19137,train
24788,group_19131,train
24789,group_19139,test
24794,group_19034,validation
24795,group_19141,validation
24796,group_19142,train
24805,group_19143,train
24809,group_19144,train
24816,group_19145,validation
24817,group_11008,train
24818,group_9010,validation
24819,group_19148,test
24820,group_19149,train
24822,group_19150,train
24825,group_9703,train
24828,group_19152,train
24832,group_4652,train
24833,group_2428,train
24834,group_19155,train
24835,group_19156,train
24836,group_5500,test
24840,group_19158,train
24841,group_19159,validation
24845,group_19160,train
24846,group_19161,validation
24848,group_10646,train
24849,group_19163,train
24850,group_19164,train
24853,group_17372,validation
24854,group_19166,train
24855,group_19167,validation
24858,group_6147,train
24866,group_19169,test
24867,group_19170,train
24868,group_9140,train
24869,group_19172,train
24870,group_19173,validation
24871,group_19174,train
24872,group_19175,train
24873,group_19176,train
24874,group_19177,train
24875,group_19178,train
24876,group_19179,train
24884,group_7430,train
24885,group_19181,train
24886,group_19182,train
24887,group_7431,test
24888,group_19184,train
24892,group_15171,validation
24906,group_19186,train
24907,group_19187,test
24908,group_19188,validation
24909,group_19189,train
24910,group_19187,test
24911,group_19191,train
24912,group_19188,validation
24913,group_19189,train
24914,group_19194,train
24917,group_15582,train
24918,group_19196,train
24919,group_8361,train
24920,group_19198,test
24921,group_19196,train
24922,group_8361,train
24923,group_19201,train
24924,group_19202,train
24925,group_19198,test
24927,group_19204,train
24928,group_15220,train
24929,group_19206,train
24933,group_19207,validation
24937,group_19208,test
24940,group_19209,train
24941,group_19210,train
24942,group_19211,train
24943,group_19212,train
24944,group_19213,train
24945,group_19214,train
24946,group_19215,train
24947,group_19216,train
24948,group_15214,validation
24949,group_19218,train
24950,group_19219,train
24951,group_15552,train
24952,group_7458,train
24953,group_15282,validation
24954,group_19219,train
24955,group_15221,train
24964,group_15171,validation
24969,group_19226,train
24972,group_15282,validation
24973,group_19219,train
24974,group_19229,train
24975,group_15580,train
24976,group_19231,train
24977,group_19232,train
24984,group_19233,train
24985,group_19234,validation
24986,group_19235,train
24987,group_19196,train
24988,group_19201,train
24989,group_19202,train
24992,group_19239,test
24993,group_19240,train
24995,group_19241,train
24996,group_19242,train
25000,group_19243,train
25003,group_14645,validation
25004,group_14856,test
25006,group_19246,test
25007,group_15324,train
25011,group_19231,train
25012,group_19231,train
25013,group_19250,train
25014,group_19251,validation
25016,group_19252,test
25017,group_19253,train
25018,group_19254,validation
25019,group_19255,test
25020,group_19256,train
25021,group_19257,train
25022,group_19258,train
25023,group_17472,train
25024,group_19260,train
25025,group_19261,train
25026,group_19262,train
25027,group_19263,train
25028,group_19264,train
25029,group_19265,validation
25030,group_19266,train
25031,group_19267,test
25032,group_19267,test
25033,group_19269,train
25034,group_19270,train
25035,group_19271,train
25036,group_19272,validation
25037,group_19273,train
25038,group_19274,validation
25039,group_19275,validation
25040,group_19276,train
25041,group_18706,train
25042,group_19278,train
25043,group_19279,validation
25044,group_19280,train
25045,group_19281,train
25046,group_19282,train
25047,group_19283,validation
25048,group_19284,validation
25049,group_19285,train
25050,group_19286,train
25051,group_19284,validation
25053,group_19286,train
25054,group_19284,validation
25055,group_19286,train
25056,group_19283,validation
25057,group_19282,train
25058,group_19283,validation
25059,group_19284,validation
25060,group_19284,validation
25061,group_19284,validation
25062,group_19286,train
25063,group_19298,train
25064,group_19286,train
25065,group_19286,train
25066,group_19301,train
25067,group_19302,train
25068,group_19303,validation
25069,group_19283,validation
25070,group_19283,validation
25071,group_19286,train
25072,group_19307,train
25073,group_19303,validation
25074,group_19302,train
25075,group_19303,validation
25076,group_19302,train
25077,group_19312,test
25078,group_19302,train
25079,group_19303,validation
25080,group_19302,train
25081,group_19302,train
25082,group_19302,train
25083,group_19318,train
25084,group_19285,train
25085,group_19320,train
25087,group_19321,train
25088,group_19322,train
25089,group_19321,train
25090,group_19321,train
25093,group_19322,train
25094,group_19322,train
25097,group_19322,train
25098,group_19328,train
25099,group_19329,train
25100,group_19330,train
25101,group_19331,validation
25102,group_19332,train
25103,group_19329,train
25104,group_19334,train
25105,group_19332,train
25106,group_13021,train
25107,group_19337,train
25108,group_19337,train
25109,group_19334,train
25110,group_19340,test
25111,group_19341,test
25112,group_19342,test
25113,group_19343,train
25114,group_19344,train
25115,group_19345,train
25116,group_19346,train
25117,group_19347,train
25118,group_19348,train
25119,group_19344,train
25120,group_19348,train
25121,group_19351,train
25122,group_19344,train
25124,group_19343,train
25125,group_19354,train
25126,group_19355,train
25127,group_19356,train
25128,group_19343,train
25129,group_19358,train
25130,group_19344,train
25135,group_19360,train
25136,group_19361,train
25137,group_19360,train
25139,group_19363,train
25140,group_19364,train
25141,group_19361,train
25142,group_19366,train
25143,group_19367,train
25144,group_19368,train
25145,group_19369,validation
25146,group_19370,train
25148,group_19371,train
25149,group_19372,train
25150,group_19373,train
25151,group_19373,train
25152,group_19373,train
25153,group_19373,train
25155,group_19373,train
25156,group_19373,train
25157,group_19373,train
25158,group_19373,train
25159,group_19373,train
25160,group_19382,train
25161,group_19373,train
25162,group_19373,train
25163,group_19373,train
25164,group_19373,train
25165,group_19382,train
25166,group_19373,train
25167,group_19373,train
25168,group_19373,train
25170,group_19391,train
25171,group_19392,train
25172,group_19393,train
25173,group_19370,train
25174,group_19370,train
25175,group_19396,test
25176,group_19397,train
25177,group_19398,train
25178,group_19398,train
25179,group_19370,train
25180,group_19370,train
25181,group_19393,train
25182,group_19370,train
25183,group_19393,train
25184,group_19391,train
25185,group_19398,train
25186,group_19370,train
25187,group_19398,train
25188,group_19393,train
25189,group_19410,train
25190,group_19411,train
25191,group_13089,train
25192,group_19410,train
25193,group_19414,train
25194,group_19415,validation
25195,group_19416,train
25196,group_19414,train
25197,group_19418,train
25198,group_19416,train
25199,group_19416,train
25200,group_19370,train
25201,group_19416,train
25202,group_19416,train
25203,group_19416,train
25204,group_19418,train
25205,group_19426,train
25206,group_19427,train
25207,group_19428,train
25208,group_19429,train
25209,group_19430,train
25210,group_19429,train
25211,group_19432,train
25212,group_19433,train
25213,group_19434,train
25214,group_19434,train
25215,group_19434,train
25216,group_19437,train
25217,group_19437,train
25218,group_19439,train
25219,group_19434,train
25220,group_19441,train
25221,group_13076,test
25222,group_19441,train
25223,group_19432,train
25224,group_19445,test
25225,group_19446,train
25226,group_19447,train
25227,group_19448,train
25228,group_19446,train
25229,group_19447,train
25230,group_19447,train
25231,group_19447,train
25232,group_19453,test
25233,group_19454,test
25234,group_19455,train
25235,group_19456,train
25236,group_19457,train
25237,group_19457,train
25238,group_19459,test
25239,group_19460,test
25240,group_19461,train
25241,group_19462,test
25242,group_19463,test
25243,group_19464,validation
25244,group_19465,train
25245,group_19466,test
25246,group_19370,train
25247,group_19370,train
25248,group_19466,test
25249,group_19370,train
25250,group_19398,train
25251,group_19466,test
25252,group_19473,train
25253,group_19466,test
25254,group_19473,train
25256,group_19476,train
25257,group_19477,test
25258,group_19478,test
25259,group_19414,train
25260,group_19480,validation
25261,group_19481,validation
25262,group_19481,validation
25263,group_19483,train
25264,group_19484,train
25265,group_19478,test
25266,group_19486,test
25267,group_19487,train
25268,group_19488,train
25269,group_19489,train
25270,group_19490,validation
25271,group_19489,train
25272,group_19487,train
25273,group_19493,train
25274,group_19494,train
25275,group_19487,train
25276,group_19490,validation
25277,group_19373,train
25278,group_19372,train
25280,group_19373,train
25281,group_19393,train
25282,group_19501,train
25283,group_19502,train
25284,group_19393,train
25285,group_19372,train
25286,group_19505,test
25287,group_19506,train
25288,group_19507,train
25289,group_19508,train
25290,group_19509,train
25291,group_19510,train
25292,group_19511,train
25293,group_19512,test
25294,group_19513,train
25295,group_19514,train
25296,group_19515,train
25297,group_19516,validation
25298,group_19510,train
25299,group_19518,train
25300,group_19519,train
25301,group_19520,train
25302,group_19521,train
25303,group_19522,train
25304,group_19523,validation
25305,group_19520,train
25306,group_19523,validation
25307,group_19526,train
25308,group_19527,train
25309,group_19528,train
25310,group_19529,train
25311,group_19530,train
25312,group_19531,train
25313,group_19532,train
25314,group_19533,train
25315,group_19534,train
25316,group_19535,validation
25317,group_19536,train
25318,group_19537,train
25319,group_19538,train
25320,group_19539,train
25321,group_19540,train
25322,group_19541,train
25323,group_19542,train
25324,group_19543,train
25325,group_19544,train
25326,group_19545,train
25327,group_19546,train
25328,group_19547,train
25329,group_19548,train
25330,group_19549,train
25331,group_19550,train
25332,group_19551,train
25333,group_19552,train
25334,group_19553,train
25335,group_19554,train
25336,group_19555,validation
25337,group_19556,train
25338,group_19557,train
25340,group_19558,train
25342,group_19559,train
25344,group_19560,train
25345,group_19561,train
25346,group_19562,train
25347,group_19559,train
25348,group_19564,validation
25349,group_19565,test
25350,group_19566,train
25351,group_19567,train
25353,group_19560,train
25354,group_19560,train
25355,group_19570,train
25356,group_19571,train
25357,group_19572,test
25358,group_19573,train
25359,group_19574,train
25360,group_19575,train
25361,group_19576,validation
25362,group_19577,test
25364,group_19578,test
25365,group_19579,train
25366,group_19580,train
25367,group_19581,train
25368,group_19582,train
25369,group_19583,train
25370,group_19584,train
25371,group_19585,validation
25372,group_19586,train
25373,group_19587,validation
25376,group_19588,test
25378,group_19589,train
25379,group_19590,validation
25380,group_19591,train
25381,group_19586,train
25382,group_19587,validation
25383,group_19587,validation
25384,group_19567,train
25385,group_19596,train
25386,group_19597,train
25388,group_19598,train
25389,group_19598,train
25391,group_19581,train
25392,group_19582,train
25393,group_19602,train
25394,group_19602,train
25395,group_19602,train
25396,group_19605,train
25398,group_19393,train
25399,group_19373,train
25400,group_19608,train
25401,group_19609,train
25402,group_19610,train
25403,group_19611,train
25404,group_19612,train
25405,group_17485,validation
25406,group_540,train
25410,group_19615,validation
25411,group_19616,validation
25412,group_19617,train
25413,group_19618,train
25414,group_10445,train
25415,group_19620,train
25416,group_15524,train
25417,group_19622,train
25418,group_19623,train
25419,group_11936,train
25420,group_19625,train
25421,group_19626,train
25422,group_19627,train
25423,group_19628,train
25424,group_19629,validation
25425,group_19630,train
25426,group_19631,validation
25427,group_19632,train
25429,group_19633,validation
25430,group_15475,train
25431,group_19635,validation
25432,group_19635,validation
25433,group_19635,validation
25434,group_19638,train
25435,group_19635,validation
25436,group_19635,validation
25437,group_19641,train
25438,group_19641,train
25439,group_19643,train
25440,group_19644,train
25441,group_19645,validation
25442,group_19646,train
25443,group_19647,test
25444,group_19648,train
25445,group_19649,test
25446,group_19650,train
25447,group_19651,train
25448,group_19652,train
25449,group_19653,train
25450,group_19654,train
25451,group_10734,test
25452,group_10734,test
25453,group_19657,train
25454,group_19658,test
25456,group_19659,train
25457,group_19660,train
25458,group_19661,train
25459,group_19662,train
25460,group_19663,train
25461,group_19664,train
25462,group_17607,test
25464,group_19666,validation
25465,group_11933,train
25466,group_19668,test
25468,group_19669,test
25469,group_19670,train
25470,group_19671,test
25471,group_19672,train
25472,group_11922,train
25473,group_19674,train
25474,group_19675,validation
25475,group_19676,train
25476,group_19677,train
25477,group_19678,test
25478,group_19679,train
25479,group_19680,train
25480,group_19681,train
25481,group_19682,train
25482,group_19683,test
25483,group_19684,train
25484,group_19685,train
25485,group_19686,test
25486,group_19687,train
25487,group_19688,test
25488,group_10447,train
25489,group_9398,train
25490,group_19691,train
25491,group_19692,validation
25492,group_19693,train
25493,group_19694,train
25494,group_19694,train
25495,group_19696,train
25496,group_19697,train
25497,group_19698,train
25498,group_19699,validation
25503,group_19700,train
25504,group_19701,test
25505,group_19702,train
25516,group_19703,train
25520,group_19704,train
25521,group_19587,validation
25522,group_19706,train
25523,group_19707,train
25524,group_19708,validation
25525,group_19709,train
25526,group_19710,train
25527,group_19711,test
25528,group_19712,test
25529,group_19713,test
25530,group_19714,train
25531,group_19715,train
25532,group_19716,train
25533,group_19717,test
25534,group_19718,train
25536,group_19719,train
25537,group_19720,train
25538,group_19721,test
25539,group_19722,train
25540,group_19723,test
25541,group_19724,test
25542,group_19725,train
25543,group_19726,validation
25544,group_19727,train
25546,group_19728,validation
25549,group_7828,train
25555,group_19730,train
25556,group_19731,test
25564,group_19732,train
25565,group_19732,train
25566,group_19734,train
25569,group_19735,validation
25570,group_19735,validation
25571,group_19737,train
25572,group_19738,validation
25573,group_19739,validation
25574,group_19740,train
25575,group_19741,train
25576,group_19741,train
25577,group_19743,train
25578,group_19744,validation
25582,group_19745,train
25584,group_19746,train
25585,group_19747,train
25587,group_19748,train
25588,group_19749,train
25589,group_19750,train
25590,group_19751,train
25591,group_19752,test
25592,group_19748,train
25593,group_19754,train
25594,group_19755,validation
25595,group_19756,train
25596,group_19757,validation
25597,group_19758,train
25598,group_19759,validation
25599,group_19760,test
25600,group_19761,train
25601,group_19762,test
25602,group_19763,train
25603,group_19764,train
25604,group_19764,train
25605,group_19766,train
25606,group_19767,train
25607,group_19768,train
25608,group_19764,train
25609,group_19770,train
25610,group_19771,train
25611,group_19772,train
25612,group_19773,train
25613,group_19774,train
25614,group_19775,train
25615,group_19776,train
25616,group_17797,train
25617,group_19778,train
25618,group_19779,train
25619,group_17782,train
25620,group_19781,train
25622,group_19782,validation
25623,group_19783,train
25625,group_19784,train
25626,group_17782,train
25627,group_19786,train
25628,group_19787,test
25629,group_17797,train
25630,group_5527,validation
25631,group_17797,train
25632,group_19791,train
25633,group_19792,train
25634,group_19793,train
25635,group_17782,train
25636,group_17797,train
25637,group_19778,train
25638,group_19778,train
25639,group_19798,train
25640,group_19799,train
25641,group_19799,train
25642,group_19764,train
25643,group_19802,train
25644,group_19764,train
25645,group_19764,train
25646,group_19805,train
25647,group_17804,train
25648,group_17804,train
25649,group_19808,train
25650,group_19809,train
25651,group_19810,validation
25652,group_19799,train
25653,group_19799,train
25654,group_19813,train
25655,group_19814,train
25656,group_19815,validation
25657,group_19816,train
25658,group_19817,test
25659,group_19792,train
25660,group_19819,train
25661,group_19820,train
25662,group_19821,test
25663,group_19791,train
25664,group_19791,train
25665,group_19824,train
25666,group_19825,train
25667,group_19802,train
25668,group_19802,train
25669,group_19828,train
25670,group_19829,train
25671,group_19830,train
25672,group_19764,train
25673,group_19832,train
25674,group_19833,train
25675,group_19834,train
25676,group_17797,train
25677,group_19836,test
25678,group_17782,train
25679,group_19838,train
25680,group_19839,validation
25681,group_19840,train
25682,group_17797,train
25683,group_19842,validation
25684,group_19602,train
25685,group_1478,test
25691,group_19845,train
25692,group_19846,test
25693,group_19847,train
25697,group_19848,train
25698,group_19849,train
25699,group_19845,train
25700,group_19851,validation
25702,group_19852,test
25703,group_19853,train
25704,group_19853,train
25705,group_19855,train
25706,group_19852,test
25707,group_19857,train
25708,group_19858,train
25709,group_19859,train
25710,group_19860,train
25711,group_19861,train
25712,group_19860,train
25713,group_19863,train
25714,group_19864,test
25715,group_19860,train
25716,group_19866,test
25717,group_19867,train
25719,group_19868,validation
25720,group_19869,train
25721,group_19870,train
25722,group_15126,test
25724,group_19870,train
25726,group_5154,test
25727,group_19874,train
25729,group_19875,train
25730,group_19876,test
25732,group_5154,test
25733,group_19878,test
25734,group_15126,test
25736,group_19880,train
25738,group_19881,train
25740,group_19882,train
25741,group_19883,train
25744,group_19881,train
25745,group_19885,validation
25746,group_19886,train
25747,group_19886,train
25748,group_19888,validation
25749,group_19889,train
25750,group_19890,train
25751,group_19890,train
25752,group_19892,train
25753,group_19890,train
25754,group_19894,train
25755,group_19895,train
25756,group_19890,train
25757,group_19897,test
25758,group_19898,validation
25759,group_19898,validation
25760,group_19898,validation
25761,group_19898,validation
25762,group_19897,test
25763,group_19903,train
25764,group_19898,validation
25765,group_19905,train
25766,group_19906,train
25767,group_19898,validation
25768,group_19908,train
25769,group_19909,train
25770,group_19898,validation
25771,group_19905,train
25772,group_19912,test
25773,group_19913,validation
25774,group_19914,train
25775,group_19898,validation
25776,group_19898,validation
25777,group_19917,validation
25778,group_19918,train
25779,group_19919,test
25780,group_19918,train
25781,group_19919,test
25782,group_19922,train
25783,group_19923,train
25784,group_19924,validation
25785,group_19918,train
25786,group_19919,test
25787,group_19927,test
25788,group_19928,validation
25789,group_19923,train
25790,group_19927,test
25791,group_19931,test
25792,group_19932,train
25793,group_19933,test
25794,group_19934,test
25795,group_19919,test
25796,group_19927,test
25798,group_19937,train
25799,group_19938,train
25806,group_19939,train
25818,group_15656,validation
25819,group_15672,train
25820,group_15667,train
25821,group_19943,train
25822,group_15652,train
25823,group_15663,train
25824,group_19946,test
25825,group_15653,validation
25826,group_15663,train
25827,group_15664,train
25828,group_15656,validation
25829,group_15652,train
25830,group_19952,train
25831,group_15653,validation
25832,group_15667,train
25833,group_15656,validation
25834,group_15653,validation
25835,group_19957,train
25836,group_15676,train
25837,group_19952,train
25839,group_19960,train
25840,group_15664,train
25841,group_19962,train
25842,group_19957,train
25843,group_19964,validation
25844,group_19965,train
25845,group_15653,validation
25846,group_19957,train
25847,group_19968,train
25848,group_19969,validation
25849,group_19970,test
25850,group_15674,train
25851,group_19972,test
25852,group_15652,train
25853,group_15664,train
25854,group_19975,train
25855,group_15674,train
25856,group_19977,train
25857,group_3395,train
25858,group_19979,validation
25859,group_19980,validation
25860,group_19981,validation
25861,group_19982,train
25863,group_19983,train
25864,group_19984,test
25865,group_19985,train
25866,group_19985,train
25867,group_19987,train
25868,group_19984,test
25869,group_19989,test
25870,group_19990,test
25871,group_19991,train
25872,group_19992,train
25873,group_19991,train
25874,group_19994,train
25875,group_19995,validation
25876,group_19991,train
25877,group_19997,train
25878,group_19998,train
25879,group_19998,train
25880,group_19994,train
25881,group_20001,train
25882,group_19997,train
25883,group_20003,train
25884,group_20004,validation
25885,group_20005,train
25886,group_20006,train
25887,group_20007,validation
25888,group_20008,test
25889,group_20009,train
25890,group_20010,train
25891,group_20011,train
25892,group_20012,train
25893,group_20013,train
25894,group_20014,train
25895,group_20015,train
25896,group_20016,train
25897,group_20017,validation
25898,group_20018,train
25899,group_20019,train
25900,group_20020,train
25901,group_20021,test
25902,group_20022,validation
25903,group_20023,train
25904,group_20024,train
25905,group_20025,test
25906,group_20026,train
25907,group_20027,test
25908,group_20028,test
25909,group_20029,train
25912,group_20009,train
25913,group_20031,validation
25914,group_20032,train
25915,group_20033,train
25917,group_20034,train
25918,group_20035,train
25919,group_20036,test
25920,group_20037,train
25921,group_20038,train
25922,group_20039,test
25923,group_20040,validation
25924,group_20041,test
25925,group_20042,train
25926,group_20043,train
25927,group_20044,train
25928,group_20045,train
25929,group_20046,validation
25930,group_20047,train
25931,group_20048,validation
25932,group_20049,test
25933,group_20050,train
25934,group_20051,train
25935,group_20052,validation
25936,group_20053,test
25937,group_20054,train
25938,group_20055,train
25939,group_20056,validation
25940,group_20057,train
25941,group_20058,train
25942,group_20059,train
25943,group_20060,train
25944,group_20061,train
25945,group_20062,train
25946,group_20050,train
25947,group_20050,train
25948,group_20055,train
25949,group_20066,validation
25950,group_20067,test
25951,group_20068,train
25952,group_20062,train
25953,group_20070,validation
25954,group_20049,test
25955,group_20072,validation
25956,group_20051,train
25957,group_20074,train
25958,group_20075,train
25959,group_20076,test
25960,group_20054,train
25961,group_20078,train
25962,group_20079,train
25963,group_20080,train
25964,group_20081,test
25966,group_20082,train
25967,group_20083,test
25968,group_20044,train
25969,group_20085,train
25970,group_20086,validation
25971,group_20087,train
25972,group_20082,train
25975,group_20089,train
25977,group_20090,train
25978,group_20091,validation
25979,group_20092,train
25980,group_20093,test
25981,group_20094,validation
25982,group_20095,test
25983,group_20096,train
25984,group_20097,train
25985,group_20098,train
25987,group_20099,train
25990,group_20100,validation
25991,group_20101,train
25992,group_20102,validation
25994,group_20103,train
25995,group_20104,train
25996,group_20105,validation
25997,group_20106,test
25998,group_20107,validation
25999,group_20108,validation
26000,group_20109,train
26001,group_20110,test
26002,group_20111,train
26003,group_20112,train
26004,group_20113,train
26007,group_20114,train
26009,group_20115,test
26010,group_20116,train
26012,group_20117,train
26014,group_20118,train
26015,group_20119,validation
26016,group_20120,test
26022,group_20121,validation
26023,group_20122,train
26025,group_20123,test
26026,group_20124,validation
26027,group_20125,train
26028,group_20126,train
26029,group_20127,test
26030,group_20128,validation
26040,group_6763,train
26041,group_6670,validation
26042,group_6670,validation
26043,group_20132,train
26044,group_6178,validation
26045,group_20134,train
26046,group_6763,train
26047,group_6763,train
26048,group_20132,train
26049,group_20138,train
26050,group_6761,train
26053,group_6761,train
26054,group_20141,train
26055,group_20145,train
26056,group_20143,train
26057,group_20144,test
26058,group_20145,train
26059,group_20146,train
26062,group_6761,train
26063,group_6761,train
26064,group_20145,train
26065,group_20143,train
26066,group_20151,train
26067,group_20141,train
26068,group_20153,validation
26072,group_6761,train
26073,group_20155,validation
26075,group_6761,train
26076,group_20151,train
26077,group_20158,test
26083,group_20159,train
26084,group_20160,validation
26086,group_20144,test
26087,group_20144,test
26088,group_20141,train
26090,group_20145,train
26091,group_20145,train
26092,group_6761,train
26093,group_6761,train
26096,group_20145,train
26101,group_20169,validation
26103,group_20151,train
26105,group_20141,train
26106,group_20141,train
26107,group_6761,train
26112,group_20141,train
26113,group_20144,test
26114,group_20134,train
26115,group_20134,train
26116,group_6761,train
26117,group_20141,train
26121,group_20145,train
26122,group_6761,train
26123,group_20151,train
26124,group_20183,train
26125,group_20184,train
26126,group_20169,validation
26128,group_20169,validation
26132,group_20187,train
26133,group_20188,train
26134,group_7357,train
26135,group_20190,train
26136,group_7357,train
26138,group_7357,train
26139,group_20193,validation
26140,group_20194,train
26141,group_20195,test
26142,group_20193,validation
26143,group_20197,train
26144,group_20194,train
26145,group_20195,test
26146,group_20200,test
26148,group_20201,train
26149,group_20197,train
26150,group_20193,validation
26151,group_20187,train
26152,group_20188,train
26153,group_20194,train
26154,group_7357,train
26155,group_20188,train
26156,group_20209,train
26157,group_7357,train
26158,group_20188,train
26159,group_20195,test
26160,group_20213,test
26162,group_7357,train
26163,group_20215,train
26164,group_20188,train
26166,group_20194,train
26169,group_7357,train
26171,group_20219,train
26172,group_20220,test
26173,group_20221,train
26174,group_20222,train
26175,group_20221,train
26176,group_20219,train
26177,group_20225,train
26178,group_12958,train
26179,group_20227,train
26180,group_20219,train
26181,group_20225,train
26182,group_20230,train
26183,group_10094,train
26184,group_20222,train
26185,group_20222,train
26186,group_20234,train
26187,group_20235,train
26189,group_20236,train
26190,group_20237,train
26194,group_20238,train
26196,group_20239,train
26197,group_20240,test
26198,group_20241,validation
26199,group_20242,train
26202,group_20243,train
26203,group_20244,train
26205,group_20245,validation
26206,group_20246,train
26207,group_20246,train
26208,group_20246,train
26209,group_20249,train
26210,group_20250,train
26211,group_20251,train
26212,group_20252,train
26213,group_20253,train
26214,group_20254,train
26220,group_20255,train
26224,group_19880,train
26225,group_20257,train
26227,group_4981,train
26228,group_4985,train
26229,group_20260,validation
26231,group_5343,train
26233,group_5321,train
26234,group_5342,train
26236,group_20264,train
26237,group_20265,train
26238,group_4985,train
26239,group_20267,train
26240,group_19000,train
26243,group_20269,train
26246,group_20270,train
26248,group_20271,train
26251,group_20269,train
26252,group_20273,test
26254,group_20274,test
26255,group_20275,test
26256,group_5393,train
26258,group_20274,test
26259,group_20275,test
26260,group_5393,train
26261,group_20280,train
26262,group_4974,train
26263,group_4985,train
26264,group_5366,test
26265,group_20284,train
26266,group_5417,validation
26267,group_4980,train
26268,group_4980,train
26269,group_20288,train
26271,group_20289,train
26272,group_4985,train
26273,group_4974,train
26274,group_20292,train
26275,group_4981,train
26276,group_5003,train
26277,group_4985,train
26278,group_4974,train
26279,group_10343,train
26280,group_20298,test
26281,group_20267,train
26282,group_20300,train
26283,group_20301,test
26284,group_20302,train
26285,group_20303,validation
26286,group_20304,train
26287,group_20305,train
26288,group_20306,train
26292,group_5330,train
26293,group_20308,validation
26294,group_20308,validation
26295,group_20310,train
26297,group_5330,train
26300,group_20308,validation
26303,group_20308,validation
26305,group_5395,test
26306,group_5395,test
26308,group_5395,test
26309,group_5395,test
26310,group_20318,validation
26311,group_20319,train
26312,group_20320,validation
26314,group_5392,train
26315,group_20274,test
26316,group_20275,test
26317,group_5393,train
26319,group_5393,train
26320,group_20326,train
26321,group_20327,test
26322,group_20328,train
26323,group_20329,validation
26324,group_20330,train
26325,group_20331,test
26326,group_20332,train
26327,group_20333,train
26328,group_20334,train
26329,group_20335,test
26330,group_20336,train
26331,group_20337,train
26332,group_20338,train
26333,group_20339,train
26334,group_20340,train
26335,group_20341,test
26336,group_20342,validation
26337,group_20343,train
26338,group_20344,test
26339,group_20345,train
26340,group_20346,train
26341,group_20347,train
26342,group_20348,train
26343,group_20349,validation
26344,group_20350,train
26345,group_20351,train
26346,group_20352,train
26347,group_20353,train
26348,group_20354,test
26349,group_20355,train
26350,group_20356,test
26351,group_20357,test
26352,group_20358,train
26355,group_20359,test
26357,group_20360,train
26359,group_20361,train
26360,group_20362,train
26361,group_20363,train
26362,group_20364,validation
26363,group_20365,test
26364,group_20366,train
26365,group_17865,validation
26366,group_20368,train
26367,group_20369,train
26368,group_20370,train
26369,group_20371,validation
26370,group_20372,train
26371,group_20373,train
26372,group_20374,train
26374,group_20375,train
26375,group_20376,test
26376,group_20377,train
26379,group_20378,train
26380,group_20379,test
26382,group_20380,train
26383,group_20381,test
26384,group_20382,validation
26385,group_20383,train
26387,group_20383,train
26388,group_20385,test
26389,group_20386,train
26390,group_20387,train
26396,group_20388,train
26401,group_20389,train
26402,group_20387,train
26403,group_20389,train
26404,group_20392,validation
26408,group_20393,train
26411,group_20389,train
26412,group_20395,validation
26414,group_20395,validation
26415,group_20387,train
26418,group_20387,train
26419,group_20395,validation
26424,group_20400,train
26425,group_20389,train
26426,group_20402,train
26427,group_20403,test
26430,group_20404,test
26431,group_20405,validation
26432,group_20404,test
26433,group_20407,test
26434,group_20408,validation
26435,group_12741,train
26436,group_20404,test
26437,group_20411,train
26438,group_20412,test
26439,group_20413,train
26440,group_20414,train
26441,group_20405,validation
26442,group_20416,train
26444,group_20417,train
26445,group_20418,train
26446,group_20419,train
26447,group_20420,train
26448,group_20421,test
26449,group_20422,train
26450,group_20423,train
26451,group_20424,train
26452,group_20425,train
26453,group_20426,validation
26454,group_9821,test
26456,group_14234,train
26458,group_20429,test
26459,group_20430,train
26460,group_13829,test
26462,group_20432,test
26463,group_20433,train
26464,group_13865,validation
26465,group_20435,validation
26466,group_20436,train
26467,group_20437,train
26468,group_20438,train
26469,group_20439,train
26470,group_20440,train
26471,group_20441,train
26472,group_20442,train
26473,group_20443,validation
26474,group_20444,train
26475,group_20445,validation
26476,group_20446,validation
26477,group_20447,test
26478,group_20448,train
26479,group_20449,train
26480,group_20450,validation
26481,group_20432,test
26482,group_20452,train
26483,group_20433,train
26484,group_20454,test
26485,group_20455,test
26486,group_20456,train
26487,group_20457,test
26488,group_20458,train
26489,group_20446,validation
26490,group_20460,train
26491,group_20432,test
26492,group_20462,train
26493,group_20463,train
26494,group_20464,validation
26495,group_20465,validation
26496,group_20466,test
26497,group_20467,train
26498,group_20468,validation
26502,group_20469,test
26504,group_20470,train
26508,group_20471,test
26515,group_20472,train
26516,group_17886,train
26518,group_17883,test
26519,group_20475,validation
26521,group_20476,test
26522,group_20477,test
26523,group_20478,train
26524,group_20479,test
26525,group_20480,validation
26526,group_20481,train
26527,group_20482,train
26528,group_20483,train
26529,group_20484,train
26530,group_20485,train
26531,group_20486,train
26532,group_20487,validation
26533,group_20488,test
26534,group_20489,test
26535,group_20490,validation
26536,group_20491,train
26537,group_20490,validation
26538,group_17242,train
26539,group_20494,train
26540,group_20495,train
26541,group_20496,train
26542,group_20490,validation
26543,group_20498,train
26544,group_20499,train
26545,group_20500,train
26546,group_20501,validation
26547,group_20502,train
26548,group_20490,validation
26549,group_20496,train
26550,group_20490,validation
26551,group_20496,train
26552,group_20496,train
26553,group_20490,validation
26554,group_20490,validation
26555,group_20510,validation
26556,group_20511,train
26557,group_9760,train
26558,group_20513,train
26559,group_20513,train
26560,group_17165,train
26561,group_20513,train
26562,group_20517,train
26563,group_20518,validation
26585,group_20519,validation
26586,group_20520,train
26587,group_20521,train
26588,group_20522,train
26589,group_20523,train
26590,group_20524,test
26591,group_20525,train
26592,group_20526,train
26593,group_20527,train
26594,group_20528,train
26595,group_20528,train
26596,group_20530,test
26597,group_20531,train
26598,group_20532,validation
26599,group_20533,train
26600,group_6390,validation
26601,group_20535,train
26602,group_20535,train
26603,group_20537,test
26604,group_20538,train
26605,group_20539,train
26606,group_20540,train
26607,group_20541,train
26608,group_20542,test
26609,group_20543,train
26610,group_20544,test
26611,group_20545,train
26612,group_20546,train
26613,group_20547,train
26614,group_20548,train
26615,group_20538,train
26616,group_20550,validation
26617,group_20551,test
26618,group_20552,train
26619,group_20553,validation
26620,group_20554,validation
26621,group_20555,test
26622,group_20556,validation
26623,group_20557,train
26624,group_20558,train
26625,group_20559,test
26626,group_20560,train
26627,group_20561,train
26628,group_20562,train
26629,group_20563,train
26630,group_20564,train
26631,group_20565,train
26632,group_20566,test
26633,group_20567,train
26634,group_20568,train
26635,group_20569,train
26636,group_20570,validation
26637,group_20571,test
26638,group_20572,validation
26639,group_20573,train
26640,group_20574,train
26641,group_20574,train
26642,group_20576,train
26643,group_20577,train
26644,group_20578,train
26645,group_20579,train
26646,group_20580,test
26647,group_20581,train
26648,group_20582,test
26649,group_20583,train
26650,group_20584,validation
26651,group_20585,train
26652,group_20586,test
26653,group_20587,train
26654,group_20588,train
26655,group_20589,train
26656,group_20590,train
26657,group_20591,train
26658,group_20592,test
26659,group_20593,train
26660,group_20594,validation
26661,group_20595,train
26662,group_20596,train
26663,group_20597,train
26664,group_20598,train
26665,group_20599,train
26666,group_20600,train
26667,group_20601,train
26668,group_20602,train
26669,group_20603,train
26670,group_20604,train
26671,group_20605,train
26672,group_20606,train
26673,group_20606,train
26674,group_20608,train
26675,group_20609,train
26676,group_20610,train
26677,group_20611,train
26678,group_20612,train
26679,group_20613,validation
26680,group_20614,test
26681,group_20615,train
26682,group_20616,train
26683,group_20617,train
26684,group_20618,test
26685,group_20619,train
26686,group_20620,train
26687,group_10501,train
26688,group_20622,train
26689,group_20623,train
26690,group_20624,train
26691,group_20625,train
26692,group_14296,validation
26693,group_20627,train
26695,group_20628,train
26696,group_20629,test
26697,group_20630,train
26700,group_20631,train
26702,group_20632,train
26703,group_20633,validation
26704,group_20634,train
26705,group_20635,train
26706,group_20636,train
26707,group_20637,train
26708,group_20637,train
26709,group_20639,test
26710,group_20640,train
26711,group_20447,test
26712,group_20642,train
26713,group_20643,train
26714,group_20644,train
26715,group_20645,test
26716,group_20646,validation
26717,group_12366,validation
26718,group_20648,train
26719,group_20649,train
26720,group_20650,validation
26721,group_20651,test
26722,group_20652,train
26723,group_20653,test
26724,group_20654,train
26725,group_20655,train
26726,group_20446,validation
26727,group_20657,train
26728,group_20658,train
26729,group_20659,train
26730,group_20660,validation
26731,group_20661,validation
26732,group_17444,train
26733,group_20663,train
26734,group_20664,train
26735,group_20665,train
26737,group_20666,validation
26738,group_20667,train
26739,group_17445,train
26743,group_20669,train
26744,group_17453,train
26746,group_17454,train
26747,group_20672,train
26781,group_20673,train
26783,group_20674,train
26784,group_20675,train
26785,group_20673,train
26786,group_17850,test
26787,group_20678,train
26788,group_20679,test
26789,group_20680,test
26790,group_11092,train
26791,group_20682,train
26792,group_20683,train
26793,group_20684,validation
26794,group_20685,train
26795,group_20680,test
26796,group_11086,train
26797,group_20688,train
26798,group_20680,test
26799,group_20678,train
26800,group_20685,train
26801,group_17851,train
26802,group_20683,train
26803,group_20694,train
26804,group_20695,train
26805,group_20696,train
26806,group_20697,train
26807,group_20698,train
26808,group_20698,train
26809,group_20697,train
26810,group_20701,train
26811,group_20702,train
26812,group_20703,train
26813,group_20688,train
26814,group_11086,train
26815,group_20706,train
26816,group_20707,train
26817,group_17858,train
26818,group_20709,train
26819,group_20710,train
26820,group_20711,train
26821,group_20712,train
26822,group_20713,test
26823,group_20714,test
26824,group_20712,train
26825,group_20716,train
26826,group_12238,train
26827,group_20713,test
26829,group_20712,train
26831,group_12238,train
26835,group_20712,train
26837,group_20722,test
26838,group_20723,train
26843,group_20723,train
26844,group_12238,train
26847,group_20726,test
26848,group_20727,validation
26849,group_20728,test
26850,group_20729,train
26851,group_20730,train
26852,group_20731,train
26853,group_20732,train
26854,group_20733,train
26855,group_20734,test
26856,group_20735,validation
26857,group_20728,test
26858,group_20737,train
26859,group_20737,train
26860,group_20739,train
26862,group_20740,train
26863,group_20741,test
26864,group_20742,train
26865,group_3493,validation
26866,group_20744,train
26867,group_20745,train
26868,group_20746,train
26869,group_20747,train
26870,group_20748,validation
26871,group_20745,train
26872,group_20750,train
26873,group_20751,train
26874,group_20747,train
26875,group_20753,train
26876,group_20750,train
26877,group_5838,validation
26878,group_20756,train
26879,group_20757,validation
26880,group_20744,train
26881,group_20759,train
26882,group_20744,train
26883,group_20747,train
26885,group_20762,train
26887,group_20763,train
26888,group_12654,train
26889,group_20751,train
26890,group_5838,validation
26891,group_5838,validation
26892,group_20742,train
26893,group_20769,train
26894,group_20745,train
26895,group_20771,train
26896,group_20744,train
26897,group_20750,train
26898,group_20742,train
26901,group_20775,train
26902,group_20751,train
26903,group_20742,train
26904,group_20778,train
26905,group_20779,train
26906,group_20742,train
26907,group_20745,train
26908,group_20757,validation
26909,group_20745,train
26910,group_5838,validation
26911,group_20785,validation
26912,group_20786,test
26913,group_20757,validation
26914,group_5838,validation
26915,group_20789,test
26916,group_20790,train
26917,group_20791,train
26918,group_18961,train
26919,group_20793,test
26921,group_18961,train
26922,group_20793,test
26923,group_20796,train
26924,group_18961,train
26927,group_20798,validation
26928,group_20798,validation
26929,group_20800,train
26930,group_20801,train
26931,group_18961,train
26932,group_20779,train
26933,group_18961,train
26934,group_20798,validation
26935,group_20798,validation
26936,group_20745,train
26937,group_20744,train
26938,group_20809,train
26939,group_20810,train
26940,group_20811,train
26941,group_20746,train
26942,group_19152,train
26943,group_20814,train
26944,group_20815,train
26945,group_20816,train
26946,group_20817,train
26947,group_20818,validation
26948,group_20816,train
26949,group_20820,train
26950,group_20821,train
26951,group_20822,test
26952,group_20823,test
26953,group_20742,train
26954,group_20793,test
26955,group_18961,train
26956,group_18961,train
26957,group_20828,validation
26958,group_20829,train
26959,group_20830,validation
26960,group_20828,validation
26965,group_7927,train
26966,group_7932,train
26967,group_20834,test
26968,group_20835,train
26969,group_20836,validation
26974,group_20837,train
26975,group_20789,test
26982,group_20839,train
26983,group_20840,train
26984,group_20841,train
26985,group_20842,validation
26986,group_20843,test
26987,group_20844,train
26988,group_20845,train
26989,group_20846,train
26990,group_20847,train
26991,group_20848,test
26992,group_20849,train
26993,group_20850,train
26994,group_20851,test
26995,group_20849,train
26996,group_20853,train
26997,group_20854,train
26999,group_20850,train
27000,group_20850,train
27001,group_20849,train
27002,group_20849,train
27003,group_20850,train
27004,group_20860,train
27005,group_20846,train
27006,group_20862,test
27007,group_20863,validation
27008,group_20864,train
27009,group_20865,test
27010,group_20866,train
27011,group_20867,validation
27012,group_20868,train
27013,group_20847,train
27014,group_20870,train
27015,group_20871,train
27016,group_20850,train
27017,group_20854,train
27018,group_20850,train
27019,group_20849,train
27020,group_20876,train
27021,group_20854,train
27022,group_20850,train
27023,group_20849,train
27024,group_20850,train
27025,group_20881,train
27026,group_20882,test
27027,group_20841,train
27028,group_20884,train
27029,group_20884,train
27030,group_20884,train
27032,group_20887,train
27034,group_20888,train
27035,group_20889,test
27036,group_20890,train
27037,group_20891,test
27038,group_20892,train
27039,group_20893,validation
27041,group_20894,train
27042,group_20895,test
27044,group_20896,train
27045,group_20897,train
27046,group_20898,train
27047,group_20899,train
27049,group_20900,train
27053,group_20901,train
27054,group_20902,train
27056,group_20903,train
27057,group_20904,train
27059,group_20905,train
27060,group_20906,train
27061,group_20907,train
27062,group_20908,validation
27067,group_20909,train
27070,group_20910,train
27074,group_17424,train
27075,group_934,test
27076,group_20913,train
27077,group_938,train
27078,group_934,test
27079,group_1092,train
27080,group_20917,train
27081,group_20918,train
27082,group_20919,train
27083,group_11766,train
27084,group_10758,train
27085,group_20922,train
27086,group_20923,train
27087,group_20924,validation
27088,group_20925,train
27089,group_20926,train
27090,group_20927,test
27091,group_20928,train
27092,group_20929,train
27093,group_20930,train
27094,group_20931,train
27096,group_20932,train
27097,group_20933,validation
27098,group_20934,test
27099,group_20935,validation
27100,group_20936,train
27101,group_20937,train
27102,group_14006,train
27103,group_20939,test
27104,group_20940,train
27105,group_20941,train
27106,group_20942,train
27107,group_20943,train
27108,group_20944,train
27109,group_20945,train
27110,group_20946,train
27115,group_20947,train
27116,group_20948,validation
27117,group_20949,train
27121,group_20950,train
27128,group_20951,train
27129,group_20948,validation
27134,group_20949,train
27138,group_20951,train
27139,group_20948,validation
27141,group_20947,train
27142,group_20948,validation
27143,group_20948,validation
27144,group_20948,validation
27145,group_20948,validation
27148,group_20961,test
27149,group_20962,train
27150,group_20963,validation
27151,group_17364,train
27152,group_17364,train
27153,group_17378,train
27154,group_20961,test
27155,group_17372,validation
27158,group_20969,train
27164,group_17364,train
27165,group_17364,train
27169,group_17372,validation
27170,group_17372,validation
27171,group_17372,validation
27173,group_20961,test
27174,group_17364,train
27175,group_17364,train
27176,group_17372,validation
27178,group_20961,test
27180,group_20980,validation
27181,group_20981,train
27182,group_20982,train
27183,group_20983,test
27184,group_20980,validation
27185,group_20982,train
27186,group_20986,test
27187,group_20987,train
27188,group_20987,train
27189,group_20989,train
27191,group_18917,train
27193,group_10758,train
27194,group_20992,train
27195,group_20993,validation
27196,group_20994,validation
27197,group_20995,train
27198,group_20996,validation
27199,group_20997,test
27202,group_20998,train
27203,group_20999,test
27204,group_21000,train
27205,group_21001,train
27206,group_21002,validation
27207,group_21003,train
27208,group_21004,validation
27209,group_20998,train
27210,group_21006,validation
27211,group_21007,train
27212,group_21008,train
27213,group_21009,test
27214,group_21010,train
27215,group_21011,train
27216,group_21012,train
27217,group_21004,validation
27218,group_21014,train
27219,group_21015,train
27220,group_21016,train
27221,group_21017,validation
27222,group_21018,validation
27223,group_20996,validation
27224,group_21020,train
27225,group_21021,test
27226,group_21022,train
27227,group_21020,train
27228,group_21022,train
27229,group_21025,test
27230,group_21026,train
27231,group_21027,test
27232,group_21028,validation
27253,group_21029,train
27258,group_21030,train
27259,group_21031,train
27260,group_20363,train
27261,group_21033,train
27262,group_21034,train
27263,group_20363,train
27264,group_21036,train
27265,group_21037,test
27266,group_21038,train
27267,group_21039,train
27268,group_21040,train
27269,group_21041,validation
27270,group_21042,train
27271,group_21043,validation
27272,group_21044,train
27273,group_21045,train
27274,group_21046,train
27275,group_21047,train
27276,group_21048,train
27277,group_18936,train
27278,group_21048,train
27279,group_18936,train
27280,group_21047,train
27281,group_21053,train
27282,group_18936,train
27283,group_21055,test
27284,group_21056,test
27285,group_21057,train
27286,group_18926,train
27287,group_21059,validation
27288,group_18943,validation
27289,group_21061,validation
27290,group_18943,validation
27292,group_21063,validation
27293,group_18936,train
27294,group_18944,train
27295,group_21066,train
27296,group_21041,validation
27297,group_21041,validation
27298,group_21041,validation
27299,group_14766,test
27300,group_18924,train
27301,group_14766,test
27302,group_14777,train
27304,group_21074,validation
27305,group_21075,test
27306,group_21076,train
27307,group_21077,train
27308,group_21078,train
27311,group_21079,train
27313,group_21080,train
27315,group_21081,test
27316,group_21082,validation
27317,group_21083,train
27318,group_21084,train
27319,group_21085,validation
27320,group_21086,train
27321,group_21087,validation
27322,group_21088,train
27323,group_21089,test
27326,group_21090,train
27327,group_21091,train
27328,group_21090,train
27329,group_21093,train
27330,group_21094,test
27331,group_21095,train
27335,group_21096,train
27338,group_21097,train
27339,group_21098,train
27340,group_21099,train
27341,group_21099,train
27342,group_21101,train
27343,group_21102,train
27344,group_21103,train
27345,group_21104,train
27346,group_21105,validation
27347,group_21106,train
27348,group_21107,train
27349,group_21108,validation
27350,group_21109,train
27352,group_21110,train
27353,group_21111,test
27354,group_21112,train
27355,group_21113,test
27356,group_21114,train
27357,group_21115,train
27358,group_21116,train
27359,group_21117,validation
27360,group_21118,validation
27361,group_21119,train
27364,group_21120,train
27365,group_21121,train
27368,group_21122,validation
27369,group_21123,train
27370,group_21124,train
27372,group_21125,test
27373,group_21126,validation
27374,group_21127,train
27375,group_21128,test
27376,group_21129,train
27377,group_21130,train
27378,group_8835,validation
27379,group_8835,validation
27380,group_21133,train
27381,group_21134,train
27382,group_21133,train
27384,group_21136,train
27385,group_21136,train
27386,group_21136,train
27388,group_21139,test
27392,group_21140,train
27396,group_21140,train
27398,group_21142,validation
27399,group_21143,validation
27400,group_21144,test
27401,group_21145,train
27402,group_21146,train
27403,group_21147,train
27404,group_21148,train
27405,group_21149,train
27406,group_21150,train
27407,group_21151,train
27408,group_21152,validation
27409,group_21153,train
27410,group_21154,train
27411,group_21155,train
27412,group_21156,validation
27413,group_21157,test
27414,group_21158,train
27415,group_21159,train
27416,group_21160,test
27417,group_21161,train
27418,group_21162,train
27419,group_21163,train
27420,group_21164,train
27421,group_21165,test
27422,group_21166,train
27423,group_21167,test
27424,group_21168,train
27425,group_21169,validation
27426,group_21170,test
27427,group_21171,validation
27428,group_21172,test
27429,group_21173,train
27430,group_21174,train
27431,group_21173,train
27432,group_21176,train
27433,group_21177,validation
27434,group_21178,train
27435,group_21179,train
27436,group_21180,validation
27437,group_21181,train
27438,group_21182,train
27439,group_21183,train
27440,group_21184,train
27441,group_21185,train
27442,group_21186,train
27443,group_21173,train
27444,group_21188,test
27445,group_21189,train
27446,group_21190,train
27447,group_21191,train
27448,group_21192,test
27449,group_21193,train
27450,group_21194,train
27451,group_21195,validation
27452,group_21196,train
27453,group_21197,train
27454,group_21198,train
27455,group_21199,train
27456,group_21200,test
27457,group_21201,train
27458,group_21202,train
27459,group_21203,train
27460,group_21204,test
27461,group_21205,train
27462,group_21206,train
27463,group_21207,train
27464,group_21208,test
27465,group_21209,train
27466,group_21210,train
27467,group_21211,train
27468,group_21212,train
27469,group_21213,train
27470,group_21214,train
27471,group_21215,train
27472,group_21216,train
27473,group_21217,train
27474,group_21218,train
27475,group_21219,train
27476,group_21220,validation
27477,group_21221,test
27478,group_21222,train
27479,group_21223,train
27480,group_21224,train
27481,group_21225,train
27482,group_21226,test
27483,group_21227,train
27484,group_21228,train
27485,group_21229,train
27486,group_21230,train
27487,group_21231,train
27488,group_21232,validation
27489,group_21233,validation
27490,group_21234,train
27491,group_21235,train
27492,group_21236,test
27493,group_21237,validation
27494,group_21238,test
27495,group_21212,train
27496,group_21240,train
27497,group_21241,train
27498,group_21242,train
27499,group_21243,train
27500,group_21244,train
27501,group_21245,train
27502,group_21246,train
27503,group_21247,validation
27504,group_21248,validation
27505,group_21249,validation
27506,group_21250,train
27507,group_21251,validation
27508,group_21252,train
27509,group_21253,train
27510,group_21254,train
27511,group_21255,validation
27512,group_21256,train
27513,group_21257,train
27514,group_21258,train
27515,group_21259,train
27516,group_21260,train
27517,group_21261,train
27518,group_21262,train
27519,group_1092,train
27520,group_18598,test
27521,group_21265,train
27522,group_21266,train
27525,group_21267,train
27527,group_4736,train
27529,group_4736,train
27532,group_4736,train
27534,group_4736,train
27537,group_21272,train
27538,group_21273,validation
27539,group_21272,train
27542,group_21275,train
27545,group_21275,train
27546,group_21275,train
27548,group_21278,train
27550,group_21279,validation
27552,group_21280,train
27553,group_4728,train
27554,group_30454,train
27555,group_21280,train
27557,group_21284,train
27558,group_30454,train
27559,group_30454,train
27560,group_21287,test
27561,group_21288,train
27562,group_21289,train
27563,group_21290,train
27566,group_21291,train
27567,group_21292,train
27572,group_21280,train
27574,group_21294,train
27579,group_21295,train
27580,group_21296,train
27581,group_21297,train
27582,group_21298,train
27583,group_21299,train
27584,group_21300,train
27586,group_21301,validation
27587,group_21299,train
27589,group_21303,train
27590,group_21304,train
27593,group_21305,train
27594,group_21306,train
27595,group_21307,train
27596,group_21308,train
27598,group_21309,train
27602,group_21310,train
27604,group_21311,train
27605,group_21310,train
27607,group_21313,test
27608,group_21310,train
27609,group_21310,train
27610,group_21316,train
27614,group_21317,validation
27621,group_21318,train
27622,group_21316,train
27623,group_21320,train
27624,group_21321,train
27625,group_21322,train
27626,group_21323,train
27628,group_21324,test
27629,group_21325,train
27630,group_21326,validation
27631,group_21327,train
27640,group_21328,train
27642,group_21329,train
27644,group_21330,train
27645,group_21331,train
27646,group_21331,train
27648,group_21333,validation
27649,group_4824,train
27653,group_21335,test
27655,group_21336,train
27657,group_21337,test
27663,group_21338,train
27665,group_21339,train
27666,group_21340,train
27667,group_21341,validation
27668,group_21342,train
27669,group_19008,train
27670,group_1307,train
27671,group_21345,train
27672,group_19008,train
27673,group_1307,train
27674,group_1309,train
27675,group_19008,train
27677,group_21350,train
27678,group_19008,train
27679,group_19008,train
27680,group_1306,train
27682,group_1308,train
27683,group_21342,train
27685,group_21356,train
27687,group_19008,train
27688,group_19008,train
27689,group_19008,train
27690,group_1308,train
27691,group_21361,test
27692,group_17015,train
27693,group_21363,test
27694,group_19008,train
27695,group_21356,train
27699,group_21356,train
27701,group_19008,train
27702,group_1308,train
27703,group_21369,validation
27704,group_21356,train
27710,group_21371,train
27711,group_1307,train
27712,group_21345,train
27715,group_21374,validation
27716,group_1308,train
27717,group_19008,train
27718,group_21377,train
27719,group_21378,train
27720,group_21379,train
27722,group_21356,train
27724,group_17015,train
27726,group_21369,validation
27727,group_1305,train
27728,group_1308,train
27731,group_1308,train
27732,group_19008,train
27733,group_21369,validation
27734,group_19008,train
27736,group_1308,train
27737,group_1305,train
27738,group_19008,train
27739,group_21392,train
27740,group_21393,train
27741,group_21394,train
27742,group_21395,validation
27743,group_21396,train
27744,group_21397,validation
27745,group_21397,validation
27746,group_1308,train
27747,group_19008,train
27748,group_21395,validation
27749,group_21402,test
27750,group_21407,test
27751,group_21404,train
27752,group_21402,test
27753,group_21407,test
27754,group_21407,test
27755,group_21402,test
27756,group_21407,test
27757,group_21407,test
27758,group_21402,test
27759,group_21407,test
27760,group_21407,test
27761,group_21402,test
27762,group_21407,test
27763,group_21416,validation
27764,group_21402,test
27765,group_21407,test
27766,group_21416,validation
27767,group_21420,train
27768,group_21407,test
27769,group_21422,train
27770,group_21420,train
27771,group_21407,test
27772,group_21425,validation
27773,group_21426,train
27774,group_21407,test
27775,group_21402,test
27776,group_21429,train
27777,group_21430,train
27778,group_21407,test
27779,group_21407,test
27780,group_21402,test
27781,group_21407,test
27782,group_21407,test
27783,group_21402,test
27784,group_21429,train
27785,group_21407,test
27786,group_21402,test
27787,group_21407,test
27788,group_21402,test
27789,group_21442,train
27791,group_21402,test
27792,group_21407,test
27793,group_21402,test
27795,group_21407,test
27796,group_21402,test
27797,group_21448,train
27802,group_21449,train
27803,group_21450,train
27804,group_21451,train
27805,group_21452,test
27806,group_21453,train
27807,group_21454,validation
27808,group_21455,train
27809,group_21452,test
27810,group_21452,test
27811,group_21452,test
27812,group_21459,train
27813,group_21460,train
27814,group_21460,train
27815,group_21452,test
27818,group_21463,train
27819,group_21464,train
27820,group_21465,test
27821,group_21466,train
27822,group_21467,train
27827,group_21466,train
27828,group_21467,train
27829,group_21470,train
27830,group_21471,train
27832,group_21452,test
27833,group_21460,train
27834,group_21474,test
27836,group_21475,train
27837,group_21476,train
27838,group_21467,train
27839,group_21474,test
27840,group_21479,train
27841,group_21480,train
27845,group_21481,train
27846,group_21482,train
27847,group_21483,validation
27848,group_21484,train
27849,group_21485,train
27850,group_21486,train
27851,group_21487,train
27852,group_21488,test
27853,group_21489,test
27854,group_21490,train
27855,group_21491,train
27856,group_21492,test
27857,group_21492,test
27858,group_21494,train
27859,group_21491,train
27860,group_21496,validation
27861,group_21496,validation
27862,group_21498,train
27863,group_21499,validation
27864,group_21500,test
27865,group_21501,train
27866,group_21501,train
27867,group_21503,train
27868,group_21504,train
27869,group_21505,train
27870,group_21504,train
27871,group_21507,train
27872,group_21508,validation
27873,group_21501,train
27874,group_21510,test
27875,group_21511,train
27876,group_21511,train
27877,group_21513,train
27878,group_21514,train
27879,group_21515,train
27880,group_21514,train
27881,group_21517,train
27882,group_21518,train
27883,group_21519,train
27884,group_21520,train
27885,group_21520,train
27886,group_21519,train
27887,group_21523,train
27888,group_21524,train
27889,group_21525,train
27890,group_21526,validation
27891,group_21527,train
27892,group_21528,train
27893,group_21529,train
27894,group_21530,test
27895,group_21531,test
27896,group_21532,validation
27897,group_21533,validation
27898,group_21534,train
27899,group_21535,test
27900,group_21536,train
27901,group_21537,test
27902,group_21538,train
27903,group_21539,train
27904,group_21540,train
27905,group_21541,validation
27906,group_21539,train
27907,group_21543,test
27908,group_21541,validation
27909,group_21545,train
27910,group_21538,train
27911,group_21538,train
27912,group_21548,train
27913,group_21549,train
27914,group_21550,train
27915,group_21548,train
27916,group_21540,train
27917,group_21553,train
27918,group_21549,train
27919,group_21555,train
27920,group_21541,validation
27921,group_21539,train
27922,group_21558,train
27923,group_21559,test
27924,group_21539,train
27925,group_21541,validation
27926,group_21562,test
27928,group_21563,train
27929,group_21564,test
27931,group_21565,train
27932,group_21566,validation
27933,group_20830,validation
27934,group_21568,train
27935,group_21569,train
27936,group_21570,train
27937,group_21571,test
27938,group_21571,test
27939,group_21573,train
27940,group_21574,train
27941,group_21575,train
27942,group_21576,train
27943,group_21577,train
27944,group_21578,train
27945,group_21579,test
27946,group_21580,train
27947,group_21581,validation
27948,group_21582,test
27949,group_21583,train
27950,group_21584,validation
27951,group_21585,train
27952,group_21586,train
27953,group_21587,train
27954,group_21588,test
27955,group_21589,train
27956,group_21590,train
27957,group_21591,train
27958,group_21592,train
27959,group_21593,train
27960,group_21594,test
27961,group_21595,validation
27962,group_21596,train
27963,group_21597,train
27964,group_21598,train
27965,group_21599,train
27966,group_21600,train
27967,group_21601,train
27968,group_21602,validation
27969,group_21603,train
27970,group_21598,train
27971,group_21605,train
27972,group_21606,train
27973,group_21607,train
27974,group_21608,train
27975,group_21609,train
27976,group_21610,validation
27977,group_21611,train
27978,group_21612,train
27979,group_21613,train
27980,group_21614,train
27981,group_21615,test
27982,group_21616,test
27983,group_21617,train
27984,group_21618,validation
27985,group_21618,validation
27986,group_21617,train
27987,group_21621,validation
27988,group_21622,train
27989,group_21623,test
27990,group_21624,train
27991,group_21625,train
27992,group_21623,test
27994,group_21625,train
27995,group_21628,train
27996,group_21629,validation
27997,group_21630,train
27998,group_21631,train
27999,group_21632,train
28000,group_21630,train
28001,group_21634,validation
28002,group_21632,train
28003,group_21636,train
28004,group_21637,train
28005,group_21638,test
28006,group_21639,train
28007,group_21639,train
28008,group_21641,train
28009,group_21642,train
28010,group_21639,train
28011,group_21644,train
28012,group_21645,train
28013,group_21646,train
28014,group_21647,train
28015,group_21648,train
28016,group_21649,train
28017,group_21650,train
28018,group_21651,train
28019,group_21652,train
28020,group_21653,train
28021,group_21654,test
28022,group_21650,train
28023,group_21656,train
28024,group_21650,train
28025,group_21658,test
28026,group_21659,train
28027,group_21660,train
28028,group_21661,test
28029,group_21662,train
28030,group_21663,validation
28031,group_21664,train
28032,group_21665,train
28033,group_21666,train
28034,group_21667,train
28035,group_21668,validation
28036,group_21669,train
28037,group_21670,train
28038,group_21671,train
28039,group_21672,train
28040,group_21673,validation
28041,group_21674,train
28042,group_21675,train
28043,group_21676,test
28044,group_21677,train
28045,group_21678,validation
28046,group_21679,test
28047,group_21680,train
28048,group_21681,train
28049,group_21682,test
28050,group_21683,train
28051,group_21684,train
28052,group_21685,train
28053,group_21685,train
28054,group_21687,train
28055,group_21688,train
28056,group_21689,test
28057,group_21690,test
28058,group_21691,train
28059,group_21692,train
28060,group_21692,train
28061,group_21694,train
28062,group_21695,train
28063,group_21692,train
28064,group_21697,train
28065,group_21698,train
28066,group_21699,train
28067,group_21700,train
28068,group_21701,train
28069,group_21702,train
28070,group_21703,train
28071,group_21704,train
28072,group_21705,test
28073,group_21706,test
28074,group_21707,train
28075,group_21708,train
28076,group_21709,train
28077,group_21710,train
28078,group_21711,train
28079,group_21712,train
28080,group_21713,validation
28081,group_21714,train
28082,group_21715,train
28083,group_21715,train
28084,group_21717,train
28085,group_21718,train
28086,group_21719,test
28087,group_21720,train
28088,group_21721,validation
28090,group_21722,test
28091,group_21723,test
28092,group_21724,train
28093,group_21725,train
28094,group_21726,train
28095,group_21727,validation
28096,group_21728,validation
28097,group_21728,validation
28098,group_21730,test
28099,group_21731,train
28100,group_21732,train
28101,group_21733,train
28102,group_21734,test
28103,group_21735,train
28104,group_21736,train
28105,group_21737,test
28106,group_21738,test
28107,group_21739,train
28108,group_21740,test
28109,group_21741,test
28110,group_21742,validation
28111,group_21743,train
28112,group_21744,train
28113,group_21745,validation
28114,group_21746,train
28115,group_21747,train
28116,group_21748,train
28117,group_21749,train
28118,group_21750,test
28119,group_21751,train
28120,group_21752,train
28121,group_21753,validation
28122,group_21754,train
28123,group_21755,train
28124,group_21756,validation
28125,group_21757,train
28126,group_21758,train
28127,group_21759,validation
28128,group_21760,validation
28129,group_21761,train
28130,group_21762,validation
28131,group_21763,train
28132,group_21764,train
28133,group_21765,validation
28134,group_21766,train
28135,group_21767,train
28136,group_21768,train
28137,group_21769,train
28138,group_21770,train
28139,group_21771,test
28140,group_21772,train
28141,group_21773,validation
28142,group_21774,train
28143,group_21775,validation
28144,group_21776,train
28145,group_21777,train
28146,group_21778,train
28147,group_21779,train
28148,group_21780,train
28149,group_21781,validation
28150,group_21782,test
28151,group_21783,test
28152,group_21784,train
28153,group_21785,train
28154,group_18336,train
28155,group_21787,train
28156,group_18336,train
28157,group_18336,train
28158,group_18336,train
28159,group_18336,train
28160,group_21792,test
28161,group_18336,train
28162,group_18336,train
28163,group_18336,train
28164,group_18336,train
28165,group_18336,train
28166,group_18336,train
28167,group_18336,train
28168,group_18336,train
28169,group_18336,train
28170,group_18336,train
28171,group_21792,test
28172,group_21804,train
28173,group_21804,train
28174,group_21806,train
28175,group_21807,test
28176,group_18336,train
28177,group_18336,train
28178,group_18336,train
28179,group_18336,train
28180,group_21792,test
28181,group_18336,train
28182,group_21806,train
28183,group_18336,train
28184,group_21792,test
28185,group_18336,train
28186,group_18336,train
28187,group_21804,train
28188,group_18336,train
28189,group_21804,train
28190,group_18336,train
28191,group_21792,test
28192,group_18336,train
28193,group_18336,train
28194,group_21826,train
28195,group_21827,validation
28196,group_21828,validation
28197,group_21829,train
28198,group_21830,train
28199,group_21831,train
28200,group_21832,validation
28201,group_21833,train
28202,group_18345,test
28203,group_21835,test
28204,group_18346,validation
28205,group_21837,train
28207,group_21830,train
28208,group_21839,train
28209,group_18349,validation
28210,group_21839,train
28211,group_21842,train
28212,group_21843,train
28213,group_21844,train
28214,group_21845,validation
28215,group_21846,train
28216,group_21847,train
28217,group_21848,train
28218,group_21849,test
28219,group_21850,train
28220,group_21851,test
28221,group_21852,train
28222,group_21853,test
28223,group_21854,train
28224,group_21855,validation
28225,group_21856,train
28226,group_21857,train
28227,group_21858,test
28228,group_21859,train
28229,group_21860,train
28230,group_21861,test
28231,group_21862,train
28232,group_21863,train
28233,group_21864,train
28234,group_21865,test
28236,group_21866,test
28237,group_21867,train
28238,group_21868,train
28239,group_21869,train
28240,group_21870,train
28241,group_21871,train
28242,group_21872,test
28243,group_21873,train
28244,group_21874,train
28245,group_21875,train
28246,group_21876,train
28247,group_21877,train
28248,group_21878,train
28249,group_21879,train
28250,group_21880,train
28251,group_21881,train
28252,group_21882,train
28253,group_21883,validation
28254,group_21884,test
28255,group_21885,train
28256,group_21886,train
28257,group_21887,train
28258,group_21888,test
28260,group_21889,validation
28261,group_21890,validation
28262,group_21891,train
28263,group_21892,train
28264,group_21893,train
28265,group_21894,validation
28266,group_21895,train
28267,group_21896,validation
28268,group_21897,train
28269,group_21898,train
28270,group_21899,validation
28271,group_21900,train
28272,group_21901,validation
28273,group_21902,train
28274,group_21903,train
28275,group_21904,train
28276,group_21905,validation
28277,group_21906,train
28278,group_5977,train
28279,group_5976,train
28280,group_6028,train
28281,group_21910,train
28282,group_21910,train
28283,group_5976,train
28284,group_5965,validation
28285,group_21914,train
28286,group_21914,train
28287,group_21914,train
28288,group_21917,validation
28289,group_21918,train
28290,group_21919,train
28291,group_21914,train
28292,group_21914,train
28293,group_21919,train
28294,group_21923,validation
28295,group_21924,train
28296,group_21919,train
28297,group_21914,train
28298,group_21919,train
28299,group_21928,validation
28300,group_21929,validation
28301,group_21930,train
28302,group_21919,train
28303,group_21932,train
28304,group_21933,train
28305,group_21934,train
28306,group_21919,train
28307,group_21919,train
28308,group_21937,train
28309,group_21914,train
28310,group_21939,train
28313,group_11641,train
28314,group_4103,train
28315,group_11641,train
28316,group_4115,test
28317,group_4114,train
28318,group_4103,train
28319,group_21946,train
28320,group_11632,train
28321,group_11636,train
28322,group_11636,train
28323,group_11632,train
28324,group_11636,train
28325,group_21952,test
28326,group_21952,test
28328,group_11632,train
28329,group_11632,train
28330,group_11636,train
28331,group_21957,validation
28332,group_11636,train
28333,group_11632,train
28334,group_21960,train
28335,group_21960,train
28337,group_21960,train
28340,group_21960,train
28341,group_21964,train
28342,group_21960,train
28343,group_21966,validation
28344,group_21967,train
28345,group_21960,train
28346,group_21975,train
28347,group_21960,train
28348,group_21971,test
28349,group_21975,train
28350,group_21960,train
28351,group_21960,train
28352,group_21975,train
28353,group_21960,train
28354,group_21975,train
28355,group_21960,train
28356,group_21960,train
28357,group_21964,train
28358,group_21960,train
28359,group_21960,train
28360,group_21964,train
28361,group_21960,train
28362,group_21960,train
28363,group_21964,train
28365,group_21975,train
28366,group_21960,train
28367,group_21960,train
28368,group_21964,train
28369,group_21966,validation
28370,group_21966,validation
28371,group_21964,train
28372,group_21960,train
28373,group_21966,validation
28374,group_21964,train
28375,group_21997,train
28376,group_21998,train
28377,group_21975,train
28378,group_21960,train
28379,group_21998,train
28380,group_22002,train
28381,group_22002,train
28382,group_22004,test
28383,group_21960,train
28384,group_21960,train
28385,group_21975,train
28386,group_21960,train
28387,group_21960,train
28388,group_21975,train
28389,group_21960,train
28390,group_21975,train
28391,group_21960,train
28392,group_22014,test
28393,group_22015,validation
28394,group_22016,validation
28395,group_22016,validation
28396,group_22015,validation
28397,group_22015,validation
28398,group_22016,validation
28399,group_22015,validation
28400,group_22015,validation
28401,group_22016,validation
28402,group_22015,validation
28403,group_22015,validation
28404,group_21960,train
28405,group_21960,train
28406,group_21975,train
28408,group_21966,validation
28409,group_21960,train
28410,group_21960,train
28411,group_21964,train
28412,group_21960,train
28413,group_21966,validation
28414,group_21966,validation
28415,group_21960,train
28416,group_21966,validation
28417,group_21964,train
28418,group_21960,train
28419,group_21960,train
28420,group_21964,train
28421,group_21960,train
28422,group_21975,train
28423,group_22044,train
28424,group_22045,train
28425,group_22046,train
28426,group_22047,test
28427,group_22048,train
28428,group_22049,train
28429,group_22050,test
28430,group_22051,test
28431,group_22052,train
28432,group_22053,train
28433,group_22054,test
28434,group_22055,train
28435,group_22056,train
28436,group_22057,train
28437,group_22058,train
28438,group_22059,train
28439,group_22060,train
28440,group_22061,train
28441,group_22062,test
28442,group_16718,train
28444,group_22064,train
28445,group_22065,train
28446,group_22065,train
28447,group_16684,train
28448,group_22068,train
28449,group_22068,train
28450,group_22070,train
28451,group_22071,validation
28452,group_22072,train
28453,group_22073,train
28454,group_22074,train
28455,group_22075,test
28456,group_22076,train
28457,group_22074,train
28458,group_22078,train
28459,group_22079,test
28460,group_22080,train
28461,group_22074,train
28462,group_22082,train
28463,group_22083,validation
28464,group_22084,train
28465,group_22085,validation
28467,group_22086,test
28468,group_22087,train
28469,group_22085,validation
28470,group_22089,validation
28471,group_22090,train
28472,group_22091,train
28473,group_22092,train
28474,group_22093,train
28475,group_22094,validation
28476,group_22095,train
28477,group_22096,train
28478,group_22097,train
28479,group_22098,validation
28480,group_22099,train
28482,group_22100,train
28483,group_22101,test
28487,group_22102,train
28488,group_22103,train
28489,group_22104,test
28491,group_22105,train
28492,group_22106,validation
28495,group_22107,train
28496,group_22108,train
28497,group_22109,validation
28498,group_22110,train
28499,group_22107,train
28500,group_22112,train
28501,group_22113,train
28502,group_22114,train
28503,group_22115,train
28504,group_22116,test
28505,group_22117,validation
28506,group_22118,train
28507,group_22119,test
28508,group_22120,train
28509,group_22121,train
28510,group_22119,test
28511,group_22120,train
28512,group_22124,train
28513,group_22125,train
28514,group_17494,train
28515,group_22127,test
28516,group_22128,train
28517,group_22129,test
28518,group_22130,train
28519,group_22131,train
28520,group_7760,train
28521,group_22133,validation
28522,group_22134,validation
28523,group_22135,test
28524,group_22136,train
28525,group_22137,test
28526,group_22138,train
28527,group_22139,train
28528,group_22140,train
28529,group_22141,train
28530,group_22142,train
28531,group_22143,train
28532,group_22144,test
28533,group_22145,test
28534,group_22146,validation
28535,group_22147,train
28536,group_22148,train
28537,group_22149,train
28538,group_22150,train
28539,group_22151,validation
28540,group_22152,train
28541,group_22153,train
28542,group_22154,validation
28543,group_22155,train
28544,group_22156,train
28545,group_22157,train
28546,group_22158,validation
28547,group_22159,test
28548,group_540,train
28549,group_22161,train
28550,group_22162,train
28551,group_22163,validation
28552,group_22164,validation
28553,group_22165,train
28554,group_22166,train
28555,group_22167,validation
28556,group_22168,train
28557,group_22169,train
28558,group_22170,train
28559,group_22171,train
28560,group_22172,validation
28561,group_22172,validation
28562,group_22174,validation
28563,group_22175,train
28564,group_22176,test
28565,group_22177,validation
28566,group_22178,train
28567,group_22179,test
28568,group_22180,train
28569,group_22181,train
28570,group_22182,validation
28571,group_22183,test
28572,group_22184,train
28573,group_22185,train
28574,group_22186,train
28575,group_22187,train
28576,group_22188,train
28577,group_22189,train
28578,group_22190,train
28579,group_22191,train
28580,group_22192,test
28581,group_22193,train
28582,group_22194,train
28583,group_22195,train
28584,group_22196,train
28585,group_18178,train
28586,group_18178,train
28587,group_22199,train
28588,group_22200,train
28589,group_22201,train
28590,group_22202,train
28591,group_22201,train
28592,group_22204,validation
28593,group_22200,train
28594,group_22199,train
28595,group_22201,train
28596,group_22201,train
28597,group_22209,train
28598,group_22210,train
28599,group_22211,train
28600,group_22212,train
28602,group_22213,train
28603,group_22214,train
28604,group_22215,train
28605,group_22215,train
28606,group_22217,test
28607,group_22218,test
28608,group_22219,train
28609,group_22220,train
28610,group_22221,train
28611,group_22222,train
28612,group_22223,train
28613,group_22224,train
28614,group_22225,train
28615,group_17485,validation
28616,group_17485,validation
28617,group_22228,train
28618,group_22229,train
28619,group_22230,train
28620,group_17472,train
28621,group_17487,train
28622,group_22233,train
28623,group_22234,train
28625,group_22235,train
28626,group_22236,train
28627,group_22237,train
28628,group_22127,test
28629,group_22239,train
28630,group_22240,train
28631,group_22241,train
28632,group_22242,train
28633,group_22243,validation
28634,group_22244,test
28635,group_22244,test
28636,group_22246,train
28637,group_11904,validation
28638,group_17604,train
28639,group_540,train
28640,group_22250,test
28641,group_22251,train
28642,group_22252,train
28643,group_22253,train
28644,group_22254,train
28645,group_22255,train
28646,group_22256,validation
28647,group_22257,train
28648,group_22258,train
28649,group_22259,train
28650,group_22260,train
28651,group_22261,validation
28652,group_22262,train
28653,group_10430,train
28654,group_22264,train
28655,group_22265,train
28656,group_22266,train
28657,group_22267,train
28658,group_22268,train
28659,group_22269,train
28660,group_22270,train
28661,group_22271,train
28662,group_22272,train
28671,group_22273,train
28672,group_5001,train
28674,group_22275,train
28675,group_4985,train
28677,group_22277,test
28678,group_5392,train
28681,group_22273,train
28684,group_22280,validation
28686,group_22281,test
28688,group_22282,train
28689,group_22283,train
28690,group_22284,validation
28691,group_22285,validation
28692,group_22286,train
28693,group_22287,test
28694,group_22285,validation
28695,group_22284,validation
28696,group_22286,train
28697,group_22285,validation
28698,group_22292,train
28699,group_22293,test
28700,group_22294,train
28701,group_22295,train
28702,group_22296,train
28703,group_22282,train
28704,group_22298,train
28705,group_22294,train
28706,group_22285,validation
28707,group_22301,train
28708,group_18097,train
28709,group_22303,train
28710,group_22304,train
28711,group_22305,train
28712,group_22306,train
28713,group_22305,train
28714,group_22305,train
28715,group_22309,test
28716,group_22284,validation
28717,group_22311,train
28718,group_22305,train
28719,group_22305,train
28720,group_22314,train
28721,group_22284,validation
28722,group_22316,train
28723,group_22304,train
28724,group_22305,train
28725,group_18102,test
28726,group_22284,validation
28727,group_22321,train
28728,group_22305,train
28729,group_22321,train
28730,group_22306,train
28731,group_22325,test
28732,group_18102,test
28733,group_18102,test
28734,group_22321,train
28735,group_22292,train
28736,group_22311,train
28737,group_22305,train
28738,group_22332,train
28739,group_22333,train
28740,group_22334,train
28741,group_22301,train
28742,group_22336,train
28743,group_22337,test
28744,group_22338,train
28745,group_22339,validation
28746,group_22340,train
28747,group_22341,train
28748,group_22342,test
28749,group_22341,train
28750,group_22344,train
28751,group_22345,train
28752,group_22339,validation
28753,group_14725,train
28754,group_22345,train
28755,group_22349,train
28757,group_18661,train
28758,group_18667,train
28760,group_22352,train
28761,group_22353,validation
28762,group_22354,train
28763,group_22355,train
28764,group_22353,validation
28765,group_22357,validation
28766,group_22358,train
28767,group_22359,train
28768,group_22360,train
28769,group_22361,validation
28770,group_18679,train
28771,group_18679,train
28772,group_14732,test
28773,group_18679,train
28774,group_14732,test
28775,group_14732,test
28776,group_22368,train
28777,group_22369,train
28778,group_22368,train
28779,group_18679,train
28780,group_22372,test
28781,group_22373,test
28782,group_22373,test
28783,group_22373,test
28784,group_22376,train
28785,group_22373,test
28786,group_22378,train
28789,group_22379,train
28790,group_22380,test
28791,group_22381,validation
28794,group_22380,test
28795,group_22380,test
28799,group_22380,test
28802,group_22380,test
28804,group_22380,test
28805,group_22387,train
28806,group_22388,train
28807,group_22389,train
28808,group_22390,train
28810,group_22387,train
28811,group_22380,test
28814,group_22380,test
28816,group_22380,test
28817,group_22381,validation
28818,group_22396,test
28819,group_22397,train
28821,group_22396,test
28822,group_22380,test
28825,group_22396,test
28826,group_22397,train
28827,group_22402,train
28828,group_22402,train
28829,group_22402,train
28830,group_22402,train
28831,group_22406,train
28832,group_22402,train
28834,group_22408,validation
28835,group_22408,validation
28836,group_22408,validation
28844,group_22411,train
28845,group_4983,train
28846,group_22413,test
28847,group_22414,train
28848,group_10343,train
28849,group_22416,test
28850,group_4974,train
28851,group_22418,test
28852,group_22419,train
28853,group_5348,train
28854,group_22421,test
28855,group_10343,train
28856,group_22423,train
28857,group_22424,train
28858,group_22425,test
28859,group_5348,train
28860,group_10343,train
28861,group_22428,train
28863,group_4994,train
28865,group_22430,train
28871,group_22431,train
28872,group_22408,validation
28873,group_22433,train
28874,group_16935,train
28875,group_22408,validation
28877,group_17666,train
28878,group_22437,validation
28879,group_22438,train
28880,group_22439,train
28881,group_22440,train
28882,group_22441,validation
28883,group_22442,test
28884,group_22443,test
28885,group_22444,train
28886,group_22445,train
28887,group_22446,validation
28888,group_22442,test
28889,group_22448,test
28890,group_22449,validation
28891,group_22450,validation
28892,group_22439,train
28893,group_22452,train
28894,group_22453,validation
28895,group_22440,train
28896,group_22455,test
28897,group_22456,validation
28898,group_22457,train
28899,group_22458,train
28900,group_22443,test
28901,group_22460,train
28902,group_22461,train
28903,group_22462,train
28904,group_22462,train
28905,group_22408,validation
28906,group_16935,train
28907,group_22466,train
28908,group_16937,validation
28909,group_16937,validation
28910,group_22469,train
28912,group_22470,test
28917,group_22470,test
28918,group_22470,test
28920,group_22470,test
28921,group_22470,test
28922,group_22475,train
28923,group_22475,train
28924,group_22477,train
28925,group_22478,train
28926,group_22479,train
28927,group_22480,train
28928,group_22481,train
28929,group_22482,train
28930,group_22483,train
28931,group_22480,train
28932,group_22478,train
28933,group_22479,train
28934,group_22481,train
28935,group_22478,train
28936,group_16927,train
28937,group_16948,train
28938,group_16935,train
28939,group_16927,train
28940,group_16927,train
28941,group_22494,train
28942,group_22495,train
28943,group_22496,train
28944,group_22497,train
28946,group_22498,train
28947,group_22499,train
28948,group_22499,train
28949,group_22501,train
28950,group_22502,train
28951,group_22503,train
28952,group_22504,train
28953,group_22505,train
28954,group_22506,train
28955,group_22469,train
28957,group_16971,train
28958,group_16971,train
28959,group_22499,train
28960,group_22469,train
28961,group_16935,train
28962,group_16971,train
28963,group_16971,train
28964,group_22515,train
28965,group_22499,train
28966,group_22517,train
28968,group_22518,test
28969,group_22519,validation
28970,group_16968,train
28971,group_22521,test
28972,group_22522,train
28973,group_22523,train
28974,group_22524,train
28975,group_22525,test
28976,group_22526,train
28977,group_22527,train
28978,group_22528,train
28979,group_22529,train
28980,group_22530,validation
28981,group_22531,test
28982,group_22532,train
28984,group_22533,train
28985,group_22534,train
28986,group_22535,train
28987,group_22536,train
28988,group_22537,train
28989,group_22538,train
28990,group_22539,test
28991,group_22540,validation
28992,group_22541,validation
28993,group_22542,train
28996,group_22543,train
28997,group_22544,train
28999,group_22545,test
29001,group_22544,train
29002,group_22475,train
29003,group_22475,train
29004,group_22475,train
29006,group_22475,train
29007,group_22475,train
29010,group_22552,train
29011,group_22553,train
29012,group_22554,train
29014,group_22555,train
29015,group_22556,validation
29016,group_22557,validation
29017,group_22558,test
29018,group_22558,test
29019,group_22560,train
29020,group_6941,train
29021,group_22562,train
29022,group_22563,validation
29023,group_22564,train
29024,group_22565,test
29025,group_22566,train
29026,group_22567,validation
29027,group_22568,train
29028,group_22569,train
29029,group_22570,validation
29030,group_22571,validation
29031,group_22572,validation
29032,group_22573,train
29033,group_22574,train
29034,group_22575,train
29035,group_22576,validation
29036,group_22577,train
29037,group_18644,train
29039,group_22579,validation
29040,group_22580,train
29041,group_22581,test
29042,group_22564,train
29043,group_6934,train
29044,group_15045,train
29045,group_22585,train
29046,group_22586,train
29047,group_22587,test
29048,group_22588,test
29049,group_22589,train
29050,group_18651,train
29051,group_22591,train
29052,group_22592,validation
29053,group_22593,train
29055,group_22594,train
29056,group_18778,validation
29057,group_18792,train
29061,group_22597,train
29062,group_22598,validation
29063,group_22599,train
29064,group_5636,train
29065,group_16300,train
29067,group_22602,validation
29068,group_5640,test
29069,group_5648,train
29070,group_22605,train
29071,group_16304,validation
29072,group_22607,train
29073,group_22607,train
29074,group_22609,test
29075,group_5636,train
29076,group_22611,train
29077,group_22612,validation
29078,group_22613,test
29079,group_22614,train
29080,group_22615,train
29081,group_22616,train
29082,group_22617,train
29083,group_22618,train
29084,group_5494,train
29085,group_22618,train
29086,group_22617,train
29087,group_22618,train
29088,group_22623,train
29089,group_22624,train
29091,group_22625,train
29094,group_22626,test
29095,group_22627,train
29096,group_22628,train
29097,group_22629,train
29098,group_22630,train
29099,group_22631,train
29100,group_10263,test
29101,group_22633,train
29102,group_22634,train
29103,group_22635,test
29104,group_22636,train
29106,group_22637,train
29107,group_22638,train
29108,group_22639,train
29109,group_22640,train
29110,group_22641,train
29111,group_13236,train
29112,group_22643,validation
29113,group_22643,validation
29114,group_22645,train
29115,group_15115,train
29116,group_22647,train
29117,group_22645,train
29118,group_22649,train
29119,group_22650,train
29120,group_22651,train
29121,group_22652,train
29122,group_22653,test
29123,group_22654,train
29124,group_22655,train
29125,group_22656,validation
29126,group_22657,validation
29127,group_22658,train
29128,group_22659,validation
29129,group_22660,train
29130,group_22657,validation
29131,group_22658,train
29132,group_22658,train
29133,group_22664,train
29134,group_22658,train
29135,group_22664,train
29136,group_22664,train
29137,group_22668,train
29139,group_22658,train
29140,group_22657,validation
29142,group_22664,train
29145,group_19231,train
29147,group_15576,validation
29150,group_22674,train
29154,group_19202,train
29156,group_8243,test
29157,group_22677,train
29158,group_22678,validation
29161,group_19226,train
29164,group_22680,train
29165,group_22681,validation
29166,group_22682,test
29167,group_22683,train
29168,group_19218,train
29169,group_19202,train
29170,group_19219,train
29171,group_22687,train
29172,group_22688,train
29173,group_22689,train
29174,group_22690,train
29176,group_22691,validation
29177,group_22692,train
29178,group_8174,train
29182,group_22694,train
29184,group_15321,train
29187,group_19231,train
29188,group_22697,train
29189,group_22698,train
29190,group_22697,train
29191,group_22700,test
29192,group_22700,test
29193,group_22702,train
29196,group_22703,test
29199,group_14079,train
29200,group_22705,train
29201,group_22706,train
29202,group_22706,train
29206,group_22708,train
29207,group_22706,train
29209,group_22710,validation
29210,group_22711,train
29211,group_22712,validation
29212,group_22713,test
29213,group_22714,train
29214,group_22713,test
29215,group_22713,test
29216,group_22713,test
29217,group_22713,test
29218,group_22719,train
29219,group_22720,train
29220,group_22720,train
29221,group_11769,train
29223,group_11769,train
29224,group_22724,train
29225,group_22725,train
29226,group_18850,train
29227,group_22727,train
29228,group_22728,train
29229,group_22729,train
29230,group_22730,validation
29231,group_22731,train
29233,group_22732,train
29234,group_22733,train
29235,group_22734,validation
29236,group_22735,train
29237,group_22736,train
29238,group_22737,train
29239,group_22738,train
29240,group_22739,validation
29241,group_22740,train
29242,group_22741,train
29243,group_22742,train
29244,group_22743,train
29245,group_22744,train
29246,group_22745,train
29247,group_22746,train
29248,group_22747,train
29249,group_22748,train
29250,group_22749,train
29252,group_22750,train
29253,group_22751,train
29254,group_22752,train
29255,group_22753,train
29256,group_22754,validation
29257,group_22755,validation
29258,group_22756,train
29260,group_22757,train
29261,group_22758,train
29262,group_22759,validation
29263,group_22760,train
29264,group_22761,train
29265,group_22762,validation
29266,group_22763,validation
29267,group_22764,train
29268,group_22765,train
29269,group_22766,train
29272,group_22767,train
29273,group_22768,train
29274,group_22769,train
29275,group_22770,train
29276,group_22771,validation
29277,group_22772,train
29278,group_22773,train
29279,group_22774,train
29280,group_22775,train
29282,group_22776,train
29283,group_22777,train
29286,group_22778,train
29287,group_22779,train
29288,group_22780,train
29289,group_22781,test
29290,group_22782,train
29291,group_22783,train
29292,group_22784,train
29294,group_22785,train
29295,group_15506,test
29296,group_15799,train
29297,group_22788,train
29298,group_22789,train
29299,group_22790,validation
29300,group_15749,test
29308,group_22792,validation
29309,group_22793,test
29312,group_22766,train
29313,group_22766,train
29314,group_18772,train
29315,group_22797,validation
29316,group_15055,train
29317,group_18772,train
29318,group_22766,train
29319,group_22801,train
29320,group_22802,train
29321,group_22803,train
29322,group_22804,train
29339,group_22805,train
29343,group_22806,train
29345,group_22807,train
29348,group_22808,validation
29352,group_22809,test
29369,group_22810,test
29371,group_22811,test
29384,group_22812,train
29390,group_22813,test
29399,group_22814,train
29402,group_22815,validation
29405,group_22816,train
29407,group_22817,train
29408,group_22818,train
29409,group_22819,train
29410,group_22820,train
29411,group_22821,test
29413,group_22822,test
29414,group_22821,test
29415,group_22821,test
29416,group_22822,test
29417,group_22820,train
29418,group_22820,train
29419,group_22820,train
29420,group_22821,test
29421,group_22820,train
29422,group_22831,train
29423,group_22832,train
29432,group_22820,train
29433,group_22821,test
29434,group_22821,test
29439,group_22820,train
29440,group_22837,train
29441,group_22838,test
29444,group_22820,train
29445,group_22821,test
29446,group_22820,train
29447,group_22842,train
29448,group_22820,train
29449,group_22820,train
29450,group_22821,test
29451,group_22821,test
29452,group_22820,train
29453,group_22821,test
29454,group_22849,test
29455,group_22820,train
29456,group_22821,test
29457,group_22820,train
29461,group_22853,test
29462,group_22821,test
29463,group_22820,train
29464,group_22820,train
29465,group_22821,test
29466,group_22822,test
29467,group_22822,test
29468,group_22820,train
29470,group_22861,train
29472,group_22862,train
29479,group_22821,test
29480,group_22820,train
29486,group_22865,validation
29489,group_22866,test
29490,group_22867,validation
29491,group_22853,test
29492,group_22869,train
29493,group_22869,train
29494,group_22871,train
29495,group_22872,train
29496,group_22873,train
29497,group_22872,train
29498,group_22875,train
29499,group_22876,train
29500,group_22877,test
29501,group_22853,test
29502,group_22853,test
29503,group_22853,test
29504,group_22853,test
29505,group_22853,test
29506,group_22853,test
29507,group_22876,train
29508,group_22853,test
29509,group_22876,train
29510,group_22853,test
29511,group_22876,train
29513,group_22889,validation
29514,group_22889,validation
29519,group_22891,train
29521,group_22892,test
29522,group_22893,train
29523,group_22889,validation
29524,group_22889,validation
29525,group_22891,train
29526,group_22892,test
29529,group_22891,train
29531,group_22891,train
29532,group_22900,train
29542,group_22901,train
29546,group_22902,validation
29547,group_22903,train
29548,group_22904,validation
29551,group_22905,train
29553,group_22906,test
29554,group_22907,train
29556,group_22908,train
29557,group_22909,train
29558,group_22910,test
29559,group_22911,train
29560,group_22912,train
29561,group_22913,test
29562,group_22914,train
29563,group_22915,train
29564,group_22916,test
29565,group_22917,train
29566,group_22918,train
29567,group_22919,validation
29568,group_22920,train
29569,group_22921,train
29570,group_22922,test
29571,group_22923,train
29572,group_22924,train
29573,group_22925,train
29574,group_22925,train
29575,group_22927,train
29576,group_22928,validation
29578,group_22929,train
29580,group_20649,train
29581,group_22931,train
29582,group_22731,train
29583,group_22933,train
29584,group_22934,validation
29594,group_22935,train
29598,group_22936,train
29605,group_22937,train
29606,group_22938,train
29607,group_22939,train
29608,group_22940,test
29609,group_6047,train
29611,group_19158,train
29612,group_19158,train
29616,group_6534,train
29623,group_22945,train
29625,group_22946,validation
29628,group_19158,train
29629,group_22948,train
29632,group_22939,train
29633,group_6062,test
29635,group_6534,train
29636,group_22952,train
29639,group_22953,train
29640,group_22954,train
29642,group_22954,train
29648,group_22956,train
29649,group_22940,test
29650,group_22958,validation
29652,group_22939,train
29653,group_22940,test
29655,group_22956,train
29657,group_8002,validation
29664,group_22953,train
29665,group_22939,train
29667,group_22965,validation
29668,group_22966,train
29669,group_22966,train
29670,group_22965,validation
29672,group_22969,test
29674,group_22970,train
29675,group_22954,train
29676,group_22972,validation
29677,group_22973,train
29682,group_22974,train
29683,group_22975,train
29684,group_22976,train
29685,group_22976,train
29688,group_22978,test
29689,group_22979,train
29690,group_22980,train
29692,group_6670,validation
29696,group_20141,train
29699,group_20144,test
29700,group_20145,train
29701,group_20143,train
29702,group_6670,validation
29705,group_6761,train
29706,group_20143,train
29708,group_20141,train
29709,group_20153,validation
29711,group_20145,train
29721,group_20144,test
29724,group_22993,train
29725,group_22994,train
29726,group_22995,test
29727,group_22996,test
29728,group_22997,train
29729,group_22998,train
29730,group_22995,test
29732,group_22993,train
29733,group_22998,train
29734,group_23002,train
29735,group_23003,train
29736,group_22997,train
29737,group_22998,train
29738,group_22995,test
29740,group_22993,train
29741,group_22998,train
29742,group_22995,test
29743,group_23003,train
29744,group_23011,validation
29745,group_23012,train
29746,group_23013,test
29747,group_23014,test
29748,group_23015,train
29749,group_23016,train
29750,group_23017,train
29751,group_23018,train
29752,group_23019,train
29753,group_23020,validation
29754,group_23021,train
29755,group_23022,train
29756,group_23023,test
29757,group_23024,train
29758,group_23025,train
29759,group_23026,train
29760,group_23027,validation
29761,group_23028,train
29762,group_23029,train
29763,group_22820,train
29765,group_19713,test
29766,group_23032,train
29769,group_19718,train
29772,group_23034,test
29773,group_23035,train
29774,group_23036,validation
29777,group_8999,train
29778,group_8997,train
29779,group_11044,train
29780,group_8999,train
29781,group_23041,validation
29782,group_9001,test
29783,group_23043,train
29784,group_422,train
29785,group_3412,validation
29786,group_421,train
29787,group_8990,train
29788,group_9010,validation
29789,group_23049,train
29790,group_9010,validation
29795,group_23051,test
29796,group_23052,train
29797,group_23053,train
29798,group_23054,train
29800,group_23055,train
29808,group_23056,test
29813,group_23057,test
29819,group_23057,test
29820,group_23059,train
29821,group_23060,test
29823,group_23059,train
29826,group_23062,test
29829,group_23063,train
29831,group_23064,train
29835,group_23065,train
29837,group_23066,validation
29838,group_23056,test
29840,group_8962,train
29841,group_23069,test
29845,group_11044,train
29846,group_9006,train
29848,group_8999,train
29849,group_8997,train
29851,group_9006,train
29852,group_23075,train
29862,group_23076,train
29863,group_23077,validation
29864,group_23078,validation
29865,group_23079,train
29866,group_23080,train
29867,group_23081,train
29868,group_23082,train
29869,group_23083,train
29870,group_23084,train
29871,group_23085,validation
29872,group_23086,train
29873,group_23087,validation
29874,group_23088,train
29875,group_23089,train
29876,group_23090,train
29877,group_23091,train
29878,group_23092,train
29879,group_23093,test
29880,group_23094,validation
29881,group_23095,train
29882,group_23096,train
29883,group_23097,test
29884,group_23098,validation
29885,group_23099,train
29886,group_23100,train
29887,group_23101,test
29888,group_23102,train
29889,group_23103,train
29890,group_23104,validation
29891,group_23105,train
29892,group_23106,train
29893,group_23107,train
29894,group_23108,train
29895,group_23109,train
29896,group_23110,test
29897,group_23111,validation
29904,group_23112,test
29905,group_23113,test
29906,group_23114,validation
29907,group_23115,validation
29908,group_23116,train
29909,group_23117,validation
29910,group_23118,train
29911,group_23119,train
29912,group_23120,train
29913,group_23121,test
29914,group_23122,train
29915,group_23123,train
29916,group_23124,test
29917,group_23125,train
29918,group_23126,train
29919,group_23127,train
29920,group_23128,train
29921,group_23129,train
29922,group_23130,train
29923,group_23131,train
29924,group_23132,train
29925,group_23133,train
29926,group_23134,train
29927,group_23135,test
29928,group_23136,test
29929,group_23137,train
29930,group_23138,test
29931,group_23139,test
29932,group_23140,train
29933,group_23141,test
29934,group_23142,test
29935,group_23143,train
29936,group_23144,train
29937,group_23145,train
29938,group_23146,validation
29939,group_23147,test
29940,group_23148,train
29941,group_23149,train
29942,group_23150,train
29943,group_23151,train
29944,group_23152,train
29945,group_23153,train
29946,group_23154,train
29947,group_23154,train
29948,group_23156,train
29949,group_23157,train
29950,group_23158,train
29951,group_23159,test
29955,group_23160,train
29956,group_23161,train
29957,group_23161,train
29959,group_23161,train
29960,group_23161,train
29961,group_23165,train
29962,group_23165,train
29963,group_23165,train
29964,group_23165,train
29967,group_23169,train
29968,group_23165,train
29970,group_23165,train
29975,group_23172,validation
29977,group_23173,train
29978,group_23174,train
29979,group_23175,train
29981,group_23176,train
29982,group_23177,train
29983,group_23177,train
29985,group_23172,validation
29988,group_23180,test
29990,group_23172,validation
29994,group_23172,validation
29997,group_23183,train
30000,group_23184,train
30001,group_23177,train
30002,group_23177,train
30011,group_23187,validation
30012,group_23188,train
30013,group_23189,train
30014,group_23190,train
30018,group_23191,validation
30020,group_23192,test
30023,group_23193,train
30024,group_23189,train
30025,group_23195,train
30029,group_23190,train
30035,group_23197,train
30036,group_23198,train
30037,group_23199,test
30038,group_23200,train
30039,group_23201,test
30040,group_23202,test
30041,group_23203,train
30042,group_23204,train
30043,group_23205,train
30045,group_23206,train
30046,group_23207,validation
30047,group_23208,train
30048,group_23209,train
30049,group_23210,validation
30050,group_23211,validation
30051,group_23203,train
30052,group_23213,train
30053,group_23214,train
30054,group_23215,train
30055,group_23216,train
30056,group_23216,train
30057,group_23218,validation
30058,group_23219,validation
30059,group_23220,train
30060,group_23221,train
30063,group_23222,train
30064,group_23223,validation
30065,group_23223,validation
30066,group_23225,train
30067,group_23226,validation
30068,group_23227,train
30069,group_23228,test
30070,group_23227,train
30071,group_23228,test
30072,group_23231,train
30073,group_23228,test
30074,group_23233,validation
30075,group_23233,validation
30076,group_23235,train
30077,group_23233,validation
30078,group_23228,test
30079,group_23228,test
30080,group_23239,validation
30081,group_23226,validation
30082,group_23227,train
30083,group_23242,test
30084,group_23243,train
30085,group_23244,train
30086,group_23242,test
30087,group_23246,train
30089,group_23228,test
30090,group_23227,train
30091,group_23249,test
30095,group_23250,train
30096,group_23228,test
30097,group_23228,test
30098,group_10653,train
30100,group_10646,train
30102,group_10639,train
30106,group_23256,validation
30107,group_23257,validation
30111,group_23258,train
30112,group_23259,train
30117,group_23260,test
30118,group_23261,validation
30119,group_23262,train
30121,group_23262,train
30122,group_23261,validation
30124,group_23265,train
30127,group_23265,train
30134,group_23267,train
30136,group_23261,validation
30138,group_23269,test
30139,group_23270,train
30140,group_23269,test
30141,group_23272,train
30142,group_23270,train
30143,group_23274,train
30144,group_23275,train
30145,group_23276,test
30146,group_23272,train
30147,group_23278,test
30148,group_23279,train
30149,group_23280,train
30150,group_23281,train
30151,group_23282,train
30152,group_20257,train
30154,group_23284,validation
30155,group_19870,train
30157,group_23286,validation
30159,group_23287,train
30160,group_23288,train
30161,group_23289,train
30162,group_23290,train
30165,group_23291,validation
30166,group_23292,test
30169,group_23293,train
30172,group_23294,train
30176,group_23291,validation
30178,group_23293,train
30179,group_23297,test
30180,group_23298,train
30182,group_23299,test
30183,group_23300,validation
30184,group_23301,train
30185,group_23302,train
30186,group_23303,train
30187,group_23304,train
30188,group_23305,validation
30189,group_23306,train
30190,group_23307,train
30191,group_23308,test
30192,group_23309,train
30193,group_23310,train
30194,group_14968,train
30195,group_14968,train
30196,group_23313,train
30197,group_23314,test
30198,group_23315,train
30199,group_14970,test
30200,group_23315,train
30201,group_23318,train
30202,group_23319,train
30203,group_23320,test
30204,group_23321,train
30205,group_23322,train
30206,group_23323,train
30207,group_6670,validation
30210,group_20134,train
30212,group_6763,train
30213,group_20132,train
30215,group_6761,train
30222,group_20169,validation
30228,group_20151,train
30233,group_9706,validation
30234,group_23332,test
30235,group_23333,train
30237,group_9714,train
30239,group_9706,validation
30240,group_9706,validation
30241,group_23332,test
30242,group_23338,train
30243,group_23332,test
30244,group_23338,train
30245,group_23341,train
30246,group_23342,train
30247,group_23343,train
30248,group_9714,train
30249,group_23345,test
30250,group_23342,train
30251,group_23347,train
30252,group_9714,train
30253,group_15006,test
30255,group_4115,test
30256,group_4901,train
30257,group_11641,train
30258,group_4103,train
30259,group_11631,train
30260,group_4115,test
30261,group_23356,test
30262,group_4103,train
30263,group_23358,train
30264,group_11641,train
30265,group_23360,train
30266,group_23360,train
30267,group_23360,train
30269,group_23360,train
30270,group_23360,train
30274,group_23360,train
30275,group_23360,train
30279,group_23360,train
30280,group_23360,train
30284,group_23360,train
30285,group_23360,train
30287,group_23360,train
30289,group_23360,train
30291,group_23373,train
30292,group_23374,train
30293,group_23375,validation
30294,group_23376,train
30295,group_23377,train
30296,group_23378,validation
30297,group_23379,validation
30298,group_23380,test
30299,group_23381,train
30300,group_23382,train
30301,group_23383,test
30302,group_23384,train
30303,group_23385,validation
30304,group_23386,train
30305,group_23387,validation
30306,group_23388,train
30307,group_23389,train
30308,group_23390,test
30309,group_23391,train
30310,group_23392,train
30311,group_23393,train
30312,group_23394,train
30313,group_23395,train
30314,group_23396,train
30315,group_23397,train
30316,group_23398,train
30317,group_23399,validation
30318,group_23400,train
30319,group_23401,train
30320,group_23402,train
30321,group_23403,train
30322,group_23404,train
30323,group_23405,train
30324,group_23406,train
30325,group_23407,train
30327,group_23408,train
30328,group_23409,test
30329,group_23410,train
30330,group_23411,train
30331,group_23412,train
30332,group_23413,train
30333,group_23414,train
30334,group_23415,train
30335,group_23416,test
30336,group_23417,train
30337,group_23418,validation
30338,group_23419,validation
30339,group_23420,train
30340,group_23421,validation
30341,group_23422,validation
30342,group_23423,train
30344,group_23424,train
30345,group_23425,train
30346,group_23426,train
30347,group_23427,train
30348,group_23428,train
30349,group_23429,train
30350,group_23430,test
30351,group_23431,train
30352,group_23432,train
30353,group_23433,train
30354,group_23434,train
30355,group_23435,train
30356,group_23436,train
30357,group_23437,test
30358,group_23438,validation
30359,group_23439,validation
30410,group_23440,train
30411,group_23440,train
30412,group_23440,train
30415,group_23440,train
30442,group_23444,validation
30453,group_23445,validation
30459,group_20145,train
30461,group_6670,validation
30462,group_23448,validation
30463,group_23449,test
30464,group_23450,train
30465,group_23448,validation
30466,group_23449,test
30467,group_23450,train
30468,group_23448,validation
30469,group_23450,train
30472,group_23456,test
30473,group_23457,train
30474,group_23450,train
30475,group_23459,train
30476,group_23460,train
30477,group_23461,test
30478,group_23462,train
30480,group_23463,train
30483,group_23464,train
30484,group_23465,test
30485,group_23466,train
30486,group_23467,train
30487,group_23459,train
30488,group_23462,train
30493,group_23470,train
30494,group_23471,validation
30495,group_23466,train
30496,group_23473,train
30497,group_23470,train
30498,group_23471,validation
30499,group_23466,train
30500,group_23473,train
30501,group_23473,train
30505,group_23479,train
30508,group_23480,train
30509,group_23481,validation
30510,group_23482,train
30514,group_23483,train
30515,group_23484,train
30517,group_23484,train
30525,group_23486,test
30526,group_23487,train
30527,group_23488,train
30528,group_23489,train
30529,group_23490,test
30530,group_23491,train
30533,group_23489,train
30534,group_23493,train
30535,group_23494,train
30536,group_23491,train
30537,group_23496,validation
30538,group_23497,validation
30539,group_23498,train
30540,group_23498,train
30541,group_23500,train
30542,group_23501,train
30543,group_23501,train
30544,group_23501,train
30545,group_23501,train
30546,group_23501,train
30547,group_23506,test
30548,group_23506,test
30549,group_23501,train
30550,group_23509,train
30551,group_23510,train
30555,group_23511,train
30556,group_23512,test
30557,group_23513,validation
30558,group_23513,validation
30559,group_23515,train
30560,group_23516,train
30561,group_23517,train
30562,group_23517,train
30563,group_23515,train
30564,group_23520,train
30565,group_23522,test
30566,group_23522,test
30567,group_23511,train
30568,group_23522,test
30569,group_23525,train
30570,group_23526,train
30571,group_23527,test
30572,group_23528,test
30573,group_23529,train
30574,group_23526,train
30575,group_23531,test
30576,group_23526,train
30581,group_23533,train
30585,group_22162,train
30586,group_23535,train
30587,group_22164,validation
30588,group_22163,validation
30589,group_22163,validation
30590,group_23539,train
30591,group_23540,train
30592,group_23541,train
30593,group_23542,validation
30594,group_23543,validation
30595,group_23544,train
30596,group_23545,test
30597,group_23546,test
30598,group_23547,train
30599,group_23548,train
30600,group_23549,train
30601,group_23550,train
30602,group_23551,train
30603,group_23552,test
30604,group_23553,train
30605,group_23554,validation
30606,group_23555,test
30607,group_23556,test
30608,group_19270,train
30609,group_17494,train
30610,group_17494,train
30611,group_23560,validation
30612,group_23561,train
30613,group_23562,train
30614,group_23563,train
30615,group_23564,train
30616,group_23565,train
30617,group_23566,train
30618,group_23567,test
30619,group_17511,train
30620,group_23569,train
30621,group_23570,train
30622,group_23571,validation
30624,group_23567,test
30625,group_23573,train
30626,group_23574,train
30627,group_23575,train
30630,group_23576,train
30632,group_23577,train
30633,group_23578,train
30634,group_17494,train
30635,group_23580,test
30636,group_23581,validation
30637,group_23582,train
30638,group_23583,train
30639,group_23584,train
30640,group_23585,train
30641,group_23586,train
30642,group_23573,train
30644,group_23588,train
30645,group_23589,train
30646,group_23590,train
30647,group_23591,train
30648,group_23592,train
30649,group_23593,train
30650,group_17511,train
30651,group_23595,validation
30661,group_23596,train
30662,group_23596,train
30663,group_23596,train
30664,group_23599,test
30665,group_23596,train
30666,group_23596,train
30667,group_23602,train
30668,group_23596,train
30669,group_23604,test
30670,group_23596,train
30671,group_23606,train
30672,group_23607,train
30673,group_23608,train
30674,group_23609,validation
30675,group_23604,test
30676,group_23596,train
30677,group_23604,test
30678,group_23613,test
30679,group_23599,test
30680,group_23596,train
30681,group_23596,train
30682,group_23599,test
30683,group_23596,train
30684,group_23599,test
30690,group_20919,train
30691,group_14690,test
30692,group_10792,train
30693,group_10792,train
30694,group_934,test
30695,group_23625,test
30696,group_23626,train
30705,group_23627,train
30706,group_23628,train
30707,group_23629,train
30709,group_23630,train
30713,group_23631,train
30714,group_23632,train
30715,group_23633,train
30716,group_23634,validation
30717,group_23635,test
30718,group_23636,train
30720,group_23637,train
30721,group_23638,validation
30722,group_23639,train
30723,group_23637,train
30724,group_23641,validation
30725,group_23642,train
30726,group_23643,train
30727,group_23644,train
30728,group_23645,train
30729,group_23646,validation
30730,group_23647,test
30731,group_23648,train
30732,group_23649,train
30733,group_23650,validation
30734,group_23651,train
30735,group_23652,train
30736,group_23651,train
30737,group_23654,train
30738,group_23655,train
30739,group_23656,train
30740,group_23657,train
30741,group_23657,train
30742,group_23659,train
30743,group_23660,train
30744,group_23661,train
30745,group_23662,test
30746,group_23663,train
30747,group_23664,train
30748,group_23660,train
30749,group_23666,train
30750,group_23667,validation
30751,group_23668,train
30752,group_23669,validation
30753,group_23670,test
30754,group_23671,test
30755,group_23672,validation
30756,group_23673,validation
30757,group_23674,validation
30758,group_23675,train
30759,group_23676,train
30760,group_23677,train
30761,group_23676,train
30762,group_23679,train
30763,group_23680,test
30764,group_23681,train
30765,group_23682,train
30766,group_23683,train
30767,group_23684,validation
30768,group_23685,train
30769,group_23686,validation
30770,group_23687,train
30771,group_23688,train
30772,group_23689,test
30773,group_23690,train
30774,group_23691,test
30775,group_23692,test
30776,group_23693,train
30777,group_23694,train
30778,group_23695,train
30779,group_23696,train
30780,group_23697,test
30781,group_23698,validation
30782,group_23699,train
30783,group_23700,test
30784,group_23660,train
30785,group_23702,train
30786,group_23703,train
30787,group_23704,train
30788,group_23705,train
30789,group_23706,train
30790,group_23690,train
30791,group_23708,train
30792,group_23709,validation
30793,group_23710,validation
30794,group_23711,test
30795,group_23712,train
30796,group_23713,train
30797,group_23714,train
30798,group_23715,test
30799,group_23716,train
30800,group_23717,train
30801,group_23718,test
30802,group_23719,train
30803,group_23719,train
30804,group_23721,validation
30805,group_23722,train
30806,group_23723,validation
30807,group_23724,train
30808,group_23725,train
30809,group_23726,validation
30810,group_23727,train
30811,group_23649,train
30812,group_23729,validation
30813,group_23730,train
30814,group_23731,train
30815,group_23732,test
30816,group_23733,train
30817,group_23734,train
30818,group_23735,test
30819,group_23736,train
30820,group_23737,test
30821,group_23738,validation
30822,group_23739,train
30823,group_23740,test
30824,group_23741,train
30825,group_23742,validation
30826,group_23743,train
30827,group_23744,train
30828,group_23745,train
30829,group_23746,train
30830,group_23747,train
30831,group_23748,train
30832,group_23749,train
30833,group_23750,validation
30834,group_23751,train
30835,group_23752,validation
30836,group_23753,train
30837,group_23753,train
30838,group_23755,train
30839,group_23756,validation
30840,group_23757,train
30841,group_23758,train
30842,group_23759,train
30843,group_23760,test
30844,group_23761,train
30845,group_23762,train
30846,group_23763,train
30847,group_23764,train
30848,group_23765,train
30849,group_23766,train
30850,group_23767,test
30851,group_23768,train
30852,group_23769,test
30853,group_23768,train
30854,group_23750,validation
30855,group_23751,train
30856,group_23773,test
30857,group_23774,train
30858,group_23757,train
30859,group_23776,train
30860,group_23764,train
30861,group_23778,train
30862,group_23779,train
30863,group_23780,train
30864,group_23758,train
30865,group_23782,train
30866,group_23783,test
30867,group_23751,train
30868,group_23785,test
30869,group_23769,test
30870,group_23769,test
30871,group_23769,test
30872,group_23789,train
30873,group_23790,train
30874,group_23791,test
30875,group_23792,train
30877,group_23793,train
30878,group_23794,train
30879,group_23793,train
30880,group_23796,validation
30881,group_23797,test
30882,group_23768,train
30883,group_23799,train
30884,group_23758,train
30885,group_23801,train
30886,group_23791,test
30887,group_23803,train
30888,group_23804,train
30889,group_23805,validation
30890,group_23806,train
30891,group_23807,train
30892,group_23808,train
30893,group_23809,train
30894,group_23809,train
30895,group_23811,test
30896,group_23812,train
30897,group_23813,train
30898,group_23814,train
30899,group_23815,train
30900,group_23816,train
30901,group_23817,validation
30902,group_23818,train
30903,group_23819,train
30904,group_23820,train
30905,group_23821,train
30906,group_23822,train
30907,group_23823,train
30908,group_23824,test
30909,group_23825,validation
30910,group_23826,train
30911,group_23823,train
30912,group_23828,validation
30913,group_23829,test
30914,group_23830,train
30915,group_23831,test
30916,group_23832,validation
30917,group_23833,train
30918,group_23834,train
30919,group_23835,test
30920,group_23836,train
30921,group_23837,train
30922,group_23838,validation
30923,group_23839,train
30924,group_23840,train
30925,group_23841,train
30926,group_23842,train
30927,group_23843,test
30928,group_23844,train
30929,group_23845,train
30930,group_23846,test
30931,group_23847,test
30932,group_23848,test
30933,group_23849,train
30934,group_23823,train
30935,group_23851,train
30936,group_23831,test
30937,group_23853,validation
30938,group_23854,train
30939,group_23855,train
30940,group_23856,train
30941,group_23857,test
30942,group_23858,train
30943,group_23859,train
30944,group_23860,train
30945,group_23861,train
30946,group_23862,train
30947,group_23863,train
30948,group_23864,test
30949,group_23865,test
30950,group_23866,train
30951,group_23867,train
30952,group_23868,train
30953,group_23869,validation
30954,group_23870,train
30955,group_23871,test
30956,group_23872,train
30957,group_23873,validation
30958,group_23874,train
30959,group_23875,test
30960,group_23876,train
30961,group_23877,train
30966,group_23878,train
30976,group_23879,train
30980,group_23880,train
30983,group_23881,train
30991,group_23882,test
30992,group_23882,test
31005,group_23884,test
31014,group_23885,train
31015,group_23886,validation
31016,group_23887,validation
31017,group_11092,train
31018,group_20710,train
31020,group_23890,test
31023,group_23891,validation
31024,group_23892,validation
31027,group_23893,train
31028,group_23894,train
31029,group_23895,validation
31032,group_23896,test
31035,group_23897,train
31036,group_23898,test
31037,group_23899,train
31038,group_23900,train
31039,group_23901,train
31040,group_23902,train
31043,group_23903,test
31046,group_23904,train
31047,group_23905,train
31048,group_23905,train
31049,group_23907,test
31050,group_23908,train
31057,group_23909,validation
31059,group_23910,train
31060,group_23910,train
31061,group_23912,train
31062,group_23913,train
31063,group_23914,validation
31064,group_23915,train
31065,group_23916,train
31066,group_23917,train
31068,group_23918,validation
31070,group_23919,test
31071,group_23920,train
31072,group_23921,train
31074,group_23922,test
31075,group_23923,train
31078,group_23924,train
31080,group_23925,train
31085,group_23926,validation
31088,group_20144,test
31090,group_23928,train
31091,group_31019,train
31092,group_23930,validation
31093,group_31019,train
31094,group_23932,train
31096,group_23933,train
31097,group_23934,train
31098,group_23932,train
31099,group_23934,train
31100,group_23937,test
31101,group_23938,train
31102,group_23939,train
31103,group_23940,test
31104,group_23941,train
31105,group_23941,train
31106,group_23945,validation
31107,group_23944,validation
31108,group_23945,validation
31109,group_23946,train
31110,group_23947,train
31111,group_23948,train
31112,group_23949,train
31113,group_23950,test
31114,group_23951,test
31115,group_23951,test
31116,group_23953,train
31117,group_23954,validation
31118,group_23955,train
31119,group_23956,validation
31120,group_23957,train
31121,group_23958,train
31122,group_23959,test
31123,group_23959,test
31124,group_23961,train
31125,group_23962,train
31126,group_23963,train
31127,group_23964,test
31128,group_23965,test
31129,group_23966,train
31130,group_23967,train
31132,group_20145,train
31133,group_20151,train
31141,group_6761,train
31142,group_20184,train
31143,group_23944,validation
31144,group_23973,train
31147,group_23934,train
31148,group_23945,validation
31149,group_23939,train
31150,group_23977,train
31151,group_23978,train
31152,group_23979,train
31153,group_23940,test
31154,group_23981,train
31155,group_23982,test
31156,group_23983,train
31157,group_23984,validation
31158,group_23985,test
31159,group_23986,validation
31160,group_23959,test
31161,group_23988,test
31162,group_23989,train
31164,group_23990,train
31166,group_23991,train
31167,group_23992,train
31168,group_23963,train
31172,group_23994,test
31173,group_23959,test
31174,group_23955,train
31175,group_23956,validation
31176,group_23954,validation
31177,group_23955,train
31178,group_23958,train
31180,group_24001,train
31181,group_23571,validation
31182,group_24003,train
31183,group_24004,train
31184,group_24004,train
31185,group_24004,train
31186,group_24004,train
31187,group_24004,train
31188,group_24009,train
31189,group_24010,validation
31190,group_24004,train
31191,group_24004,train
31192,group_24004,train
31193,group_24004,train
31194,group_24015,validation
31195,group_24015,validation
31196,group_24015,validation
31200,group_24004,train
31201,group_24003,train
31202,group_24020,test
31204,group_24020,test
31206,group_24020,test
31207,group_19020,test
31208,group_24024,test
31209,group_9380,train
31210,group_24026,test
31211,group_24027,train
31212,group_24028,test
31213,group_24029,train
31214,group_24030,train
31215,group_24031,validation
31216,group_24032,train
31217,group_24033,train
31218,group_24034,train
31219,group_24035,train
31221,group_3494,train
31222,group_24037,validation
31225,group_24038,train
31228,group_24039,train
31229,group_24040,test
31231,group_24041,train
31233,group_24042,train
31234,group_24043,test
31235,group_24044,train
31236,group_20447,test
31237,group_24046,train
31238,group_24047,train
31239,group_24048,train
31241,group_24049,train
31242,group_24050,train
31243,group_24051,train
31244,group_24052,train
31245,group_24053,train
31246,group_24054,train
31247,group_24055,test
31248,group_24056,train
31249,group_24055,test
31250,group_24058,train
31251,group_24059,train
31252,group_24060,validation
31253,group_24061,train
31254,group_24062,train
31255,group_24063,train
31257,group_24064,test
31258,group_24065,train
31259,group_24066,train
31260,group_24067,train
31261,group_24068,train
31262,group_24069,train
31263,group_24070,validation
31264,group_24071,validation
31265,group_24072,train
31266,group_24073,train
31267,group_24074,train
31269,group_24075,train
31270,group_24076,train
31271,group_24077,train
31272,group_24078,train
31273,group_24079,train
31274,group_24080,train
31275,group_24081,train
31277,group_24082,train
31278,group_24083,train
31279,group_24084,train
31280,group_24085,test
31281,group_20452,train
31282,group_24087,train
31283,group_24088,train
31284,group_24089,train
31285,group_24090,test
31286,group_20454,test
31287,group_24092,validation
31288,group_24093,train
31289,group_24094,train
31290,group_24095,validation
31291,group_24096,test
31292,group_24097,train
31293,group_24098,train
31294,group_24099,validation
31295,group_24100,test
31297,group_24101,train
31298,group_24102,train
31299,group_24103,train
31300,group_24104,train
31301,group_6761,train
31302,group_20134,train
31303,group_20134,train
31304,group_20145,train
31305,group_24109,train
31306,group_24110,validation
31307,group_24111,train
31308,group_18097,train
31309,group_18096,train
31310,group_22314,train
31311,group_18096,train
31312,group_24116,validation
31313,group_18094,train
31314,group_24118,train
31315,group_18115,train
31316,group_24120,train
31317,group_24121,train
31318,group_22358,train
31319,group_22357,validation
31320,group_22342,test
31321,group_22341,train
31322,group_22345,train
31323,group_22342,test
31324,group_22345,train
31325,group_22349,train
31326,group_24130,train
31327,group_11375,train
31328,group_11375,train
31329,group_24133,test
31330,group_8705,test
31331,group_24135,train
31332,group_24136,train
31334,group_12597,train
31335,group_12597,train
31337,group_12597,train
31338,group_12597,train
31339,group_12597,train
31340,group_12597,train
31350,group_12597,train
31352,group_24144,test
31356,group_24145,validation
31358,group_24146,test
31361,group_16613,train
31363,group_18588,train
31365,group_16613,train
31368,group_24150,validation
31369,group_16615,train
31371,group_16615,train
31382,group_16618,train
31385,group_16613,train
31386,group_24155,validation
31407,group_24156,validation
31408,group_24157,train
31410,group_24158,validation
31411,group_24159,train
31413,group_24160,train
31415,group_24161,validation
31418,group_24162,test
31420,group_24163,test
31422,group_24164,train
31423,group_24165,train
31425,group_20714,test
31429,group_20714,test
31430,group_20714,test
31434,group_20714,test
31435,group_12238,train
31439,group_20713,test
31440,group_20714,test
31442,group_24173,test
31443,group_24174,test
31444,group_24175,train
31445,group_24176,test
31446,group_24177,train
31447,group_24178,train
31448,group_24179,train
31449,group_24180,test
31450,group_24181,train
31451,group_24182,test
31452,group_24183,train
31453,group_24184,train
31454,group_24185,train
31455,group_24186,test
31456,group_24187,train
31457,group_24188,train
31458,group_24189,train
31459,group_24190,validation
31460,group_24191,train
31461,group_24192,train
31462,group_24193,validation
31463,group_24194,train
31464,group_24195,validation
31465,group_24196,train
31466,group_24197,train
31467,group_24191,train
31468,group_24199,train
31473,group_24200,train
31474,group_24201,validation
31476,group_24200,train
31488,group_24203,train
31541,group_24204,train
31543,group_24205,train
31545,group_24206,test
31547,group_24207,train
31549,group_24207,train
31550,group_24209,train
31551,group_17694,test
31552,group_17697,train
31553,group_17694,test
31554,group_17696,train
31555,group_24214,train
31558,group_24215,train
31559,group_20980,validation
31562,group_20980,validation
31564,group_20983,test
31570,group_20980,validation
31571,group_20980,validation
31574,group_24221,validation
31576,group_24222,train
31577,group_24223,train
31578,group_24223,train
31579,group_24225,validation
31580,group_24225,validation
31581,group_24227,test
31582,group_24227,test
31583,group_24229,train
31585,group_20989,train
31586,group_24231,train
31587,group_24232,train
31588,group_24233,train
31589,group_24232,train
31590,group_24235,test
31591,group_24229,train
31592,group_24225,validation
31593,group_24222,train
31595,group_24232,train
31596,group_24232,train
31597,group_24232,train
31598,group_24242,train
31599,group_24227,test
31601,group_24222,train
31602,group_24245,train
31603,group_24246,train
31604,group_24175,train
31605,group_24248,test
31606,group_14968,train
31607,group_24250,test
31608,group_14970,test
31609,group_23315,train
31611,group_22940,test
31612,group_6047,train
31619,group_6534,train
31620,group_22958,validation
31623,group_24257,test
31624,group_24258,train
31627,group_24259,train
31634,group_6062,test
31635,group_22939,train
31636,group_6062,test
31639,group_22952,train
31640,group_19158,train
31641,group_22953,train
31642,group_22954,train
31643,group_24257,test
31644,group_22954,train
31645,group_24257,test
31648,group_22939,train
31649,group_22940,test
31653,group_22953,train
31654,group_22954,train
31655,group_22954,train
31656,group_22953,train
31657,group_22965,validation
31658,group_22966,train
31660,group_22965,validation
31661,group_24279,train
31662,group_22969,test
31668,group_24281,train
31672,group_19116,train
31673,group_8835,validation
31677,group_24284,test
31680,group_24285,test
31683,group_24286,test
31684,group_24287,train
31685,group_24288,train
31686,group_24289,validation
31687,group_19691,train
31688,group_24291,train
31689,group_24292,test
31690,group_24293,train
31691,group_8752,test
31692,group_8752,test
31693,group_8752,test
31694,group_24297,test
31695,group_24298,train
31696,group_24299,train
31697,group_24300,train
31698,group_24301,train
31699,group_24302,validation
31700,group_24303,test
31702,group_24303,test
31703,group_24303,test
31704,group_24306,train
31705,group_24303,test
31706,group_24306,train
31707,group_24306,train
31708,group_24310,train
31709,group_24310,train
31710,group_24310,train
31711,group_24310,train
31712,group_24310,train
31713,group_24310,train
31714,group_24310,train
31715,group_24310,train
31716,group_24310,train
31717,group_24319,test
31718,group_24310,train
31719,group_24310,train
31720,group_24322,train
31721,group_24310,train
31722,group_24310,train
31723,group_24325,train
31724,group_24326,train
31725,group_24327,train
31726,group_24327,train
31727,group_24329,test
31728,group_24329,test
31729,group_24331,test
31732,group_24332,validation
31733,group_24333,test
31742,group_24334,train
31743,group_24335,train
31774,group_24336,test
31781,group_24337,train
31782,group_24338,train
31783,group_24339,test
31784,group_24340,train
31785,group_24341,train
31787,group_24342,test
31788,group_24343,validation
31789,group_24344,train
31790,group_24345,train
31791,group_24346,train
31792,group_24347,train
31794,group_24348,train
31797,group_24349,test
31800,group_24350,train
31813,group_24351,train
31814,group_24351,train
31815,group_24353,train
31816,group_24354,train
31817,group_24353,train
31818,group_24356,train
31819,group_24354,train
31820,group_24358,train
31821,group_24359,test
31822,group_24353,train
31823,group_24358,train
31824,group_24351,train
31825,group_24353,train
31826,group_24358,train
31827,group_24351,train
31828,group_24366,validation
31829,group_24358,train
31830,group_24351,train
31831,group_24353,train
31832,group_24370,train
31833,group_24370,train
31834,group_24358,train
31835,group_24358,train
31836,group_24351,train
31837,group_24358,train
31838,group_24359,test
31839,group_24358,train
31840,group_24351,train
31841,group_24358,train
31842,group_24351,train
31843,group_24381,train
31844,group_24382,train
31845,group_24383,test
31846,group_24351,train
31847,group_24385,train
31848,group_24386,validation
31849,group_24387,train
31850,group_24388,validation
31851,group_24388,validation
31852,group_24390,train
31853,group_24388,validation
31854,group_24392,train
31855,group_24358,train
31856,group_24353,train
31857,group_24395,train
31858,group_24396,test
31859,group_24388,validation
31860,group_24398,train
31861,group_24353,train
31862,group_24351,train
31863,group_24354,train
31864,group_24402,train
31865,group_24395,train
31866,group_24402,train
31867,group_24385,train
31868,group_24385,train
31869,group_24407,test
31870,group_24408,train
31871,group_24408,train
31873,group_24410,train
31874,group_24407,test
31875,group_24410,train
31876,group_24413,train
31877,group_24414,train
31878,group_24415,test
31879,group_24416,train
31880,group_24417,train
31881,group_24418,train
31882,group_24419,train
31883,group_24420,train
31884,group_24421,train
31885,group_24422,validation
31886,group_24423,train
31887,group_24424,train
31888,group_24424,train
31889,group_24426,train
31890,group_24427,train
31891,group_24428,train
31892,group_24429,train
31893,group_24430,test
31894,group_24431,train
31895,group_24432,validation
31896,group_24433,train
31897,group_24434,train
31898,group_24435,validation
31899,group_24436,train
31900,group_24437,test
31901,group_24438,train
31902,group_24439,test
31903,group_24440,train
31904,group_24441,train
31905,group_24442,train
31906,group_24443,train
31908,group_24444,train
31909,group_24445,train
31910,group_24446,test
31911,group_24447,test
31912,group_24448,train
31913,group_24449,test
31914,group_24450,train
31915,group_24451,train
31916,group_24452,train
31917,group_24453,validation
31918,group_24454,validation
31919,group_24454,validation
31920,group_24456,validation
31921,group_24457,train
31922,group_24458,train
31923,group_24459,validation
31924,group_24458,train
31925,group_24461,test
31926,group_24462,train
31927,group_24463,train
31929,group_24464,train
31930,group_24453,validation
31931,group_24466,train
31932,group_24467,validation
31933,group_24468,train
31934,group_24469,train
31935,group_24470,train
31936,group_24471,train
31937,group_24472,train
31938,group_24473,train
31941,group_24474,train
31942,group_19691,train
31943,group_24476,test
31944,group_24477,train
31945,group_24478,train
31946,group_24479,train
31947,group_24480,train
31948,group_24481,validation
31949,group_24482,test
31950,group_24483,test
31951,group_24484,train
31952,group_24485,test
31953,group_24486,train
31954,group_24487,test
31955,group_24488,validation
31956,group_24489,train
31957,group_24490,train
31958,group_24491,test
31959,group_24492,validation
31960,group_24493,validation
31966,group_24288,train
31967,group_24495,train
31968,group_24496,test
31969,group_24497,train
31970,group_24498,train
31971,group_24499,train
31972,group_24500,test
31973,group_10753,test
31974,group_24502,train
31975,group_24503,train
31976,group_24504,train
31977,group_24505,test
31978,group_24506,train
31979,group_24506,train
31980,group_24508,train
31983,group_24509,test
31984,group_22766,train
31985,group_17699,train
31986,group_24512,train
31987,group_24513,test
31988,group_24514,validation
31989,group_24515,test
31990,group_24514,validation
31991,group_24512,train
31992,group_24512,train
31993,group_24519,train
31994,group_24520,train
31995,group_24521,train
31996,group_24522,train
31997,group_24514,validation
31998,group_24524,train
31999,group_24513,test
32000,group_24512,train
32001,group_24515,test
32002,group_24519,train
32003,group_24524,train
32004,group_24530,train
32005,group_24519,train
32006,group_24522,train
32007,group_24533,train
32008,group_24534,test
32009,group_24535,train
32010,group_24536,train
32011,group_24537,train
32012,group_24538,train
32023,group_24539,train
32024,group_24540,train
32025,group_24513,test
32026,group_24539,train
32027,group_24543,test
32028,group_24544,train
32029,group_24544,train
32031,group_24544,train
32032,group_24547,train
32034,group_24514,validation
32035,group_24519,train
32036,group_24521,train
32037,group_24522,train
32038,group_24552,train
32039,group_24553,validation
32040,group_24554,validation
32041,group_24555,train
32042,group_24553,validation
32043,group_24553,validation
32044,group_24554,validation
32045,group_24522,train
32046,group_24560,train
32066,group_24561,validation
32070,group_24562,validation
32071,group_24563,validation
32072,group_24564,validation
32073,group_24565,validation
32074,group_24566,validation
32075,group_24567,train
32077,group_24568,train
32106,group_24569,train
32112,group_24570,validation
32113,group_24571,test
32118,group_24572,test
32121,group_24573,train
32138,group_24574,train
32143,group_24575,train
32144,group_24576,test
32145,group_24577,validation
32156,group_24578,train
32157,group_24579,validation
32158,group_24580,train
32159,group_24581,train
32160,group_24582,validation
32161,group_24583,train
32162,group_24578,train
32163,group_24579,validation
32164,group_24586,train
32165,group_24581,train
32166,group_24588,train
32167,group_24582,validation
32168,group_24590,validation
32169,group_24591,train
32170,group_24592,validation
32171,group_24593,train
32172,group_24594,train
32173,group_24595,train
32174,group_24596,train
32175,group_9632,validation
32176,group_24598,train
32177,group_24599,train
32178,group_24600,test
32179,group_24601,train
32180,group_24602,train
32181,group_24603,train
32182,group_24604,train
32183,group_24605,validation
32184,group_24606,train
32185,group_24607,validation
32186,group_24608,train
32187,group_24609,train
32188,group_24610,train
32189,group_24611,train
32190,group_24612,train
32191,group_24613,train
32192,group_24614,train
32193,group_24615,train
32194,group_24616,train
32195,group_24617,train
32196,group_23702,train
32197,group_23679,train
32198,group_24620,train
32199,group_24621,train
32200,group_23677,train
32201,group_23702,train
32202,group_23677,train
32203,group_23702,train
32204,group_23702,train
32206,group_23755,train
32207,group_23778,train
32208,group_23779,train
32209,group_23761,train
32210,group_24631,train
32211,group_23776,train
32212,group_24633,train
32214,group_23763,train
32215,group_24635,train
32216,group_23799,train
32217,group_23764,train
32218,group_23791,test
32219,group_24639,train
32220,group_24639,train
32221,group_24641,test
32222,group_24642,train
32223,group_24643,train
32224,group_24644,validation
32225,group_24645,train
32226,group_24646,train
32227,group_24647,train
32228,group_24648,train
32229,group_23768,train
32230,group_24648,train
32231,group_23761,train
32232,group_23761,train
32233,group_23794,train
32234,group_24654,train
32235,group_23761,train
32236,group_24656,validation
32238,group_23763,train
32239,group_23791,test
32240,group_23751,train
32242,group_23783,test
32243,group_23761,train
32244,group_24633,train
32245,group_24639,train
32246,group_24664,train
32247,group_24665,validation
32249,group_24666,train
32250,group_24667,train
32251,group_24668,train
32252,group_24669,train
32253,group_24670,test
32254,group_24670,test
32255,group_23851,train
32256,group_24673,validation
32257,group_24674,train
32260,group_24675,test
32262,group_24676,test
32263,group_24677,train
32264,group_24678,train
32265,group_24679,train
32266,group_24680,test
32267,group_17057,train
32268,group_17054,train
32269,group_24683,train
32270,group_17086,train
32271,group_17057,train
32272,group_17085,test
32273,group_17057,train
32274,group_17056,train
32275,group_24689,train
32276,group_24690,train
32277,group_24691,train
32278,group_24692,train
32279,group_24693,test
32281,group_24694,train
32282,group_24695,validation
32283,group_24696,test
32286,group_24697,train
32287,group_24698,train
32288,group_24697,train
32289,group_24698,train
32291,group_24698,train
32292,group_24702,train
32293,group_24698,train
32294,group_24697,train
32295,group_24697,train
32296,group_24706,train
32297,group_24702,train
32298,group_24698,train
32299,group_24697,train
32301,group_24698,train
32303,group_24698,train
32304,group_24712,train
32305,group_24713,train
32306,group_24714,train
32307,group_24715,train
32308,group_24716,train
32309,group_24698,train
32310,group_24698,train
32311,group_24698,train
32312,group_24716,train
32313,group_24713,train
32314,group_24722,train
32315,group_24716,train
32316,group_24716,train
32317,group_24725,test
32318,group_24697,train
32319,group_24698,train
32320,group_24698,train
32321,group_24698,train
32322,group_24730,train
32323,group_24698,train
32324,group_24698,train
32325,group_24698,train
32326,group_24734,validation
32327,group_24697,train
32328,group_24697,train
32329,group_24698,train
32330,group_24738,train
32331,group_24739,test
32332,group_24740,train
32333,group_24698,train
32334,group_24742,train
32335,group_24743,test
32336,group_24744,test
32337,group_24745,test
32338,group_24746,train
32339,group_24747,validation
32340,group_24698,train
32341,group_24698,train
32342,group_24697,train
32343,group_24697,train
32345,group_24698,train
32346,group_24715,train
32347,group_24698,train
32348,group_24698,train
32349,group_24756,train
32350,group_24698,train
32351,group_24745,test
32352,group_24745,test
32353,group_24760,test
32354,group_24697,train
32355,group_24698,train
32356,group_24763,train
32357,group_24698,train
32358,group_24697,train
32359,group_24698,train
32360,group_24698,train
32361,group_24768,test
32362,group_24769,train
32363,group_24770,train
32364,group_24771,validation
32365,group_24772,test
32366,group_24773,test
32367,group_24698,train
32368,group_24698,train
32369,group_24698,train
32370,group_24773,test
32371,group_24712,train
32372,group_24779,train
32373,group_24712,train
32374,group_24712,train
32375,group_24698,train
32376,group_24698,train
32377,group_24712,train
32378,group_24785,test
32379,group_24785,test
32380,group_24787,train
32381,group_24788,train
32382,group_24788,train
32383,group_24790,train
32384,group_24791,train
32385,group_24792,train
32386,group_24793,train
32387,group_24794,train
32388,group_24795,train
32389,group_24796,train
32390,group_24797,train
32391,group_20371,validation
32392,group_24799,train
32393,group_20371,validation
32394,group_20369,train
32395,group_24799,train
32396,group_24803,validation
32397,group_24804,train
32398,group_24805,train
32399,group_24806,train
32400,group_24807,validation
32401,group_24807,validation
32402,group_24807,validation
32403,group_24807,validation
32404,group_24811,train
32405,group_24812,train
32406,group_24811,train
32407,group_24814,train
32408,group_24815,test
32410,group_24816,test
32411,group_24817,train
32412,group_458,validation
32413,group_24819,train
32414,group_24820,test
32415,group_24821,train
32416,group_15047,train
32417,group_24823,train
32419,group_18767,test
32420,group_18768,train
32421,group_24826,test
32422,group_24827,train
32423,group_19858,train
32424,group_2605,test
32425,group_459,train
32426,group_18766,train
32427,group_24832,validation
32428,group_24833,train
32429,group_24834,train
32430,group_24835,train
32431,group_18768,train
32432,group_22803,train
32433,group_459,train
32434,group_5776,validation
32435,group_24840,train
32436,group_24841,test
32437,group_22581,test
32438,group_24843,train
32439,group_2605,test
32440,group_458,validation
32441,group_5776,validation
32444,group_18769,train
32445,group_18768,train
32446,group_24832,validation
32447,group_24832,validation
32448,group_24851,validation
32449,group_24852,train
32450,group_24853,train
32451,group_24854,train
32452,group_18768,train
32454,group_5782,train
32455,group_24857,validation
32456,group_22564,train
32457,group_18768,train
32458,group_279,train
32459,group_24861,train
32460,group_4110,train
32461,group_5776,validation
32462,group_24857,validation
32463,group_24865,train
32464,group_24841,test
32466,group_24867,validation
32467,group_24868,train
32468,group_2605,test
32470,group_24870,train
32471,group_24871,train
32472,group_24872,train
32473,group_24873,test
32475,group_24874,train
32477,group_22428,train
32479,group_20274,test
32480,group_5381,train
32482,group_5321,train
32485,group_24879,validation
32487,group_20269,train
32490,group_20264,train
32492,group_24882,train
32494,group_24883,test
32495,group_24884,validation
32496,group_24885,train
32497,group_24886,train
32498,group_24887,train
32499,group_21279,validation
32501,group_21280,train
32502,group_24890,train
32503,group_24891,validation
32504,group_30454,train
32505,group_21280,train
32506,group_24894,train
32507,group_24895,train
32508,group_24894,train
32509,group_8671,train
32510,group_8705,test
32511,group_24135,train
32512,group_8686,train
32513,group_24894,train
32514,group_24902,train
32515,group_24894,train
32516,group_24895,train
32517,group_24894,train
32518,group_8686,train
32519,group_24907,train
32520,group_24895,train
32521,group_24909,train
32522,group_24910,train
32523,group_24911,validation
32524,group_24912,train
32525,group_24913,train
32526,group_24914,train
32527,group_24915,validation
32528,group_24916,validation
32529,group_24917,test
32530,group_24918,train
32531,group_24919,test
32532,group_24920,test
32533,group_24921,validation
32534,group_24922,validation
32535,group_24923,validation
32536,group_24924,train
32537,group_24925,train
32538,group_24926,validation
32539,group_24927,train
32540,group_24928,train
32541,group_24929,train
32542,group_24930,train
32543,group_24931,train
32544,group_24932,train
32545,group_24933,train
32546,group_24934,validation
32547,group_21861,test
32548,group_24936,validation
32549,group_24937,test
32550,group_24938,test
32551,group_24939,train
32552,group_24940,validation
32553,group_24941,train
32554,group_24940,validation
32555,group_24943,train
32556,group_24944,train
32557,group_24945,validation
32558,group_24944,train
32559,group_24947,train
32560,group_24948,validation
32561,group_24949,train
32562,group_24950,train
32563,group_24951,validation
32564,group_24952,train
32565,group_24953,train
32566,group_24954,train
32567,group_24948,validation
32568,group_24956,train
32569,group_24957,train
32570,group_24957,train
32571,group_24959,validation
32572,group_24960,train
32573,group_24956,train
32574,group_24962,validation
32575,group_24963,validation
32576,group_24964,test
32577,group_24965,train
32578,group_24966,validation
32579,group_24967,train
32580,group_24968,train
32581,group_24969,validation
32582,group_24970,train
32583,group_24971,train
32584,group_24972,train
32585,group_24973,validation
32586,group_24974,train
32587,group_24975,train
32588,group_24976,train
32589,group_24975,train
32590,group_24976,train
32591,group_24979,train
32592,group_24957,train
32593,group_24981,train
32594,group_24982,train
32595,group_24957,train
32596,group_24984,train
32597,group_24956,train
32598,group_24986,train
32599,group_24956,train
32600,group_24988,test
32601,group_24989,train
32602,group_24990,test
32603,group_24990,test
32604,group_24990,test
32605,group_24990,test
32606,group_24990,test
32607,group_24990,test
32608,group_24996,train
32609,group_24990,test
32610,group_24998,train
32611,group_24999,train
32612,group_24999,train
32613,group_24998,train
32614,group_24999,train
32615,group_25003,train
32616,group_24999,train
32618,group_23564,train
32619,group_25006,test
32620,group_25007,train
32621,group_25008,train
32622,group_25009,train
32623,group_25010,validation
32624,group_25011,train
32625,group_25012,train
32626,group_25013,train
32627,group_25014,train
32628,group_25015,train
32629,group_25016,train
32630,group_25017,train
32631,group_25018,train
32632,group_25019,train
32633,group_25020,train
32634,group_25021,test
32635,group_25022,train
32637,group_25023,train
32638,group_25024,train
32639,group_25025,train
32640,group_25026,train
32641,group_25027,test
32643,group_25028,validation
32644,group_25029,train
32645,group_25030,validation
32646,group_25031,test
32647,group_25032,validation
32648,group_25033,train
32649,group_17494,train
32651,group_25035,train
32652,group_25036,train
32653,group_25037,test
32654,group_25038,train
32655,group_25039,train
32656,group_25040,validation
32657,group_25041,train
32685,group_25042,test
32717,group_25043,train
32718,group_25044,train
32719,group_25045,train
32720,group_25046,train
32721,group_25047,test
32722,group_25048,train
32723,group_25049,train
32724,group_24468,train
32727,group_25051,validation
32728,group_25052,train
32729,group_25053,test
32730,group_25054,train
32736,group_22703,test
32737,group_25056,train
32738,group_25057,validation
32740,group_25058,validation
32741,group_25059,test
32742,group_25060,test
32743,group_25061,train
32744,group_25062,validation
32746,group_25063,train
32751,group_25064,train
32757,group_25065,train
32759,group_22939,train
32762,group_20145,train
32763,group_20183,train
32766,group_20169,validation
32767,group_20169,validation
32768,group_25071,train
32769,group_25072,test
32770,group_25073,train
32771,group_25074,train
32774,group_25075,test
32780,group_25071,train
32801,group_25077,train
32802,group_25078,train
32803,group_25079,train
32804,group_25080,train
32805,group_25081,train
32806,group_25082,test
32807,group_25083,train
32808,group_25084,train
32809,group_25085,train
32810,group_25086,train
32811,group_25087,train
32812,group_25088,train
32813,group_25089,train
32814,group_25090,train
32815,group_25091,validation
32816,group_25092,train
32817,group_25093,train
32818,group_25094,validation
32824,group_25095,train
32826,group_25096,validation
32828,group_25097,train
32830,group_25098,train
32831,group_25099,validation
32832,group_25100,train
32833,group_25101,train
32834,group_25102,train
32835,group_25103,validation
32836,group_25104,train
32837,group_25105,train
32839,group_25106,train
32840,group_25107,train
32841,group_25108,train
32843,group_25108,train
32844,group_25110,train
32845,group_25111,train
32846,group_25106,train
32847,group_25113,train
32848,group_25114,train
32849,group_25115,train
32850,group_25116,train
32851,group_25117,train
32852,group_25118,train
32853,group_25119,train
32854,group_25120,test
32855,group_25121,validation
32856,group_25122,train
32857,group_25123,train
32858,group_25124,train
32859,group_25125,train
32860,group_4656,train
32861,group_4656,train
32862,group_25128,test
32863,group_25129,train
32864,group_25130,train
32865,group_25131,train
32866,group_25132,train
32867,group_25133,test
32868,group_25134,validation
32869,group_3058,test
32870,group_2432,train
32878,group_25137,test
32886,group_25138,train
32901,group_25139,test
32903,group_25140,train
32912,group_25141,train
32913,group_22541,validation
32914,group_25143,train
32918,group_22543,train
32919,group_22543,train
32922,group_25146,train
32923,group_25147,test
32924,group_25148,validation
32925,group_25149,train
32926,group_25150,test
32930,group_25151,train
32937,group_25152,train
32938,group_25153,validation
32939,group_25154,train
32940,group_25155,train
32941,group_25156,train
32942,group_25157,train
32943,group_25158,train
32944,group_25159,train
32945,group_25160,test
32946,group_25161,train
32947,group_25162,test
32948,group_25163,validation
32949,group_25164,validation
32950,group_25158,train
32951,group_25166,train
32952,group_25167,train
32953,group_25168,train
32954,group_25169,train
32958,group_25170,validation
32959,group_25171,train
32962,group_25169,train
32963,group_25173,train
32964,group_25170,validation
32967,group_25175,train
32969,group_25173,train
32970,group_25169,train
32971,group_25173,train
32972,group_22478,train
32973,group_22478,train
32979,group_22483,train
32981,group_22483,train
33016,group_25183,test
33017,group_25184,train
33018,group_25184,train
33019,group_25186,train
33020,group_25186,train
33021,group_21040,train
33022,group_21047,train
33023,group_18943,validation
33024,group_25191,train
33025,group_21041,validation
33026,group_21059,validation
33027,group_14765,test
33028,group_14765,test
33029,group_25196,train
33030,group_14777,train
33031,group_14777,train
33032,group_21041,validation
33033,group_15871,train
33035,group_14777,train
33036,group_25202,test
33037,group_14777,train
33038,group_25204,test
33039,group_25205,test
33040,group_18944,train
33041,group_14765,test
33042,group_14774,train
33043,group_14765,test
33044,group_14765,test
33045,group_25204,test
33046,group_21066,train
33047,group_25213,test
33048,group_14765,test
33049,group_14765,test
33050,group_25216,train
33051,group_25217,train
33052,group_25218,test
33053,group_25219,train
33054,group_25220,train
33055,group_25221,train
33056,group_15433,train
33057,group_25223,train
33058,group_25224,validation
33059,group_25225,test
33060,group_25226,train
33061,group_25227,train
33062,group_25228,validation
33063,group_25229,train
33064,group_25230,train
33065,group_25231,train
33066,group_25227,train
33067,group_25233,train
33068,group_25234,train
33069,group_25235,train
33070,group_25236,test
33071,group_25237,train
33072,group_25235,train
33073,group_25239,validation
33074,group_25239,validation
33075,group_25241,train
33076,group_25242,train
33077,group_25237,train
33078,group_25244,train
33079,group_25245,train
33080,group_25246,train
33081,group_25247,validation
33082,group_25248,train
33083,group_25249,test
33084,group_25250,test
33085,group_25250,test
33086,group_14706,train
33087,group_20919,train
33088,group_20918,train
33090,group_20918,train
33091,group_20918,train
33092,group_20918,train
33093,group_14701,train
33094,group_25259,test
33095,group_25259,test
33096,group_934,test
33097,group_20917,train
33098,group_25263,train
33099,group_20919,train
33100,group_10758,train
33101,group_934,test
33102,group_10758,train
33103,group_25268,train
33104,group_20919,train
33105,group_1092,train
33106,group_10758,train
33107,group_20922,train
33108,group_20992,train
33109,group_25274,train
33110,group_3965,train
33111,group_18609,test
33112,group_25268,train
33113,group_25278,train
33114,group_25279,train
33115,group_25280,validation
33116,group_25278,train
33117,group_14690,test
33118,group_25283,train
33119,group_934,test
33120,group_14690,test
33121,group_10758,train
33123,group_14690,test
33124,group_25278,train
33125,group_25289,train
33126,group_25290,train
33128,group_3965,train
33129,group_25278,train
33130,group_25293,train
33131,group_934,test
33132,group_14709,train
33133,group_25278,train
33134,group_10792,train
33135,group_20888,train
33136,group_10792,train
33137,group_934,test
33138,group_25301,validation
33139,group_25302,train
33140,group_23977,train
33141,group_23944,validation
33142,group_23978,train
33143,group_23941,train
33144,group_25307,validation
33145,group_25307,validation
33146,group_25307,validation
33147,group_25310,validation
33148,group_25311,train
33149,group_25312,train
33151,group_25313,train
33152,group_25314,train
33153,group_23959,test
33154,group_25316,train
33155,group_25317,train
33156,group_25318,test
33160,group_25319,train
33161,group_25320,train
33162,group_25321,validation
33163,group_25322,train
33165,group_25323,train
33166,group_25324,train
33167,group_25323,train
33168,group_25326,test
33169,group_25322,train
33170,group_25328,train
33171,group_25329,train
33172,group_25329,train
33173,group_25331,train
33174,group_25332,validation
33175,group_25331,train
33178,group_25324,train
33179,group_25323,train
33181,group_25323,train
33182,group_25323,train
33183,group_25338,test
33184,group_25339,train
33185,group_25326,test
33186,group_25329,train
33188,group_25329,train
33190,group_25343,train
33191,group_25344,test
33192,group_25345,train
33193,group_25346,test
33194,group_25347,validation
33195,group_25348,train
33196,group_25349,train
33197,group_25350,test
33198,group_25351,train
33199,group_25352,validation
33200,group_25353,test
33201,group_25354,train
33203,group_25355,train
33204,group_25356,train
33205,group_25357,train
33206,group_25358,validation
33207,group_25359,test
33208,group_25343,train
33209,group_25361,train
33210,group_25362,train
33212,group_25363,validation
33213,group_25364,test
33214,group_25365,train
33215,group_25353,test
33218,group_25357,train
33219,group_25368,train
33221,group_25369,train
33222,group_25370,train
33224,group_25371,train
33225,group_25372,train
33226,group_25373,train
33227,group_25374,train
33228,group_25375,train
33229,group_25375,train
33230,group_25377,train
33232,group_25378,train
33233,group_11107,train
33234,group_25380,train
33235,group_20707,train
33236,group_25382,train
33237,group_11086,train
33238,group_25384,train
33239,group_20695,train
33240,group_11086,train
33241,group_11086,train
33242,group_25388,test
33243,group_25389,train
33244,group_25390,train
33245,group_25391,train
33246,group_25392,test
33247,group_25382,train
33248,group_11092,train
33249,group_11086,train
33250,group_25396,test
33251,group_25397,train
33252,group_23945,validation
33253,group_23979,train
33254,group_25400,validation
33255,group_23944,validation
33256,group_25402,train
33257,group_25403,validation
33259,group_25404,train
33260,group_25301,validation
33262,group_23945,validation
33263,group_25407,train
33264,group_25408,validation
33266,group_25409,test
33267,group_25410,train
33268,group_25411,train
33270,group_25412,train
33271,group_25413,train
33272,group_25414,train
33273,group_25415,test
33274,group_25311,train
33277,group_25417,train
33278,group_25417,train
33279,group_23989,train
33280,group_23989,train
33283,group_25421,validation
33284,group_25422,test
33285,group_23898,test
33287,group_25424,train
33288,group_25425,train
33289,group_25426,test
33290,group_25427,train
33292,group_25428,test
33293,group_25429,train
33295,group_25430,train
33296,group_25431,train
33297,group_25432,train
33298,group_17883,test
33300,group_25434,train
33302,group_23941,train
33303,group_23941,train
33304,group_23941,train
33305,group_23941,train
33306,group_23947,train
33307,group_23947,train
33308,group_23948,train
33309,group_23948,train
33310,group_25443,train
33311,group_25444,train
33312,group_25445,test
33313,group_25446,train
33314,group_25447,train
33315,group_25447,train
33316,group_25449,train
33322,group_25450,train
33326,group_25449,train
33328,group_25452,test
33329,group_25453,validation
33330,group_25452,test
33331,group_25455,train
33335,group_25456,train
33336,group_25457,validation
33337,group_25457,validation
33338,group_25457,validation
33339,group_25457,validation
33340,group_25456,train
33341,group_25457,validation
33342,group_25457,validation
33343,group_25464,test
33344,group_25465,train
33349,group_25456,train
33350,group_25457,validation
33351,group_25457,validation
33352,group_25469,validation
33353,group_25470,train
33354,group_25457,validation
33355,group_25472,train
33356,group_25456,train
33358,group_25474,validation
33360,group_25456,train
33361,group_25457,validation
33362,group_25477,train
33363,group_25478,train
33364,group_25479,test
33365,group_25480,train
33366,group_25481,test
33367,group_25482,train
33368,group_25483,train
33369,group_25484,train
33370,group_25485,validation
33371,group_25486,train
33372,group_25487,validation
33373,group_25488,validation
33374,group_25489,train
33375,group_25490,train
33376,group_25491,train
33377,group_25492,train
33378,group_25493,test
33379,group_25494,validation
33380,group_25495,train
33382,group_25496,train
33383,group_25497,train
33384,group_25498,train
33385,group_25499,test
33386,group_25500,train
33387,group_25501,validation
33388,group_25502,test
33390,group_25503,train
33391,group_25504,train
33392,group_25505,train
33393,group_25506,train
33394,group_25507,validation
33395,group_25508,train
33396,group_25509,validation
33397,group_25510,test
33398,group_25511,train
33399,group_25512,train
33400,group_25513,train
33401,group_25514,train
33402,group_25515,train
33403,group_25516,train
33404,group_25517,train
33405,group_25518,train
33406,group_25519,train
33407,group_25520,train
33408,group_25521,test
33409,group_25522,train
33410,group_25523,validation
33412,group_25524,validation
33413,group_25525,validation
33414,group_25526,validation
33415,group_25527,train
33416,group_25528,train
33417,group_16032,test
33419,group_25530,train
33421,group_25531,train
33422,group_25532,train
33423,group_25533,validation
33424,group_25534,train
33425,group_25535,test
33426,group_25536,validation
33427,group_25537,validation
33428,group_25538,train
33429,group_25539,validation
33430,group_25540,train
33431,group_25541,train
33432,group_25542,train
33433,group_25543,validation
33434,group_25544,train
33435,group_25545,train
33436,group_25546,train
33437,group_25547,train
33438,group_25548,train
33439,group_25549,train
33440,group_25550,test
33441,group_25551,train
33442,group_25552,train
33443,group_15950,train
33444,group_25554,train
33445,group_25555,train
33446,group_25556,train
33447,group_25490,train
33448,group_25558,validation
33449,group_25559,train
33450,group_25560,validation
33451,group_25561,train
33453,group_25562,train
33454,group_25563,validation
33455,group_25564,train
33456,group_25565,train
33457,group_25566,train
33458,group_25567,train
33459,group_25568,train
33460,group_25569,validation
33461,group_25570,train
33462,group_25571,train
33463,group_25572,test
33464,group_16039,test
33465,group_25574,train
33466,group_25575,train
33467,group_25576,train
33468,group_25577,test
33469,group_25578,train
33470,group_25579,train
33471,group_25580,train
33472,group_25581,train
33473,group_25582,train
33474,group_25583,validation
33475,group_25584,validation
33476,group_25585,train
33477,group_25586,train
33478,group_25587,train
33479,group_25588,test
33480,group_25589,train
33481,group_25590,train
33482,group_25591,train
33483,group_25592,train
33484,group_25593,train
33485,group_25594,train
33486,group_20996,validation
33487,group_20998,train
33488,group_21007,train
33489,group_21006,validation
33490,group_21008,train
33491,group_21008,train
33492,group_21009,test
33493,group_21009,test
33494,group_21010,train
33495,group_21011,train
33497,group_21004,validation
33498,group_21014,train
33501,group_21018,validation
33503,group_21020,train
33504,group_21022,train
33505,group_21022,train
33506,group_21025,test
33507,group_21026,train
33508,group_21027,test
33509,group_21028,validation
33510,group_25615,train
33511,group_25616,train
33512,group_25617,train
33513,group_25618,validation
33514,group_25619,train
33515,group_25620,train
33516,group_25621,train
33517,group_25618,validation
33518,group_25619,train
33519,group_25624,train
33520,group_25625,validation
33521,group_25626,train
33522,group_25626,train
33523,group_25628,train
33524,group_25629,test
33525,group_25630,train
33526,group_25631,train
33527,group_25632,test
33528,group_25631,train
33529,group_25634,train
33530,group_25635,train
33531,group_25636,test
33532,group_25637,train
33533,group_25638,validation
33534,group_25639,train
33535,group_25640,train
33536,group_25641,train
33537,group_25642,train
33538,group_25643,test
33539,group_25644,train
33540,group_25645,test
33541,group_25646,train
33542,group_25647,train
33543,group_25648,train
33544,group_25649,test
33546,group_25650,train
33547,group_25650,train
33548,group_25652,train
33549,group_25653,validation
33551,group_25654,train
33552,group_25655,test
33553,group_25656,test
33554,group_25657,train
33555,group_25658,train
33556,group_25659,train
33557,group_25660,train
33558,group_25661,train
33559,group_25662,test
33560,group_25663,train
33561,group_25664,train
33562,group_25665,train
33563,group_25666,train
33564,group_25667,test
33565,group_25668,validation
33566,group_25669,train
33570,group_15749,test
33571,group_25671,train
33572,group_25672,train
33574,group_25673,test
33576,group_25674,test
33578,group_25675,train
33580,group_25676,train
33582,group_25677,train
33583,group_25678,train
33585,group_25679,train
33586,group_25680,test
33587,group_25681,test
33589,group_25682,validation
33590,group_25683,train
33593,group_25684,train
33601,group_25685,validation
33602,group_25686,train
33603,group_25687,validation
33604,group_25688,train
33605,group_25689,test
33606,group_25690,train
33608,group_25687,validation
33609,group_25686,train
33611,group_25687,validation
33612,group_25694,validation
33616,group_25690,train
33617,group_25689,test
33618,group_25687,validation
33619,group_25694,validation
33620,group_25699,validation
33621,group_25688,train
33622,group_25686,train
33623,group_25689,test
33624,group_25687,validation
33625,group_25694,validation
33626,group_25705,test
33627,group_25699,validation
33628,group_25707,train
33629,group_25690,train
33630,group_19369,validation
33631,group_19372,train
33632,group_19446,train
33633,group_19398,train
33634,group_25713,validation
33635,group_25714,train
33637,group_25715,train
33638,group_25716,test
33639,group_25717,train
33641,group_25718,test
33642,group_25719,test
33643,group_25720,test
33644,group_25721,train
33645,group_25722,train
33646,group_25723,validation
33647,group_25723,validation
33648,group_25725,train
33649,group_25726,train
33650,group_25727,validation
33652,group_25728,test
33653,group_25729,train
33654,group_25730,train
33655,group_25731,train
33656,group_25732,train
33657,group_25733,train
33659,group_25734,test
33660,group_14807,test
33661,group_25736,train
33662,group_25737,test
33663,group_25738,train
33685,group_25739,train
33686,group_25740,train
33687,group_25741,train
33688,group_25742,validation
33689,group_25743,train
33690,group_25744,train
33691,group_25745,validation
33692,group_25746,train
33693,group_25747,train
33694,group_25748,train
33695,group_25749,train
33696,group_25750,train
33697,group_25751,validation
33698,group_25739,train
33699,group_25753,train
33700,group_25739,train
33701,group_25753,train
33702,group_25756,validation
33703,group_25741,train
33704,group_25756,validation
33705,group_25739,train
33706,group_25760,train
33707,group_25761,validation
33708,group_25762,train
33709,group_25763,train
33710,group_25764,train
33711,group_25765,train
33712,group_25766,train
33713,group_25766,train
33714,group_25768,train
33715,group_25769,validation
33716,group_25770,train
33717,group_25771,test
33718,group_25772,train
33719,group_25773,train
33720,group_25774,train
33721,group_25775,train
33723,group_25776,train
33724,group_25777,test
33725,group_25778,train
33726,group_25779,test
33727,group_25780,train
33728,group_25781,train
33729,group_25782,train
33730,group_25781,train
33731,group_25784,train
33732,group_25785,train
33733,group_25786,train
33734,group_25787,train
33735,group_25788,train
33736,group_25789,train
33737,group_25790,train
33738,group_25791,train
33739,group_25792,train
33740,group_25793,train
33741,group_25794,train
33742,group_25795,train
33743,group_25796,train
33744,group_25797,validation
33745,group_25798,validation
33746,group_25793,train
33747,group_25794,train
33748,group_25801,train
33749,group_25802,train
33750,group_25803,train
33751,group_25804,train
33752,group_25804,train
33753,group_25806,train
33754,group_25807,train
33755,group_25808,test
33756,group_25806,train
33757,group_25810,train
33758,group_25811,train
33759,group_25812,train
33760,group_25813,test
33761,group_25814,test
33762,group_25815,train
33763,group_25816,train
33764,group_25817,validation
33765,group_25818,validation
33766,group_25819,test
33767,group_25820,train
33768,group_25821,train
33769,group_25822,train
33770,group_25823,train
33771,group_25824,train
33772,group_25825,train
33773,group_25826,train
33774,group_25827,validation
33775,group_25828,train
33776,group_25829,train
33777,group_25830,train
33778,group_25830,train
33780,group_25832,train
33781,group_25833,train
33787,group_25834,validation
33815,group_25835,validation
33817,group_25836,train
33820,group_25837,train
33821,group_25838,test
33822,group_25839,test
33823,group_25840,validation
33824,group_25841,validation
33825,group_25842,validation
33826,group_25843,validation
33827,group_9824,train
33828,group_10496,train
33829,group_25846,train
33830,group_25847,train
33831,group_25847,train
33832,group_14296,validation
33833,group_25850,train
33834,group_25851,train
33835,group_25852,test
33836,group_25853,test
33837,group_25854,train
33838,group_25855,train
33839,group_25856,train
33840,group_25857,validation
33841,group_25858,train
33843,group_25859,train
33844,group_25860,train
33845,group_20570,validation
33846,group_25859,train
33847,group_20570,validation
33848,group_25864,train
33849,group_25865,validation
33850,group_25866,train
33851,group_25867,train
33852,group_25868,validation
33853,group_25869,train
33854,group_25870,test
33855,group_25871,train
33856,group_25872,test
33857,group_25873,train
33858,group_25874,train
33859,group_25875,validation
33860,group_25876,train
33861,group_25877,validation
33862,group_25878,train
33863,group_10501,train
33864,group_25880,train
33865,group_25881,validation
33866,group_25882,validation
33867,group_25883,validation
33868,group_25883,validation
33869,group_25885,test
33870,group_25886,train
33871,group_25883,validation
33872,group_25883,validation
33873,group_25883,validation
33874,group_25890,train
33875,group_25883,validation
33876,group_25883,validation
33877,group_25893,train
33878,group_25894,train
33879,group_25895,train
33881,group_25896,train
33882,group_25897,train
33883,group_25897,train
33884,group_25897,train
33885,group_25900,train
33886,group_25901,train
33887,group_25902,train
33888,group_25903,train
33889,group_25904,train
33890,group_25905,train
33891,group_25897,train
33892,group_25907,train
33893,group_25908,train
33894,group_25909,train
33895,group_25895,train
33896,group_25911,train
33897,group_25895,train
33898,group_25911,train
33899,group_25911,train
33900,group_25895,train
33901,group_25916,train
33902,group_25917,train
33903,group_25911,train
33904,group_25911,train
33905,group_25911,train
33906,group_25911,train
33907,group_25911,train
33908,group_25923,validation
33909,group_25924,train
33910,group_25911,train
33911,group_25911,train
33912,group_25895,train
33913,group_25924,train
33914,group_25897,train
33915,group_25897,train
33916,group_25931,test
33917,group_25932,train
33918,group_25931,test
33919,group_25931,test
33920,group_25931,test
33921,group_25936,test
33922,group_25937,train
33923,group_25931,test
33924,group_25931,test
33925,group_25940,test
33926,group_25931,test
33927,group_25942,train
33928,group_25943,train
33929,group_25931,test
33930,group_25931,test
33931,group_25940,test
33932,group_25931,test
33933,group_25940,test
33934,group_5782,train
33935,group_25950,test
33936,group_25951,train
33937,group_25952,validation
33938,group_25951,train
33939,group_2605,test
33940,group_4112,train
33941,group_25956,train
33942,group_25957,train
33943,group_25958,train
33944,group_25959,train
33945,group_25959,train
33946,group_25961,train
33947,group_25962,train
33948,group_460,train
33949,group_25964,train
33950,group_25965,validation
33951,group_25966,validation
33952,group_25967,train
33953,group_460,train
33954,group_25969,train
33955,group_24857,validation
33956,group_25971,test
33957,group_20046,validation
33958,group_20031,validation
33959,group_20033,train
33960,group_20029,train
33961,group_25976,train
33962,group_25977,test
33963,group_20081,test
33964,group_25979,train
33965,group_25980,validation
33966,group_20085,train
33967,group_20085,train
33968,group_25983,train
33969,group_20087,train
33970,group_25985,validation
33971,group_25986,validation
33972,group_25987,train
33973,group_25988,validation
33974,group_25989,train
33975,group_25990,train
33976,group_25991,train
33977,group_25992,train
33978,group_25993,train
33979,group_25993,train
33980,group_25993,train
33981,group_25993,train
33982,group_25993,train
33983,group_25993,train
33984,group_25993,train
33985,group_25993,train
33986,group_26001,train
33987,group_26002,train
33988,group_20062,train
33989,group_20062,train
33990,group_26005,validation
33991,group_20070,validation
33992,group_26007,validation
33993,group_25979,train
33994,group_26009,train
33995,group_20085,train
33996,group_26011,train
33997,group_26012,train
33998,group_20031,validation
33999,group_26014,train
34000,group_20085,train
34001,group_25990,train
34002,group_26017,train
34003,group_23954,validation
34004,group_23954,validation
34005,group_23956,validation
34006,group_23956,validation
34007,group_23957,train
34008,group_23957,train
34009,group_23958,train
34010,group_23958,train
34011,group_23959,test
34012,group_23959,test
34013,group_23959,test
34014,group_23959,test
34015,group_23961,train
34016,group_23955,train
34017,group_23955,train
34018,group_23940,test
34019,group_23940,test
34020,group_23946,train
34021,group_23946,train
34022,group_23944,validation
34023,group_23944,validation
34024,group_23945,validation
34025,group_23945,validation
34026,group_23945,validation
34027,group_23945,validation
34028,group_23938,train
34029,group_23938,train
34030,group_23934,train
34031,group_23934,train
34032,group_23933,train
34033,group_23933,train
34034,group_23937,test
34035,group_23937,test
34036,group_23934,train
34037,group_23934,train
34038,group_23932,train
34039,group_23932,train
34040,group_23932,train
34041,group_23932,train
34042,group_23932,train
34043,group_23932,train
34044,group_23928,train
34045,group_23928,train
34046,group_31019,train
34048,group_31019,train
34049,group_31019,train
34050,group_23930,validation
34051,group_23930,validation
34052,group_23949,train
34053,group_23949,train
34054,group_23951,test
34055,group_23951,test
34056,group_23951,test
34057,group_23951,test
34058,group_23950,test
34059,group_23953,train
34060,group_23953,train
34061,group_23966,train
34062,group_23967,train
34063,group_23967,train
34064,group_23965,test
34065,group_23964,test
34066,group_23963,train
34067,group_26081,train
34068,group_26082,test
34069,group_26083,train
34070,group_18406,train
34071,group_26085,train
34072,group_26086,train
34073,group_26087,train
34074,group_26088,train
34075,group_26089,train
34076,group_26090,validation
34077,group_9196,validation
34078,group_26092,train
34079,group_26093,train
34080,group_26094,test
34081,group_26095,train
34082,group_26096,train
34083,group_26097,train
34084,group_26098,train
34085,group_26099,train
34087,group_9706,validation
34088,group_9706,validation
34089,group_9703,train
34090,group_26103,train
34091,group_26104,train
34092,group_26105,test
34094,group_26106,train
34095,group_26107,train
34096,group_26108,train
34097,group_26109,train
34098,group_26110,train
34099,group_26111,train
34100,group_26112,train
34101,group_26113,test
34102,group_26114,test
34103,group_26109,train
34104,group_26116,train
34105,group_26117,test
34106,group_26118,test
34107,group_26119,train
34108,group_26120,train
34109,group_26121,test
34110,group_26122,train
34111,group_26123,train
34112,group_26118,test
34113,group_21021,test
34114,group_26126,train
34115,group_26126,train
34116,group_26128,train
34117,group_26129,validation
34118,group_26130,train
34119,group_7397,train
34120,group_7394,train
34121,group_26133,train
34122,group_26134,test
34123,group_26135,train
34125,group_26136,train
34126,group_26135,train
34128,group_26136,train
34129,group_26136,train
34131,group_26136,train
34133,group_26141,test
34134,group_26142,train
34136,group_26143,train
34138,group_26144,validation
34140,group_26144,validation
34146,group_26146,train
34147,group_23991,train
34148,group_26148,train
34149,group_26148,train
34152,group_26150,train
34155,group_23957,train
34156,group_23994,test
34157,group_23994,test
34158,group_23959,test
34159,group_23959,test
34161,group_23958,train
34162,group_23954,validation
34163,group_23954,validation
34164,group_23955,train
34165,group_23959,test
34166,group_23956,validation
34167,group_23963,train
34168,group_23977,train
34170,group_23978,train
34171,group_23978,train
34172,group_23979,train
34173,group_23979,train
34174,group_23940,test
34175,group_23940,test
34176,group_23981,train
34177,group_23981,train
34178,group_23982,test
34179,group_23982,test
34180,group_23983,train
34181,group_23983,train
34182,group_23984,validation
34183,group_23984,validation
34184,group_23985,test
34185,group_23986,validation
34186,group_23944,validation
34187,group_23973,train
34188,group_23945,validation
34189,group_23945,validation
34190,group_23939,train
34191,group_23939,train
34192,group_26186,train
34193,group_26187,train
34195,group_5381,train
34197,group_26189,train
34198,group_20308,validation
34199,group_20274,test
34201,group_20273,test
34202,group_5392,train
34203,group_20274,test
34204,group_20275,test
34205,group_20273,test
34206,group_26197,validation
34207,group_20270,train
34208,group_20271,train
34209,group_5001,train
34210,group_26201,train
34211,group_26202,train
34212,group_10343,train
34213,group_4980,train
34214,group_26205,train
34215,group_4983,train
34216,group_26207,train
34217,group_26208,test
34218,group_26209,train
34219,group_26210,train
34220,group_26211,validation
34221,group_5335,train
34222,group_26213,train
34223,group_26197,validation
34224,group_26215,train
34225,group_26216,validation
34226,group_5366,test
34227,group_10343,train
34228,group_5348,train
34229,group_26220,train
34230,group_10343,train
34231,group_26222,train
34232,group_10343,train
34233,group_26224,train
34234,group_4978,train
34235,group_26226,validation
34237,group_26227,train
34238,group_10343,train
34239,group_4981,train
34241,group_26230,train
34242,group_26231,train
34243,group_20301,test
34244,group_20302,train
34245,group_20305,train
34246,group_20304,train
34247,group_20305,train
34248,group_20306,train
34249,group_26238,train
34250,group_20319,train
34251,group_20320,validation
34252,group_20269,train
34253,group_5392,train
34255,group_20326,train
34256,group_26244,train
34257,group_26245,test
34258,group_20329,validation
34259,group_20330,train
34260,group_23939,train
34261,group_23939,train
34262,group_26250,train
34263,group_26250,train
34264,group_26252,train
34265,group_26253,train
34266,group_26254,train
34267,group_23919,test
34268,group_26256,validation
34269,group_26257,validation
34270,group_23915,train
34271,group_26259,train
34272,group_26260,train
34273,group_26261,train
34274,group_26262,train
34275,group_23915,train
34276,group_26264,test
34277,group_26265,test
34278,group_26264,test
34279,group_26267,train
34280,group_26268,train
34281,group_24407,test
34282,group_26270,train
34283,group_26271,train
34284,group_24407,test
34287,group_26250,train
34288,group_23910,train
34291,group_26250,train
34292,group_26276,train
34293,group_24410,train
34294,group_23915,train
34295,group_26279,train
34296,group_26280,train
34297,group_26281,train
34298,group_26282,train
34299,group_26283,test
34300,group_26284,train
34301,group_26285,train
34302,group_26286,train
34303,group_26287,train
34304,group_26288,validation
34305,group_23924,train
34307,group_26290,validation
34308,group_26290,validation
34309,group_26292,train
34310,group_26290,validation
34311,group_26294,train
34313,group_26295,train
34314,group_26296,test
34315,group_26297,train
34316,group_26298,validation
34317,group_26299,train
34319,group_26300,train
34320,group_26301,train
34321,group_26302,validation
34322,group_26303,train
34323,group_26304,test
34324,group_26305,train
34325,group_26306,train
34326,group_26307,test
34328,group_26308,validation
34330,group_26309,train
34331,group_26310,train
34332,group_26311,train
34333,group_26312,train
34335,group_26313,train
34336,group_26314,train
34337,group_26315,test
34338,group_26316,validation
34339,group_26317,train
34340,group_26318,train
34341,group_26319,validation
34342,group_26320,train
34343,group_26321,train
34344,group_26322,train
34345,group_26311,train
34347,group_26311,train
34348,group_26311,train
34349,group_26311,train
34350,group_26311,train
34351,group_26311,train
34353,group_26329,train
34354,group_26330,validation
34355,group_26331,train
34356,group_26332,train
34357,group_26333,test
34358,group_26334,train
34359,group_26335,train
34360,group_26336,test
34361,group_26337,train
34362,group_26338,train
34363,group_26339,train
34364,group_26340,train
34365,group_26341,validation
34366,group_26342,validation
34368,group_26343,train
34369,group_26344,train
34370,group_26345,validation
34371,group_26346,train
34372,group_26347,train
34373,group_26348,test
34374,group_26349,train
34375,group_26350,test
34376,group_26351,validation
34377,group_26352,train
34378,group_26351,validation
34379,group_26354,train
34380,group_26355,test
34381,group_26356,train
34382,group_26357,train
34385,group_26358,test
34386,group_26359,train
34387,group_26360,train
34388,group_26361,validation
34390,group_26362,train
34391,group_26363,train
34392,group_26364,train
34393,group_26365,test
34394,group_26366,train
34395,group_26367,test
34397,group_23410,train
34398,group_26369,train
34399,group_26370,train
34400,group_26371,train
34401,group_23410,train
34402,group_26373,validation
34403,group_26374,train
34404,group_26375,validation
34405,group_23410,train
34406,group_23410,train
34408,group_23410,train
34409,group_26379,test
34410,group_26380,train
34411,group_26381,train
34412,group_23410,train
34413,group_26383,train
34415,group_26384,train
34417,group_26385,validation
34419,group_26386,train
34420,group_26387,train
34422,group_26388,train
34423,group_26389,train
34424,group_26390,train
34425,group_26391,validation
34426,group_26392,validation
34427,group_26393,test
34428,group_26394,train
34429,group_26395,train
34430,group_26396,train
34432,group_26397,train
34433,group_26398,train
34434,group_26399,validation
34435,group_26400,test
34436,group_26401,test
34438,group_26402,train
34439,group_26403,train
34440,group_26404,train
34441,group_26405,train
34442,group_26406,train
34443,group_26407,validation
34444,group_26408,train
34445,group_26409,train
34446,group_26410,train
34447,group_26411,validation
34448,group_26412,train
34449,group_26412,train
34450,group_26414,validation
34451,group_26415,train
34452,group_26416,test
34453,group_26417,train
34454,group_26412,train
34455,group_26419,validation
34456,group_26420,train
34457,group_26421,train
34458,group_26422,train
34460,group_26423,train
34461,group_26424,train
34462,group_26425,train
34463,group_22766,train
34464,group_26427,train
34465,group_26428,train
34466,group_26429,test
34467,group_26425,train
34468,group_15054,train
34469,group_26432,test
34470,group_22766,train
34471,group_26434,validation
34473,group_26435,train
34476,group_26436,train
34479,group_26437,train
34480,group_26438,test
34482,group_26439,train
34484,group_26440,train
34492,group_26441,validation
34493,group_26442,train
34494,group_26441,validation
34495,group_26442,train
34496,group_26445,train
34498,group_26446,validation
34503,group_26447,train
34504,group_26448,validation
34507,group_11375,train
34508,group_26450,train
34509,group_26451,train
34510,group_26452,train
34511,group_26453,train
34512,group_26454,test
34513,group_26455,test
34514,group_26456,train
34515,group_26457,validation
34516,group_26458,train
34517,group_26459,train
34518,group_26460,validation
34519,group_26461,train
34520,group_26462,train
34521,group_4122,train
34522,group_21952,test
34523,group_4122,train
34524,group_21952,test
34525,group_4122,train
34526,group_21952,test
34527,group_21952,test
34528,group_4122,train
34529,group_4103,train
34531,group_4115,test
34532,group_4115,test
34533,group_4115,test
34534,group_4103,train
34535,group_23356,test
34536,group_4103,train
34537,group_4114,train
34538,group_4877,test
34539,group_4114,train
34540,group_4103,train
34541,group_11631,train
34542,group_9236,train
34543,group_23356,test
34545,group_26485,train
34546,group_26486,test
34547,group_26487,train
34548,group_26488,validation
34549,group_26489,validation
34550,group_26490,train
34551,group_26491,validation
34552,group_26492,train
34553,group_26493,train
34554,group_26494,validation
34555,group_26495,test
34556,group_19857,train
34557,group_26497,train
34558,group_26498,test
34559,group_26499,train
34560,group_24902,train
34561,group_26501,train
34562,group_26502,train
34563,group_4115,test
34564,group_26504,test
34565,group_26504,test
34566,group_26506,train
34567,group_26504,test
34568,group_26508,train
34569,group_26509,train
34570,group_26504,test
34571,group_26511,validation
34572,group_26504,test
34573,group_26513,train
34574,group_26514,train
34575,group_26515,test
34576,group_26514,train
34577,group_26515,test
34578,group_26518,validation
34579,group_26519,train
34580,group_26511,validation
34581,group_26521,validation
34583,group_26522,train
34584,group_26508,train
34585,group_26524,test
34586,group_26504,test
34587,group_26526,test
34588,group_26527,train
34589,group_26528,train
34590,group_26529,train
34591,group_26530,train
34592,group_26504,test
34593,group_26526,test
34594,group_26533,train
34595,group_26508,train
34596,group_26535,test
34597,group_26515,test
34598,group_26504,test
34599,group_26504,test
34600,group_26539,train
34601,group_26540,train
34602,group_26540,train
34603,group_26542,train
34604,group_26543,train
34605,group_26544,validation
34607,group_26545,train
34608,group_26546,train
34609,group_26546,train
34611,group_26548,train
34612,group_26549,train
34613,group_26550,train
34614,group_26550,train
34615,group_26550,train
34616,group_26550,train
34617,group_26550,train
34618,group_26550,train
34619,group_26556,validation
34622,group_23177,train
34624,group_26558,train
34625,group_26559,validation
34626,group_26560,test
34628,group_26561,train
34629,group_26562,train
34630,group_26563,test
34631,group_26564,test
34632,group_26565,train
34633,group_26566,train
34634,group_26567,train
34635,group_26568,train
34636,group_26569,test
34637,group_26570,train
34638,group_26571,train
34639,group_26572,train
34640,group_26573,train
34641,group_26574,validation
34642,group_26575,train
34643,group_26576,test
34644,group_26577,train
34646,group_26578,train
34647,group_26578,train
34648,group_26580,train
34649,group_26580,train
34650,group_26582,train
34651,group_26582,train
34652,group_26584,test
34653,group_26585,train
34654,group_26586,train
34655,group_26587,train
34682,group_26588,train
34683,group_26589,validation
34689,group_26590,test
34693,group_26591,validation
34710,group_26592,validation
34721,group_26593,train
34727,group_26594,train
34728,group_26595,validation
34729,group_26596,train
34730,group_26597,validation
34731,group_26598,validation
34732,group_26599,validation
34733,group_26600,train
34734,group_26601,train
34735,group_26602,test
34736,group_26603,test
34737,group_26604,train
34742,group_26605,test
34743,group_26606,train
34744,group_26607,test
34745,group_26608,train
34746,group_26609,train
34747,group_26610,train
34748,group_26611,validation
34749,group_26612,train
34750,group_26613,train
34751,group_26614,train
34752,group_26615,train
34753,group_26616,train
34754,group_26617,train
34755,group_26618,test
34756,group_26619,train
34757,group_26620,train
34759,group_26621,test
34760,group_26622,train
34761,group_26623,train
34762,group_26624,test
34763,group_26625,test
34764,group_26626,train
34765,group_26627,train
34766,group_26628,train
34767,group_26629,test
34768,group_26630,test
34769,group_26631,test
34770,group_26632,test
34771,group_26633,train
34772,group_26634,train
34773,group_26635,train
34774,group_26635,train
34775,group_26635,train
34776,group_26635,train
34777,group_26635,train
34778,group_26635,train
34779,group_26635,train
34780,group_26635,train
34781,group_26635,train
34782,group_26644,train
34785,group_26645,validation
34788,group_26646,validation
34790,group_26647,train
34793,group_26648,train
34794,group_26648,train
34795,group_26648,train
34796,group_26648,train
34797,group_26652,validation
34798,group_26653,train
34799,group_26654,train
34800,group_26653,train
34801,group_26653,train
34803,group_26657,train
34806,group_26658,train
34808,group_26659,train
34811,group_26659,train
34812,group_26661,train
34813,group_26662,validation
34814,group_26663,train
34815,group_26664,test
34817,group_22761,train
34818,group_26666,test
34819,group_24600,test
34820,group_26668,test
34821,group_24602,train
34822,group_26670,train
34823,group_26671,train
34824,group_26672,test
34825,group_26673,validation
34826,group_26674,train
34827,group_26675,test
34828,group_26676,validation
34829,group_26677,train
34830,group_26678,train
34831,group_26678,train
34832,group_26680,test
34833,group_26681,test
34834,group_26682,test
34835,group_26683,test
34836,group_26684,train
34837,group_3794,validation
34838,group_26686,validation
34839,group_26687,validation
34840,group_26688,validation
34841,group_26689,train
34842,group_26690,validation
34843,group_26691,test
34844,group_26692,train
34846,group_26693,train
34847,group_9631,validation
34848,group_26695,train
34849,group_26696,train
34850,group_26697,train
34851,group_26698,train
34852,group_22908,train
34853,group_26700,test
34854,group_26701,train
34855,group_22924,train
34856,group_26703,train
34857,group_26703,train
34858,group_22924,train
34859,group_26706,train
34860,group_26707,train
34861,group_26708,train
34862,group_26709,train
34863,group_26710,train
34864,group_26711,test
34865,group_26712,train
34867,group_26712,train
34870,group_26714,train
34871,group_26715,train
34872,group_26716,train
34873,group_26715,train
34874,group_26716,train
34877,group_26719,train
34878,group_26719,train
34880,group_26716,train
34881,group_26715,train
34882,group_26723,test
34883,group_26715,train
34885,group_26715,train
34886,group_26715,train
34887,group_26715,train
34888,group_26716,train
34889,group_26729,train
34890,group_26719,train
34891,group_26714,train
34892,group_26715,train
34898,group_26715,train
34899,group_26734,train
34900,group_26261,train
34901,group_26736,train
34902,group_26737,validation
34903,group_26738,train
34904,group_26739,train
34905,group_26740,train
34906,group_26741,train
34907,group_26740,train
34908,group_26743,validation
34909,group_26744,validation
34910,group_26745,train
34912,group_26746,train
34913,group_26747,train
34914,group_26748,validation
34915,group_26749,test
34916,group_26750,train
34917,group_26751,test
34918,group_26752,train
34920,group_26753,train
34921,group_26754,train
34922,group_26755,train
34923,group_26754,train
34924,group_26754,train
34926,group_26758,train
34927,group_26752,train
34928,group_26760,test
34929,group_26761,train
34930,group_26762,train
34931,group_26763,validation
34932,group_26764,train
34933,group_26765,validation
34934,group_26751,test
34935,group_26767,train
34936,group_26768,train
34937,group_26760,test
34938,group_26770,train
34939,group_26770,train
34941,group_26770,train
34942,group_26773,train
34943,group_26773,train
34944,group_23915,train
34945,group_26776,test
34946,group_23913,train
34947,group_26778,validation
34948,group_26779,test
34949,group_26780,validation
34950,group_26781,validation
34951,group_26782,train
34952,group_26781,validation
34953,group_26782,train
34954,group_26781,validation
34955,group_26782,train
34956,group_26782,train
34957,group_26782,train
34958,group_26789,train
34959,group_26790,train
34960,group_26781,validation
34961,group_26782,train
34962,group_26782,train
34963,group_26794,train
34965,group_26795,train
34966,group_26796,train
34967,group_26797,train
34968,group_26798,train
34969,group_26799,test
34970,group_26797,train
34971,group_26797,train
34972,group_26797,train
34973,group_26803,train
34974,group_26804,train
34975,group_26805,test
34976,group_26806,train
34977,group_26807,test
34978,group_26808,train
34979,group_26809,train
34980,group_26810,test
34981,group_26811,train
34982,group_26812,test
34983,group_26812,test
34984,group_26814,train
34985,group_26780,validation
34986,group_26781,validation
34987,group_26817,test
34988,group_26818,train
34989,group_26819,train
34990,group_26820,test
34991,group_26821,validation
34992,group_26818,train
34993,group_26823,train
34994,group_26824,validation
34995,group_26811,train
34996,group_26826,train
34997,group_26827,train
34998,group_26828,train
34999,group_26829,train
35000,group_26830,test
35001,group_26831,train
35002,group_26830,test
35003,group_26833,validation
35004,group_26830,test
35005,group_26830,test
35006,group_26831,train
35007,group_26837,train
35008,group_26838,test
35009,group_26831,train
35010,group_26833,validation
35011,group_26837,train
35012,group_26831,train
35013,group_26837,train
35014,group_26838,test
35015,group_26806,train
35016,group_26806,train
35017,group_26847,train
35018,group_26848,validation
35019,group_26849,train
35020,group_24418,train
35021,group_26851,train
35022,group_26849,train
35023,group_26853,test
35024,group_26854,train
35025,group_26854,train
35026,group_26851,train
35027,group_26857,train
35028,group_24418,train
35029,group_26859,train
35030,group_26860,train
35031,group_24418,train
35032,group_26859,train
35033,group_26863,validation
35034,group_26864,test
35035,group_26865,train
35036,group_26866,train
35037,group_26867,train
35038,group_23794,train
35039,group_23794,train
35040,group_24639,train
35041,group_24631,train
35042,group_26872,validation
35043,group_26872,validation
35044,group_26874,train
35045,group_26875,validation
35046,group_26876,train
35047,group_26874,train
35048,group_26875,validation
35049,group_26879,train
35050,group_26880,validation
35051,group_26881,train
35052,group_24675,test
35053,group_26883,test
35055,group_26883,test
35056,group_26885,test
35058,group_26885,test
35059,group_26887,train
35060,group_26888,train
35061,group_26888,train
35062,group_26890,train
35064,group_26891,test
35065,group_26892,validation
35066,group_26891,test
35068,group_26894,train
35069,group_26895,train
35073,group_26888,train
35074,group_26888,train
35075,group_26888,train
35077,group_26890,train
35078,group_26900,train
35079,group_26901,train
35080,group_26902,train
35084,group_26902,train
35085,group_26904,test
35086,group_26905,train
35087,group_26906,validation
35088,group_26906,validation
35089,group_26908,train
35090,group_26909,validation
35092,group_26910,train
35093,group_26911,train
35095,group_26912,train
35096,group_26913,train
35097,group_26914,validation
35098,group_26915,train
35099,group_26916,validation
35100,group_26917,train
35102,group_26918,train
35103,group_26919,validation
35104,group_26920,train
35105,group_26921,train
35106,group_26922,train
35107,group_26923,train
35108,group_26924,validation
35109,group_26923,train
35111,group_26924,validation
35114,group_26924,validation
35115,group_26923,train
35116,group_26929,train
35118,group_26930,train
35120,group_26931,test
35123,group_26932,validation
35124,group_26933,train
35125,group_26934,test
35127,group_26935,validation
35128,group_26936,train
35129,group_26937,train
35130,group_26938,train
35131,group_26936,train
35133,group_26940,validation
35134,group_26941,validation
35135,group_26942,train
35136,group_26938,train
35138,group_26944,validation
35142,group_26945,train
35143,group_26946,train
35144,group_26945,train
35145,group_26948,train
35146,group_26949,train
35147,group_26950,train
35148,group_26950,train
35149,group_26952,test
35152,group_26953,validation
35161,group_26953,validation
35162,group_26955,train
35165,group_26953,validation
35166,group_26957,test
35172,group_26958,train
35173,group_17557,train
35174,group_26960,train
35176,group_26961,train
35177,group_3055,train
35179,group_4648,validation
35180,group_2427,validation
35181,group_3043,train
35182,group_26966,validation
35183,group_3055,train
35184,group_3043,train
35185,group_26969,train
35186,group_4679,train
35187,group_4656,train
35188,group_26966,validation
35189,group_26973,train
35191,group_4652,train
35192,group_26975,test
35193,group_25129,train
35194,group_26977,validation
35195,group_26966,validation
35196,group_17554,train
35197,group_3055,train
35198,group_4652,train
35199,group_26975,test
35200,group_2427,validation
35201,group_4656,train
35202,group_26985,validation
35203,group_17554,train
35204,group_3055,train
35205,group_4652,train
35206,group_4679,train
35207,group_26990,test
35208,group_4656,train
35209,group_26985,validation
35210,group_17554,train
35211,group_4656,train
35212,group_26985,validation
35213,group_26996,train
35214,group_26997,test
35215,group_2432,train
35216,group_26999,validation
35217,group_27000,validation
35219,group_27001,validation
35223,group_27002,test
35229,group_27002,test
35231,group_27002,test
35233,group_27002,test
35234,group_27006,train
35237,group_27007,train
35239,group_13976,train
35240,group_13978,train
35241,group_13977,train
35242,group_13976,train
35243,group_13977,train
35244,group_13978,train
35245,group_13976,train
35246,group_27015,train
35247,group_13978,train
35248,group_9706,validation
35258,group_27018,train
35259,group_27019,validation
35260,group_27020,test
35261,group_27021,train
35262,group_27022,train
35263,group_27023,train
35265,group_27024,train
35266,group_27025,train
35267,group_27026,train
35268,group_27027,test
35269,group_27028,train
35271,group_27029,test
35272,group_27030,train
35277,group_27031,validation
35282,group_27032,train
35288,group_27033,train
35300,group_24303,test
35301,group_24303,test
35303,group_24303,test
35304,group_27037,train
35305,group_27038,train
35306,group_24306,train
35307,group_24306,train
35308,group_24310,train
35309,group_24310,train
35310,group_24310,train
35311,group_24310,train
35312,group_24310,train
35313,group_24310,train
35314,group_24310,train
35315,group_24310,train
35316,group_24310,train
35317,group_27050,test
35318,group_24310,train
35319,group_24310,train
35320,group_24310,train
35321,group_24310,train
35322,group_24310,train
35323,group_24310,train
35324,group_24310,train
35325,group_24310,train
35326,group_24310,train
35327,group_24310,train
35328,group_24310,train
35329,group_24310,train
35330,group_24310,train
35331,group_27050,test
35332,group_27065,train
35333,group_24310,train
35334,group_24310,train
35335,group_24325,train
35336,group_24326,train
35337,group_24327,train
35338,group_27071,test
35339,group_27071,test
35341,group_27073,train
35350,group_27074,test
35358,group_27075,validation
35360,group_27076,train
35362,group_27077,train
35363,group_27077,train
35378,group_27079,test
35381,group_27080,train
35382,group_27081,train
35383,group_27082,train
35384,group_27080,train
35386,group_27084,train
35392,group_27085,train
35395,group_27086,train
35397,group_27086,train
35399,group_27088,train
35401,group_27085,train
35402,group_27090,validation
35403,group_27091,train
35404,group_27092,train
35405,group_27093,train
35406,group_27094,train
35407,group_27088,train
35409,group_27088,train
35410,group_27097,train
35411,group_27088,train
35412,group_27099,train
35414,group_27088,train
35416,group_27088,train
35418,group_27088,train
35419,group_27097,train
35420,group_27104,test
35421,group_27105,train
35422,group_27106,train
35423,group_27107,train
35424,group_27108,train
35425,group_27109,test
35426,group_27110,train
35427,group_27111,validation
35428,group_27111,validation
35429,group_27113,train
35430,group_27114,train
35432,group_21021,test
35433,group_26126,train
35434,group_26126,train
35435,group_26117,test
35436,group_26129,validation
35437,group_26130,train
35438,group_26110,train
35439,group_26116,train
35440,group_26116,train
35441,group_26120,train
35442,group_26118,test
35444,group_26119,train
35445,group_26119,train
35446,group_26120,train
35447,group_26122,train
35448,group_26122,train
35449,group_26123,train
35450,group_26118,test
35451,group_26118,test
35452,group_26111,train
35453,group_26111,train
35454,group_26112,train
35455,group_26112,train
35456,group_26113,test
35457,group_26113,test
35458,group_26114,test
35459,group_26114,test
35460,group_26109,train
35461,group_26109,train
35462,group_8705,test
35463,group_27145,validation
35464,group_27146,validation
35465,group_24136,train
35466,group_27148,test
35467,group_27149,validation
35468,group_27150,train
35469,group_27151,test
35470,group_27152,train
35471,group_10758,train
35472,group_27154,train
35473,group_20917,train
35474,group_27156,validation
35475,group_27157,train
35476,group_27158,validation
35477,group_27158,validation
35478,group_27160,test
35479,group_27161,train
35481,group_27162,train
35482,group_27163,test
35483,group_27164,test
35484,group_6886,validation
35486,group_27166,validation
35488,group_27157,train
35489,group_27158,validation
35490,group_27158,validation
35491,group_27170,test
35492,group_27163,test
35493,group_27163,test
35496,group_27173,train
35497,group_27174,train
35501,group_27175,train
35504,group_27176,train
35506,group_27177,train
35511,group_27178,train
35521,group_27179,train
35523,group_27180,train
35525,group_27181,test
35529,group_27182,train
35530,group_27183,train
35531,group_27184,train
35532,group_27185,validation
35533,group_27186,train
35534,group_27187,test
35535,group_27182,train
35537,group_27189,train
35538,group_27190,train
35539,group_27180,train
35540,group_27192,train
35541,group_27193,validation
35542,group_27194,train
35543,group_27195,train
35545,group_27196,train
35546,group_27197,validation
35552,group_27197,validation
35554,group_27190,train
35555,group_27197,validation
35556,group_27201,train
35558,group_27202,train
35560,group_27203,test
35561,group_27190,train
35562,group_27203,test
35563,group_27206,train
35564,group_27207,train
35565,group_27208,validation
35566,group_19014,train
35567,group_25397,train
35568,group_19014,train
35570,group_27207,train
35571,group_27213,train
35573,group_27214,train
35574,group_27215,validation
35575,group_27216,test
35578,group_27217,validation
35579,group_27218,train
35582,group_27219,train
35586,group_27220,train
35587,group_27221,validation
35588,group_27219,train
35589,group_27223,train
35590,group_27224,train
35591,group_27225,test
35592,group_27226,train
35625,group_27219,train
35626,group_27228,test
35632,group_27229,test
35633,group_27230,validation
35635,group_27231,train
35641,group_27232,train
35643,group_27233,train
35644,group_27234,train
35645,group_27234,train
35646,group_27233,train
35647,group_27233,train
35648,group_27233,train
35649,group_27234,train
35650,group_27240,train
35651,group_27241,validation
35652,group_27240,train
35653,group_27241,validation
35654,group_27244,validation
35655,group_27245,validation
35656,group_27246,train
35657,group_27247,train
35658,group_27248,train
35659,group_27247,train
35660,group_27248,train
35661,group_27251,train
35662,group_27234,train
35663,group_27233,train
35664,group_27234,train
35665,group_27255,train
35666,group_27256,train
35667,group_27257,train
35668,group_27257,train
35669,group_27259,validation
35670,group_27246,train
35671,group_27261,train
35673,group_27246,train
35674,group_27248,train
35675,group_27264,validation
35676,group_27246,train
35677,group_27266,train
35678,group_27247,train
35679,group_27246,train
35680,group_27247,train
35681,group_27247,train
35682,group_27247,train
35683,group_27248,train
35684,group_27273,validation
35685,group_27246,train
35686,group_27245,validation
35687,group_27276,validation
35688,group_27248,train
35689,group_27264,validation
35690,group_27246,train
35691,group_27247,train
35692,group_27264,validation
35693,group_27246,train
35694,group_27283,train
35695,group_18872,train
35696,group_24288,train
35697,group_19649,test
35698,group_27287,test
35699,group_27288,train
35700,group_24477,train
35701,group_27290,train
35702,group_24476,test
35703,group_27292,train
35704,group_27293,train
35705,group_27294,train
35706,group_18877,train
35707,group_27296,validation
35708,group_27297,test
35709,group_27298,train
35710,group_27299,test
35711,group_27300,train
35712,group_27301,train
35713,group_27302,train
35714,group_27303,train
35716,group_27304,train
35720,group_27305,validation
35725,group_27306,test
35755,group_27307,train
35777,group_27308,validation
35782,group_27309,test
35783,group_27310,train
35784,group_27311,train
35785,group_27312,train
35786,group_27313,train
35787,group_27314,train
35788,group_27315,train
35792,group_27316,train
35793,group_27317,validation
35794,group_10805,train
35796,group_27319,train
35797,group_27320,train
35798,group_27321,train
35799,group_27322,test
35800,group_27323,validation
35801,group_27324,train
35802,group_27325,train
35803,group_27326,train
35806,group_27327,train
35807,group_27309,test
35808,group_27329,train
35809,group_27330,train
35810,group_27331,train
35811,group_27332,train
35813,group_27315,train
35814,group_27315,train
35815,group_27335,train
35816,group_16156,train
35817,group_27311,train
35818,group_27338,train
35819,group_27339,train
35820,group_27321,train
35821,group_27315,train
35826,group_18484,train
35827,group_18484,train
35828,group_27344,validation
35845,group_27345,train
35846,group_27346,train
35848,group_27347,train
35873,group_27348,test
35874,group_27349,train
35875,group_27350,validation
35876,group_27351,train
35877,group_27352,train
35878,group_27353,validation
35879,group_27352,train
35880,group_27355,train
35881,group_27356,test
35882,group_27357,train
35883,group_27358,test
35884,group_27359,test
35885,group_27360,train
35886,group_27361,test
35887,group_27362,train
35888,group_27363,validation
35889,group_27364,test
35890,group_27365,test
35891,group_27366,train
35892,group_27367,train
35893,group_27368,train
35894,group_27369,validation
35895,group_27370,test
35896,group_27371,train
35897,group_27372,train
35898,group_27373,train
35899,group_27374,train
35900,group_27375,test
35901,group_27374,train
35902,group_27377,train
35903,group_27378,train
35905,group_27379,train
35907,group_27380,validation
35908,group_27381,train
35909,group_27382,train
35910,group_27374,train
35911,group_27384,train
35912,group_27385,train
35913,group_27386,train
35915,group_27387,train
35916,group_27373,train
35917,group_27384,train
35918,group_27390,test
35923,group_27391,train
35925,group_27392,train
35927,group_27393,train
35928,group_27394,validation
35930,group_27395,train
35931,group_27396,train
35932,group_27397,train
35933,group_27398,validation
35934,group_27399,validation
35935,group_27400,train
35936,group_27401,train
35937,group_27401,train
35938,group_27403,train
35939,group_27404,validation
35940,group_27405,train
35941,group_27406,validation
35947,group_27407,train
35958,group_27408,train
35968,group_27409,train
35970,group_27410,train
35971,group_27410,train
35981,group_27412,train
35982,group_27413,train
35983,group_27414,validation
35984,group_27415,train
35985,group_27416,train
35986,group_27417,train
35987,group_27418,train
35988,group_27419,train
35989,group_27420,train
35990,group_27421,validation
35991,group_27422,train
35992,group_27423,train
35993,group_27423,train
35994,group_27425,train
35995,group_27426,train
35996,group_27427,train
35997,group_27428,validation
35998,group_27429,validation
35999,group_27430,train
36000,group_27431,test
36001,group_27432,train
36002,group_27433,train
36003,group_27434,validation
36004,group_27427,train
36015,group_27436,train
36016,group_27436,train
36017,group_27436,train
36018,group_27436,train
36019,group_27440,train
36020,group_27440,train
36021,group_27436,train
36022,group_27436,train
36023,group_27436,train
36024,group_27440,train
36025,group_27446,train
36026,group_27447,train
36028,group_27446,train
36031,group_27449,train
36034,group_27446,train
36035,group_27451,test
36036,group_27452,train
36037,group_27453,train
36038,group_27454,train
36039,group_27455,validation
36040,group_27456,train
36042,group_27457,test
36043,group_27455,validation
36044,group_27456,train
36045,group_27460,train
36046,group_27457,test
36047,group_27462,train
36048,group_27463,test
36049,group_27464,train
36050,group_27465,train
36051,group_27466,train
36052,group_27467,train
36053,group_27468,train
36054,group_27469,train
36055,group_27470,validation
36056,group_27471,train
36057,group_27472,train
36058,group_27473,train
36059,group_27455,validation
36060,group_27456,train
36061,group_27460,train
36062,group_27457,test
36063,group_27462,train
36064,group_27463,test
36065,group_27464,train
36066,group_27481,train
36067,group_27482,test
36068,group_27483,train
36069,group_27460,train
36070,group_27485,train
36072,group_27455,validation
36073,group_27487,train
36074,group_27488,test
36075,group_27489,validation
36082,group_27490,train
36083,group_27491,validation
36084,group_27492,test
36085,group_27491,validation
36086,group_27494,test
36087,group_27495,train
36088,group_27496,train
36089,group_27497,train
36090,group_27498,train
36093,group_27499,train
36094,group_27498,train
36097,group_27501,train
36098,group_27502,train
36101,group_27503,test
36102,group_27498,train
36103,group_27505,train
36104,group_27505,train
36105,group_27498,train
36106,group_27498,train
36110,group_27509,train
36111,group_27510,validation
36113,group_27510,validation
36114,group_27498,train
36117,group_27498,train
36118,group_27498,train
36119,group_27515,test
36121,group_27498,train
36122,group_27498,train
36123,group_27518,train
36125,group_27499,train
36126,group_27498,train
36127,group_27521,train
36128,group_27522,train
36129,group_27498,train
36130,group_27524,train
36131,group_27525,test
36132,group_9372,train
36133,group_19622,train
36134,group_27528,validation
36135,group_27529,train
36136,group_27530,train
36137,group_27531,train
36138,group_27532,test
36139,group_27533,train
36140,group_27534,train
36141,group_27535,train
36142,group_27536,train
36143,group_27537,train
36144,group_27538,train
36146,group_27539,train
36147,group_27540,train
36148,group_27541,train
36158,group_27542,test
36164,group_27543,train
36173,group_27544,train
36184,group_27545,train
36185,group_27546,train
36199,group_27547,train
36200,group_27548,test
36202,group_27549,train
36203,group_27550,test
36205,group_27551,train
36206,group_27552,train
36207,group_27553,train
36208,group_27554,test
36209,group_27555,train
36211,group_25404,train
36212,group_27557,test
36213,group_27558,train
36215,group_27559,train
36216,group_27560,train
36217,group_27561,train
36218,group_27562,train
36219,group_27563,train
36220,group_27564,validation
36221,group_27565,train
36222,group_27566,train
36223,group_27567,train
36224,group_27568,validation
36225,group_27569,train
36226,group_27570,train
36227,group_27571,train
36228,group_27572,validation
36229,group_27573,validation
36230,group_27574,train
36231,group_27575,train
36232,group_27576,validation
36233,group_27577,train
36234,group_27578,validation
36235,group_27579,train
36236,group_22306,train
36237,group_27581,train
36238,group_18118,test
36239,group_27583,train
36240,group_27584,validation
36243,group_27585,train
36244,group_27586,train
36245,group_27587,train
36247,group_27588,test
36248,group_27589,train
36249,group_27590,train
36250,group_27591,validation
36251,group_27592,test
36252,group_27593,train
36253,group_27591,validation
36254,group_27595,validation
36255,group_27596,validation
36256,group_27592,test
36257,group_27598,train
36258,group_27599,train
36259,group_27598,train
36260,group_27601,validation
36261,group_27591,validation
36262,group_27603,train
36263,group_27591,validation
36264,group_27605,train
36265,group_27606,train
36266,group_27607,train
36267,group_27608,test
36268,group_27609,train
36269,group_27610,train
36270,group_27611,train
36271,group_27612,train
36272,group_27607,train
36273,group_27607,train
36274,group_27615,train
36275,group_27607,train
36276,group_27617,validation
36277,group_27618,train
36278,group_27619,validation
36279,group_27607,train
36280,group_27608,test
36281,group_27608,test
36282,group_27612,train
36283,group_27624,validation
36284,group_27625,train
36285,group_27626,test
36286,group_27611,train
36287,group_27608,test
36288,group_27607,train
36289,group_27608,test
36290,group_27631,train
36294,group_27632,train
36295,group_27633,train
36296,group_22314,train
36297,group_18092,train
36298,group_22314,train
36301,group_27637,validation
36303,group_27638,train
36304,group_27639,train
36307,group_27640,train
36308,group_27641,train
36309,group_27642,train
36310,group_27643,train
36311,group_27644,train
36312,group_27645,validation
36313,group_27643,train
36314,group_27647,train
36315,group_27648,test
36316,group_27649,train
36317,group_27643,train
36318,group_27651,test
36319,group_27652,train
36320,group_27653,train
36321,group_27654,validation
36322,group_27655,train
36323,group_27656,train
36324,group_27657,train
36325,group_27657,train
36326,group_27659,train
36329,group_27660,train
36331,group_27661,test
36332,group_27662,train
36333,group_27663,train
36335,group_27664,train
36342,group_27665,validation
36343,group_27666,train
36345,group_27667,train
36346,group_27668,train
36347,group_27669,train
36348,group_27670,train
36349,group_27671,train
36350,group_27672,test
36351,group_27669,train
36352,group_27674,train
36353,group_27675,test
36354,group_27672,test
36355,group_27677,train
36356,group_27678,train
36357,group_27679,train
36358,group_27670,train
36359,group_27669,train
36360,group_27682,train
36361,group_27672,test
36362,group_27684,train
36363,group_27669,train
36364,group_27669,train
36365,group_27672,test
36366,group_27679,train
36367,group_27670,train
36368,group_27669,train
36369,group_27669,train
36370,group_27672,test
36371,group_27684,train
36372,group_13324,test
36373,group_27695,test
36374,group_27696,validation
36375,group_27695,test
36376,group_27695,test
36377,group_27699,train
36378,group_13324,test
36379,group_27696,validation
36380,group_27695,test
36381,group_27703,test
36382,group_27704,train
36383,group_27703,test
36384,group_27696,validation
36385,group_27707,train
36386,group_27696,validation
36387,group_27695,test
36388,group_27703,test
36389,group_27703,test
36390,group_13324,test
36391,group_27695,test
36392,group_27703,test
36393,group_27715,test
36394,group_27716,validation
36395,group_27715,test
36396,group_27718,validation
36397,group_27715,test
36398,group_27703,test
36399,group_27696,validation
36400,group_27695,test
36401,group_27723,train
36402,group_27703,test
36403,group_27725,train
36404,group_27725,train
36405,group_13324,test
36406,group_27715,test
36407,group_27696,validation
36408,group_27695,test
36409,group_27703,test
36410,group_27696,validation
36411,group_27695,test
36412,group_27703,test
36413,group_27735,validation
36414,group_27736,train
36415,group_27736,train
36416,group_27736,train
36417,group_27739,train
36418,group_27740,train
36419,group_27741,validation
36420,group_27742,train
36421,group_27742,train
36422,group_27744,validation
36423,group_27744,validation
36424,group_27744,validation
36425,group_27747,test
36426,group_27748,train
36427,group_27749,train
36428,group_27750,train
36429,group_27750,train
36430,group_27750,train
36431,group_27753,validation
36432,group_27754,train
36433,group_27755,test
36434,group_27756,train
36435,group_27757,train
36436,group_27758,train
36437,group_27759,validation
36438,group_27760,train
36439,group_27760,train
36440,group_27760,train
36441,group_27763,train
36442,group_27763,train
36443,group_27765,train
36444,group_27766,train
36445,group_27767,train
36446,group_27767,train
36447,group_27769,validation
36448,group_27770,train
36449,group_27771,train
36450,group_27772,validation
36451,group_27772,validation
36452,group_27774,train
36453,group_27775,train
36454,group_27776,validation
36455,group_27776,validation
36456,group_27778,train
36457,group_27779,train
36458,group_27780,train
36459,group_27781,train
36460,group_27781,train
36461,group_27783,test
36462,group_27784,train
36463,group_27785,train
36464,group_27786,train
36465,group_27787,train
36466,group_27787,train
36467,group_27789,test
36468,group_27789,test
36469,group_27791,validation
36470,group_27792,train
36471,group_27793,train
36472,group_27794,train
36473,group_27795,test
36474,group_27796,test
36475,group_27797,train
36476,group_27798,train
36477,group_27799,train
36478,group_27800,train
36479,group_27801,train
36480,group_27802,validation
36481,group_27803,train
36482,group_27804,train
36483,group_27805,validation
36484,group_27806,validation
36485,group_27807,validation
36486,group_27807,validation
36487,group_27809,train
36492,group_18797,validation
36493,group_27811,train
36494,group_27812,test
36495,group_24297,test
36497,group_27814,train
36498,group_18803,train
36499,group_18818,train
36500,group_18816,validation
36501,group_27818,train
36502,group_27819,test
36503,group_18803,train
36505,group_27821,validation
36506,group_27822,train
36507,group_27823,train
36508,group_27824,test
36509,group_27825,validation
36510,group_27826,train
36511,group_27827,train
36512,group_22700,test
36513,group_19251,validation
36514,group_27830,train
36515,group_27831,train
36516,group_27832,train
36518,group_27833,train
36519,group_19251,validation
36520,group_27821,validation
36521,group_27836,train
36522,group_27822,train
36523,group_27838,test
36526,group_27839,train
36527,group_27840,train
36532,group_27841,test
36536,group_27842,train
36537,group_27843,train
36538,group_27844,train
36540,group_27845,train
36541,group_27846,train
36542,group_27847,test
36551,group_27848,train
36557,group_27849,train
36558,group_27850,train
36559,group_27851,test
36560,group_27852,validation
36561,group_27853,train
36562,group_27854,train
36563,group_27855,train
36564,group_21903,train
36565,group_21903,train
36577,group_27858,train
36581,group_27859,train
36590,group_27860,train
36605,group_27861,train
36614,group_27862,train
36615,group_27863,train
36616,group_27864,test
36617,group_20919,train
36618,group_14715,train
36619,group_27867,validation
36620,group_20992,train
36621,group_27867,validation
36622,group_27870,train
36638,group_27871,validation
36643,group_27871,validation
36646,group_27873,train
36649,group_27874,train
36650,group_27875,train
36651,group_27876,train
36653,group_27877,train
36654,group_27878,train
36655,group_27879,train
36657,group_27880,validation
36658,group_27881,train
36660,group_27882,test
36662,group_27883,train
36664,group_27884,test
36665,group_27885,train
36666,group_27886,train
36669,group_27884,test
36670,group_27888,validation
36672,group_27889,test
36673,group_27890,train
36674,group_27891,train
36676,group_27885,train
36677,group_27893,train
36680,group_27894,train
36687,group_27895,train
36688,group_27896,train
36693,group_27897,train
36694,group_27898,train
36695,group_27899,train
36696,group_27900,train
36698,group_27901,test
36699,group_27902,train
36700,group_27903,train
36701,group_27904,train
36702,group_27905,test
36703,group_27906,train
36704,group_27907,train
36705,group_27908,train
36706,group_27909,train
36707,group_27910,validation
36708,group_27911,train
36709,group_27912,train
36710,group_23881,train
36711,group_27914,validation
36712,group_27915,train
36713,group_27916,validation
36714,group_27917,test
36715,group_27916,validation
36716,group_23945,validation
36717,group_23979,train
36718,group_23979,train
36719,group_23940,test
36720,group_23940,test
36721,group_27924,validation
36722,group_27925,train
36723,group_27926,train
36724,group_27927,train
36725,group_27928,train
36726,group_27929,validation
36727,group_27930,train
36728,group_27931,train
36729,group_25313,train
36730,group_27933,train
36731,group_27934,test
36732,group_27935,train
36733,group_27936,validation
36734,group_27937,train
36735,group_27938,train
36736,group_27939,train
36737,group_27940,test
36738,group_27937,train
36739,group_27937,train
36741,group_27943,train
36742,group_27944,train
36743,group_27945,train
36744,group_27946,train
36745,group_27947,train
36746,group_27948,validation
36747,group_27949,train
36748,group_27950,validation
36749,group_27951,train
36750,group_27952,train
36751,group_27953,train
36752,group_27954,train
36753,group_27955,train
36754,group_27956,train
36755,group_27957,train
36756,group_18063,validation
36757,group_27959,train
36758,group_27960,train
36759,group_18063,validation
36760,group_18063,validation
36761,group_27963,validation
36762,group_18063,validation
36763,group_27965,train
36764,group_27965,train
36765,group_18063,validation
36766,group_27963,validation
36767,group_27965,train
36768,group_27970,train
36769,group_18063,validation
36770,group_27963,validation
36771,group_18063,validation
36772,group_27959,train
36773,group_18063,validation
36774,group_27976,train
36775,group_27963,validation
36776,group_18063,validation
36777,group_18063,validation
36778,group_27980,train
36779,group_27981,train
36780,group_18063,validation
36781,group_27963,validation
36782,group_27976,train
36783,group_27976,train
36784,group_27986,train
36785,group_27963,validation
36786,group_27988,train
36787,group_27989,train
36788,group_27976,train
36789,group_27991,train
36790,group_27992,validation
36791,group_27993,test
36792,group_27994,train
36793,group_27995,train
36794,group_27976,train
36795,group_27997,train
36796,group_27998,train
36797,group_27999,train
36798,group_28000,train
36799,group_28001,test
36801,group_28001,test
36802,group_28003,validation
36803,group_28004,train
36804,group_27999,train
36805,group_27999,train
36806,group_28007,validation
36807,group_28008,train
36808,group_28009,train
36809,group_28010,train
36810,group_28011,train
36811,group_20739,train
36812,group_20737,train
36813,group_28014,validation
36814,group_28015,test
36815,group_28016,train
36817,group_8597,validation
36818,group_28018,train
36819,group_28019,validation
36825,group_28020,train
36826,group_28021,train
36827,group_17105,train
36828,group_28015,test
36830,group_28020,train
36832,group_28025,train
36833,group_28026,test
36834,group_28027,train
36835,group_24483,test
36836,group_28029,train
36837,group_27537,train
36841,group_28031,train
36845,group_28032,train
36852,group_28033,train
36853,group_28034,validation
36857,group_28035,train
36861,group_28036,train
36862,group_28037,test
36873,group_28038,test
36874,group_28039,train
36875,group_28040,validation
36883,group_28041,test
36884,group_28042,test
36885,group_28043,train
36886,group_28044,train
36887,group_28045,train
36888,group_28046,train
36889,group_28047,train
36890,group_28048,train
36891,group_28049,train
36892,group_28050,train
36893,group_28051,train
36894,group_28052,train
36895,group_28053,train
36896,group_28054,train
36897,group_28055,train
36898,group_28056,train
36899,group_28057,test
36900,group_28058,validation
36901,group_28059,train
36902,group_28060,train
36903,group_28061,test
36904,group_28062,test
36905,group_28063,train
36906,group_28064,validation
36907,group_28065,train
36908,group_28066,train
36909,group_28067,train
36910,group_28068,train
36911,group_28069,train
36912,group_28068,train
36913,group_28068,train
36914,group_28072,train
36915,group_28073,train
36916,group_28074,train
36917,group_28075,train
36918,group_28074,train
36919,group_28074,train
36920,group_28074,train
36921,group_28065,train
36922,group_28080,train
36923,group_28081,test
36924,group_28082,train
36925,group_28083,train
36926,group_28084,train
36927,group_28085,train
36929,group_28086,train
36930,group_28087,train
36931,group_28088,train
36933,group_27916,validation
36934,group_28090,train
36935,group_28091,train
36936,group_28092,validation
36937,group_28091,train
36938,group_28094,train
36939,group_28095,train
36940,group_27902,train
36941,group_28097,test
36942,group_28098,test
36943,group_28099,validation
36944,group_28100,train
36945,group_28101,train
36946,group_28101,train
36948,group_28103,train
36952,group_28104,train
36954,group_28105,train
36957,group_28106,train
36974,group_19355,train
36975,group_28108,train
36976,group_28109,train
36977,group_19355,train
36978,group_28108,train
36979,group_28109,train
36983,group_19355,train
36984,group_28109,train
36987,group_19366,train
36988,group_19355,train
36989,group_28108,train
36990,group_28109,train
36991,group_19437,train
36992,group_28120,test
36993,group_19372,train
36994,group_19398,train
36995,group_19493,train
36996,group_28124,test
36998,group_28125,train
37000,group_28126,test
37001,group_28127,train
37002,group_28127,train
37003,group_28127,train
37004,group_28127,train
37005,group_28127,train
37006,group_28127,train
37047,group_19332,train
37048,group_13021,train
37049,group_28135,train
37050,group_19129,test
37051,group_19332,train
37052,group_13021,train
37053,group_19332,train
37054,group_19129,test
37055,group_13021,train
37056,group_19329,train
37057,group_13021,train
37058,group_19329,train
37059,group_19332,train
37060,group_13021,train
37061,group_19129,test
37062,group_19329,train
37063,group_19332,train
37064,group_19129,test
37065,group_19329,train
37066,group_19332,train
37067,group_19369,validation
37068,group_19372,train
37069,group_19446,train
37070,group_19398,train
37071,group_19398,train
37073,group_25714,train
37074,group_19372,train
37075,group_19446,train
37076,group_19398,train
37077,group_19398,train
37078,group_28163,train
37079,group_25714,train
37080,group_19446,train
37081,group_19398,train
37082,group_19398,train
37083,group_28163,train
37085,group_28169,train
37086,group_28170,train
37087,group_28171,train
37088,group_19369,validation
37089,group_19398,train
37090,group_19398,train
37093,group_28175,train
37094,group_28176,test
37097,group_28177,train
37098,group_28178,test
37099,group_28179,train
37102,group_28180,train
37103,group_28181,validation
37111,group_28182,test
37117,group_28183,train
37119,group_28184,train
37129,group_28185,train
37131,group_28186,train
37132,group_28187,train
37133,group_28188,train
37135,group_28189,train
37139,group_28190,test
37141,group_28191,test
37142,group_28192,train
37143,group_28193,train
37144,group_28194,train
37145,group_28186,train
37146,group_28196,train
37148,group_14778,train
37150,group_14778,train
37151,group_14778,train
37152,group_14785,train
37153,group_14778,train
37154,group_14785,train
37155,group_14778,train
37156,group_14778,train
37158,group_19202,train
37159,group_28206,train
37160,group_19231,train
37161,group_19196,train
37164,group_19196,train
37165,group_19231,train
37166,group_15254,train
37167,group_28212,train
37172,group_28213,test
37173,group_28214,test
37178,group_19201,train
37183,group_15282,validation
37184,group_19219,train
37185,group_28218,test
37186,group_19196,train
37187,group_28220,validation
37188,group_28221,train
37189,group_19196,train
37190,group_19196,train
37191,group_28224,validation
37195,group_28225,validation
37197,group_28226,train
37198,group_28227,train
37199,group_28228,test
37200,group_8180,train
37201,group_28230,train
37202,group_28231,train
37204,group_28232,train
37205,group_8180,train
37206,group_8180,train
37207,group_28235,train
37208,group_28236,test
37209,group_28237,validation
37210,group_28238,validation
37212,group_28239,train
37215,group_15324,train
37220,group_28241,validation
37221,group_28242,validation
37222,group_28243,train
37223,group_19202,train
37224,group_28245,train
37225,group_28246,train
37226,group_22700,test
37227,group_22700,test
37228,group_28249,test
37229,group_19251,validation
37230,group_28251,train
37231,group_19251,validation
37232,group_28253,validation
37233,group_28253,validation
37234,group_28255,test
37235,group_27846,train
37236,group_28253,validation
37237,group_28258,train
37238,group_28259,train
37239,group_28260,train
37240,group_28261,train
37241,group_19099,train
37242,group_19099,train
37243,group_28261,train
37244,group_28265,validation
37245,group_28266,train
37246,group_28267,test
37247,group_19099,train
37248,group_28261,train
37249,group_28261,train
37250,group_28271,test
37251,group_28261,train
37252,group_28266,train
37253,group_28266,train
37254,group_28266,train
37255,group_28276,train
37256,group_19099,train
37257,group_28278,test
37259,group_28279,validation
37260,group_28280,train
37261,group_28280,train
37263,group_28282,train
37265,group_28283,train
37266,group_28284,validation
37267,group_28285,train
37272,group_28286,train
37278,group_28287,train
37279,group_28288,train
37280,group_28289,train
37281,group_28290,train
37282,group_28291,train
37283,group_28292,train
37284,group_28293,train
37285,group_28294,train
37286,group_28295,train
37287,group_28296,train
37288,group_28297,test
37289,group_28298,train
37290,group_28299,train
37291,group_28300,test
37292,group_28301,train
37293,group_28302,validation
37294,group_28303,train
37295,group_28304,validation
37296,group_28305,test
37297,group_28306,test
37298,group_28307,train
37299,group_28308,train
37300,group_28309,test
37301,group_28310,train
37302,group_28311,train
37303,group_28312,train
37304,group_28313,train
37305,group_28314,validation
37306,group_28315,train
37307,group_28316,validation
37308,group_28317,validation
37309,group_28318,train
37310,group_28319,train
37311,group_28320,train
37312,group_28321,validation
37313,group_28322,validation
37314,group_28323,test
37315,group_28324,train
37316,group_28325,test
37317,group_28326,train
37318,group_28327,validation
37319,group_28328,train
37320,group_28329,test
37321,group_28330,test
37322,group_28331,train
37323,group_28332,train
37324,group_28333,train
37325,group_28334,test
37326,group_28335,train
37327,group_28336,test
37328,group_28337,train
37329,group_28338,train
37330,group_28339,train
37331,group_28340,train
37332,group_28341,train
37333,group_28342,test
37334,group_28343,validation
37335,group_28344,train
37341,group_28345,test
37342,group_28346,test
37343,group_28347,train
37344,group_28348,train
37345,group_28349,test
37378,group_28350,train
37405,group_19008,train
37406,group_17015,train
37407,group_28353,train
37408,group_21345,train
37409,group_1308,train
37410,group_28356,train
37411,group_28357,train
37412,group_28358,validation
37413,group_28359,train
37414,group_1308,train
37415,group_28361,validation
37416,group_21342,train
37417,group_28363,train
37418,group_28364,train
37419,group_28365,test
37421,group_28366,train
37422,group_28366,train
37423,group_28368,train
37428,group_1305,train
37429,group_28370,train
37430,group_19008,train
37431,group_1308,train
37432,group_1307,train
37433,group_21350,train
37434,group_1308,train
37435,group_1308,train
37437,group_19008,train
37439,group_12291,train
37440,group_12291,train
37446,group_28380,train
37447,group_12291,train
37448,group_28380,train
37449,group_28380,train
37450,group_12291,train
37457,group_12291,train
37463,group_26141,test
37468,group_26142,train
37470,group_28388,train
37471,group_28388,train
37472,group_28390,test
37473,group_28391,train
37474,group_23293,train
37477,group_28393,test
37478,group_28394,train
37479,group_28395,train
37480,group_28395,train
37481,group_28397,train
37482,group_28395,train
37483,group_28397,train
37484,group_28400,train
37485,group_28401,train
37488,group_28388,train
37489,group_28403,train
37490,group_28388,train
37494,group_23293,train
37495,group_28406,train
37497,group_28407,validation
37498,group_28408,train
37503,group_28391,train
37506,group_28395,train
37509,group_23291,validation
37511,group_28412,test
37512,group_28413,train
37513,group_28414,validation
37514,group_28415,train
37515,group_28416,train
37516,group_28417,validation
37517,group_28418,validation
37518,group_28419,train
37519,group_28420,train
37520,group_28421,validation
37521,group_28422,train
37522,group_28423,test
37523,group_28424,train
37524,group_28425,train
37525,group_28426,validation
37526,group_28427,train
37527,group_28425,train
37528,group_28426,validation
37529,group_28430,train
37531,group_28431,validation
37532,group_28432,train
37533,group_28430,train
37534,group_28434,test
37537,group_28412,test
37538,group_28413,train
37539,group_28437,validation
37540,group_28418,validation
37541,group_28419,train
37542,group_28420,train
37543,group_28431,validation
37544,group_28432,train
37545,group_28430,train
37547,group_28444,train
37549,group_28445,train
37550,group_28446,train
37551,group_28447,validation
37555,group_28448,test
37556,group_28449,train
37557,group_28450,train
37558,group_28451,train
37559,group_28452,train
37560,group_28453,train
37561,group_28454,train
37562,group_28455,validation
37563,group_28426,validation
37564,group_28457,train
37565,group_28458,train
37566,group_28459,train
37567,group_28460,train
37568,group_28459,train
37569,group_28460,train
37570,group_28463,train
37571,group_28464,train
37574,group_28445,train
37575,group_28446,train
37576,group_28447,validation
37577,group_28448,test
37578,group_28449,train
37579,group_28450,train
37580,group_28471,train
37581,group_28472,train
37582,group_28453,train
37583,group_28454,train
37584,group_28475,train
37585,group_28476,test
37586,group_28477,test
37587,group_28478,train
37588,group_28459,train
37590,group_28477,test
37593,group_28481,train
37594,group_28482,train
37595,group_28483,train
37596,group_28484,train
37597,group_28485,train
37598,group_28486,validation
37599,group_28481,train
37600,group_28488,train
37601,group_28485,train
37602,group_28490,train
37603,group_28491,train
37607,group_28492,train
37608,group_28493,train
37610,group_28490,train
37611,group_28495,train
37613,group_28491,train
37620,group_28497,train
37621,group_28481,train
37622,group_28488,train
37623,group_28500,train
37624,group_28501,train
37625,group_28485,train
37626,group_28490,train
37627,group_28491,train
37628,group_28505,train
37629,group_28495,train
37630,group_28507,train
37632,group_28490,train
37633,group_28491,train
37634,group_28490,train
37636,group_28507,train
37637,group_28512,test
37638,group_28513,train
37639,group_28513,train
37640,group_28515,train
37646,group_28516,train
37650,group_28517,validation
37652,group_28518,validation
37653,group_28519,test
37654,group_24530,train
37655,group_24513,test
37656,group_24514,validation
37657,group_24522,train
37658,group_24522,train
37671,group_19994,train
37672,group_19994,train
37673,group_19994,train
37674,group_19994,train
37675,group_19987,train
37676,group_19994,train
37677,group_20004,validation
37679,group_19985,train
37680,group_19994,train
37681,group_28534,test
37682,group_19994,train
37683,group_19994,train
37684,group_19985,train
37685,group_19994,train
37686,group_28539,validation
37687,group_20004,validation
37688,group_28539,validation
37689,group_19994,train
37690,group_19985,train
37691,group_19994,train
37692,group_19985,train
37693,group_28539,validation
37694,group_19994,train
37695,group_20004,validation
37696,group_19985,train
37697,group_20004,validation
37698,group_19994,train
37699,group_19994,train
37700,group_19985,train
37701,group_28554,train
37704,group_28555,train
37706,group_28556,train
37708,group_28557,train
37709,group_28558,train
37710,group_17323,train
37712,group_28560,train
37713,group_28561,train
37714,group_28562,train
37715,group_28563,validation
37716,group_28564,train
37717,group_28565,test
37718,group_28566,validation
37719,group_28562,train
37720,group_28568,train
37721,group_28569,validation
37722,group_28570,train
37723,group_28571,train
37724,group_28570,train
37725,group_28573,test
37726,group_28574,test
37727,group_28575,test
37728,group_28576,train
37729,group_17328,validation
37730,group_28578,train
37731,group_28579,train
37732,group_28580,train
37733,group_17331,train
37734,group_28582,train
37735,group_28579,train
37736,group_17328,validation
37737,group_28585,validation
37738,group_28586,test
37739,group_28587,validation
37740,group_28588,train
37741,group_28571,train
37742,group_28590,train
37743,group_17332,train
37744,group_28571,train
37745,group_28593,train
37746,group_17328,validation
37747,group_28595,train
37748,group_28580,train
37749,group_28597,train
37750,group_28579,train
37751,group_28597,train
37753,group_28571,train
37754,group_28601,test
37757,group_28602,train
37758,group_17334,train
37759,group_17332,train
37760,group_17328,validation
37761,group_17327,train
37763,group_28607,test
37764,group_28571,train
37765,group_28573,test
37766,group_28610,train
37767,group_28611,train
37768,group_28612,train
37769,group_28613,train
37770,group_28614,train
37771,group_28615,train
37772,group_28616,train
37773,group_28617,validation
37774,group_28618,train
37775,group_28619,train
37776,group_28620,train
37777,group_17327,train
37778,group_28622,validation
37779,group_17327,train
37780,group_28624,test
37781,group_28625,test
37782,group_28626,train
37783,group_28627,test
37784,group_28616,train
37785,group_28616,train
37786,group_28601,test
37787,group_28631,train
37788,group_17332,train
37789,group_28633,train
37790,group_28634,validation
37791,group_17333,train
37792,group_28616,train
37793,group_28631,train
37794,group_28638,train
37795,group_28639,validation
37796,group_28640,train
37797,group_28631,train
37798,group_28593,train
37800,group_28643,train
37801,group_28644,train
37802,group_17334,train
37803,group_28646,test
37804,group_28647,train
37805,group_28648,train
37808,group_28649,train
37809,group_28650,train
37810,group_28586,test
37811,group_28652,train
37812,group_28627,test
37813,group_28654,train
37847,group_28655,train
37848,group_28656,train
37849,group_28655,train
37850,group_28656,train
37854,group_28659,train
37856,group_28660,train
37857,group_28659,train
37858,group_28660,train
37859,group_28663,train
37861,group_28664,train
37863,group_28656,train
37864,group_28656,train
37866,group_28667,train
37867,group_28656,train
37870,group_28656,train
37871,group_28656,train
37872,group_28656,train
37873,group_28656,train
37874,group_28673,train
37876,group_28674,test
37877,group_28675,train
37878,group_28676,train
37879,group_28677,train
37880,group_28678,validation
37881,group_28679,train
37882,group_28677,train
37883,group_28681,train
37884,group_28677,train
37885,group_28683,validation
37886,group_28684,train
37887,group_28685,train
37888,group_28686,train
37889,group_28681,train
37890,group_28677,train
37891,group_28681,train
37892,group_28690,train
37893,group_28691,train
37894,group_28692,validation
37895,group_28691,train
37896,group_28694,train
37899,group_4985,train
37901,group_22419,train
37902,group_28697,train
37903,group_28698,train
37904,group_28699,train
37905,group_28699,train
37906,group_28701,train
37907,group_28702,train
37908,group_28703,train
37909,group_28704,validation
37910,group_28705,train
37911,group_28706,test
37912,group_28707,train
37913,group_28708,train
37916,group_28709,train
37918,group_28710,train
37919,group_28711,train
37923,group_28712,train
37925,group_28713,train
37926,group_28709,train
37927,group_28715,train
37929,group_28716,train
37930,group_28717,test
37931,group_28718,train
37932,group_28719,train
37933,group_28720,train
37934,group_28721,test
37935,group_28722,train
37936,group_28723,train
37937,group_28724,train
37938,group_28725,train
37939,group_28726,test
37940,group_28727,train
37941,group_28728,train
37943,group_28729,train
37944,group_28730,train
37945,group_28731,train
37946,group_28732,train
37947,group_28733,train
37948,group_28734,validation
37949,group_28735,train
37950,group_28736,train
37951,group_28737,train
37952,group_28738,validation
37955,group_28739,train
37956,group_7391,train
37957,group_28741,validation
37958,group_28742,train
37959,group_28743,train
37960,group_28744,train
37961,group_28745,train
37962,group_28746,validation
37963,group_28747,train
37964,group_28748,validation
37965,group_28749,train
37966,group_28750,train
37967,group_28751,train
37968,group_28752,train
37969,group_28753,train
37970,group_28754,train
37971,group_28755,train
37972,group_28756,train
37973,group_28757,train
37974,group_28758,train
37975,group_28759,train
37977,group_22902,validation
37981,group_28761,test
37982,group_28762,test
37984,group_28763,train
37986,group_28764,train
37989,group_28765,validation
37990,group_28765,validation
37992,group_28767,train
37993,group_28768,train
37994,group_28769,train
37995,group_28770,test
37996,group_28770,test
37997,group_28772,train
37998,group_28773,train
38000,group_28774,validation
38003,group_24773,test
38004,group_28776,test
38005,group_28777,train
38006,group_28778,train
38007,group_24773,test
38008,group_24698,train
38009,group_28781,validation
38010,group_28782,train
38011,group_24698,train
38012,group_24706,train
38013,group_24698,train
38014,group_24773,test
38015,group_24698,train
38016,group_24698,train
38017,group_28776,test
38018,group_28790,train
38019,group_28791,train
38020,group_24745,test
38021,group_28791,train
38022,group_28790,train
38023,group_28795,train
38024,group_28796,validation
38025,group_24745,test
38026,group_28798,validation
38027,group_28799,train
38028,group_28800,train
38029,group_28801,train
38030,group_28790,train
38031,group_28803,train
38032,group_28804,train
38033,group_24773,test
38034,group_24773,test
38035,group_28781,validation
38037,group_28808,train
38038,group_28809,train
38039,group_24702,train
38040,group_24773,test
38041,group_28812,train
38042,group_28813,train
38043,group_28814,train
38044,group_24773,test
38045,group_24773,test
38046,group_28817,train
38047,group_24698,train
38048,group_28819,train
38049,group_28820,validation
38050,group_28821,train
38051,group_28822,train
38052,group_28823,train
38053,group_28824,validation
38054,group_28824,validation
38055,group_24773,test
38086,group_28827,train
38121,group_28828,train
38122,group_28829,train
38125,group_28830,train
38126,group_28831,train
38127,group_28832,test
38128,group_28833,test
38129,group_28834,validation
38130,group_26960,train
38131,group_3043,train
38132,group_28837,train
38133,group_28838,train
38134,group_28839,train
38135,group_28840,train
38136,group_4656,train
38137,group_25130,train
38138,group_25130,train
38139,group_28844,train
38140,group_3058,test
38141,group_4664,train
38142,group_2432,train
38143,group_2458,test
38144,group_28849,train
38145,group_28850,validation
38146,group_28851,train
38147,group_28852,train
38148,group_28852,train
38149,group_28854,train
38150,group_28855,train
38151,group_28856,validation
38152,group_28857,train
38153,group_28858,train
38154,group_28859,train
38155,group_28860,train
38156,group_28861,train
38157,group_28675,train
38158,group_28863,train
38159,group_28864,train
38160,group_28865,validation
38161,group_28863,train
38162,group_28863,train
38163,group_28868,test
38164,group_28868,test
38165,group_28863,train
38166,group_28863,train
38167,group_28863,train
38168,group_28863,train
38169,group_28863,train
38170,group_28863,train
38171,group_28864,train
38172,group_28877,train
38173,group_28863,train
38174,group_28863,train
38175,group_28863,train
38176,group_28865,validation
38177,group_28868,test
38178,group_28863,train
38179,group_28863,train
38180,group_28864,train
38181,group_28863,train
38182,group_28863,train
38183,group_28863,train
38184,group_28863,train
38185,group_28863,train
38186,group_28863,train
38187,group_28863,train
38188,group_28893,train
38189,group_28894,train
38190,group_28895,train
38191,group_28895,train
38192,group_28897,train
38193,group_28897,train
38194,group_28897,train
38195,group_28897,train
38196,group_28897,train
38197,group_28897,train
38198,group_28895,train
38199,group_28895,train
38200,group_28897,train
38201,group_28897,train
38202,group_28897,train
38203,group_28897,train
38204,group_28909,train
38205,group_28909,train
38206,group_28909,train
38207,group_28909,train
38208,group_28909,train
38209,group_28909,train
38210,group_28897,train
38211,group_28897,train
38212,group_28897,train
38213,group_28897,train
38214,group_28897,train
38215,group_28897,train
38216,group_28909,train
38217,group_28909,train
38218,group_28895,train
38219,group_28895,train
38220,group_28895,train
38221,group_28895,train
38222,group_28895,train
38223,group_28909,train
38224,group_28909,train
38225,group_28909,train
38226,group_28895,train
38227,group_28895,train
38228,group_28895,train
38229,group_28909,train
38230,group_28909,train
38231,group_28909,train
38232,group_28909,train
38233,group_28938,train
38234,group_28895,train
38235,group_28895,train
38236,group_28895,train
38237,group_28895,train
38238,group_28897,train
38239,group_28897,train
38240,group_28895,train
38241,group_28895,train
38242,group_28947,train
38243,group_28948,train
38246,group_28949,train
38247,group_28950,train
38248,group_28951,validation
38249,group_28952,train
38282,group_28953,validation
38283,group_28954,train
38284,group_28955,train
38285,group_28956,validation
38286,group_28957,train
38287,group_28958,train
38288,group_28959,train
38289,group_28956,validation
38290,group_28961,train
38291,group_28962,train
38292,group_28963,train
38293,group_28963,train
38295,group_28963,train
38296,group_28963,train
38297,group_28962,train
38298,group_28963,train
38299,group_28963,train
38300,group_28963,train
38301,group_28962,train
38302,group_28963,train
38303,group_28963,train
38304,group_28962,train
38305,group_28962,train
38306,group_28976,validation
38307,group_28977,train
38308,group_28978,train
38309,group_28979,train
38310,group_28980,train
38311,group_28980,train
38312,group_28982,test
38313,group_28983,train
38314,group_28984,train
38315,group_28985,train
38316,group_28986,train
38317,group_28987,test
38318,group_28988,train
38319,group_28989,train
38320,group_28990,validation
38321,group_28991,train
38322,group_28992,train
38323,group_10263,test
38324,group_28994,train
38325,group_28995,train
38326,group_28996,test
38327,group_28997,test
38328,group_28998,train
38329,group_28999,train
38330,group_29000,train
38331,group_29001,train
38332,group_28998,train
38333,group_29000,train
38334,group_29004,train
38335,group_29005,train
38336,group_29006,validation
38337,group_29007,train
38340,group_29008,train
38342,group_29009,test
38343,group_29010,train
38344,group_29011,train
38345,group_29012,test
38346,group_29013,train
38347,group_29014,train
38357,group_29015,train
38358,group_29016,validation
38359,group_29017,validation
38360,group_29016,validation
38361,group_29017,validation
38362,group_29017,validation
38363,group_29017,validation
38364,group_29022,train
38365,group_29017,validation
38366,group_29017,validation
38367,group_29025,test
38368,group_22209,train
38369,group_29025,test
38370,group_22209,train
38371,group_29025,test
38372,group_22209,train
38373,group_29031,validation
38374,group_29025,test
38375,group_22209,train
38376,group_29025,test
38377,group_22209,train
38378,group_29025,test
38379,group_22209,train
38380,group_29025,test
38381,group_22209,train
38382,group_22209,train
38383,group_22209,train
38384,group_29025,test
38385,group_29025,test
38386,group_29025,test
38389,group_29045,validation
38390,group_29046,validation
38392,group_29047,train
38396,group_29048,validation
38397,group_29049,test
38399,group_29050,train
38400,group_29051,validation
38401,group_29052,train
38402,group_29053,train
38403,group_29054,train
38404,group_29055,validation
38405,group_29056,validation
38406,group_29057,train
38407,group_29058,train
38408,group_29059,validation
38409,group_29060,validation
38410,group_29061,validation
38411,group_29062,test
38412,group_29063,test
38413,group_29064,train
38414,group_29065,train
38415,group_29066,train
38416,group_29067,train
38417,group_29068,train
38418,group_29069,train
38419,group_29070,validation
38420,group_29071,train
38421,group_29072,train
38422,group_29073,train
38423,group_25528,train
38424,group_29075,validation
38425,group_29076,train
38426,group_29077,test
38427,group_29078,train
38428,group_29079,test
38429,group_16032,test
38430,group_26597,validation
38431,group_29082,train
38432,group_29083,train
38433,group_29084,train
38434,group_26596,train
38435,group_29086,train
38436,group_29087,validation
38437,group_29088,train
38438,group_16032,test
38439,group_29090,validation
38440,group_29091,validation
38441,group_15950,train
38442,group_29093,train
38443,group_29094,validation
38444,group_29095,validation
38445,group_29096,train
38446,group_29097,train
38447,group_29098,train
38448,group_29099,train
38449,group_29100,train
38450,group_29075,validation
38451,group_29102,train
38452,group_29103,validation
38453,group_29104,train
38454,group_29105,test
38455,group_26596,train
38456,group_29107,train
38457,group_29108,train
38458,group_29109,test
38459,group_29110,train
38460,group_29111,train
38461,group_16032,test
38462,group_29113,train
38463,group_29114,validation
38464,group_29115,train
38465,group_29116,test
38466,group_29117,test
38467,group_25528,train
38468,group_29114,validation
38469,group_29120,train
38470,group_29121,validation
38471,group_29122,train
38472,group_29123,train
38473,group_29124,train
38474,group_29125,train
38475,group_29126,train
38476,group_29076,train
38477,group_29091,validation
38478,group_29129,train
38479,group_29130,train
38480,group_29131,test
38481,group_29132,train
38482,group_29133,validation
38483,group_29134,test
38484,group_29135,train
38485,group_29136,validation
38486,group_29137,validation
38487,group_29138,test
38488,group_29139,train
38489,group_29140,train
38490,group_29141,train
38491,group_29142,train
38492,group_29143,test
38493,group_29144,train
38494,group_29145,validation
38496,group_29146,train
38497,group_29147,train
38500,group_29148,test
38501,group_29149,validation
38502,group_29150,test
38503,group_29151,train
38504,group_29152,train
38505,group_29153,train
38506,group_29154,validation
38521,group_29155,test
38522,group_29156,train
38523,group_29157,train
38524,group_29158,validation
38525,group_29159,validation
38526,group_29160,train
38527,group_29161,train
38528,group_29162,train
38529,group_20588,train
38530,group_29164,train
38531,group_29165,train
38532,group_29166,train
38533,group_29167,test
38534,group_29168,train
38535,group_26612,train
38536,group_29170,train
38537,group_29171,train
38538,group_29172,train
38539,group_29173,train
38540,group_29174,validation
38541,group_29175,train
38542,group_29176,train
38543,group_29177,test
38544,group_29178,train
38545,group_29179,validation
38546,group_29180,train
38547,group_29181,train
38548,group_29182,train
38549,group_29183,test
38550,group_29184,validation
38551,group_29184,validation
38552,group_29186,validation
38557,group_29187,train
38558,group_29188,train
38559,group_29189,test
38560,group_29190,train
38561,group_652,validation
38562,group_29192,validation
38563,group_29193,train
38564,group_23585,train
38565,group_29195,train
38566,group_22118,train
38567,group_29197,validation
38568,group_29198,test
38569,group_17497,test
38570,group_29200,validation
38571,group_29201,train
38572,group_29202,test
38573,group_29203,train
38574,group_17475,train
38575,group_22131,train
38576,group_29206,validation
38577,group_29207,train
38578,group_29208,train
38579,group_29209,train
38580,group_29210,train
38581,group_17486,test
38582,group_29212,validation
38583,group_29213,test
38584,group_23569,train
38585,group_541,train
38586,group_29216,train
38587,group_29217,train
38588,group_29218,train
38589,group_541,train
38590,group_17521,train
38591,group_17478,train
38592,group_29222,test
38593,group_29223,validation
38594,group_29224,train
38595,group_29225,test
38596,group_29226,train
38597,group_29227,train
38598,group_17473,train
38599,group_23571,validation
38600,group_29230,train
38601,group_23567,test
38602,group_535,test
38603,group_29233,train
38604,group_29234,validation
38605,group_29235,train
38606,group_29236,test
38607,group_29237,train
38608,group_535,test
38609,group_23571,validation
38610,group_29240,train
38611,group_29241,train
38612,group_29242,train
38613,group_29243,validation
38614,group_17472,train
38615,group_29245,train
38616,group_29246,train
38617,group_17511,train
38618,group_29248,train
38619,group_29249,train
38620,group_29250,train
38621,group_29251,train
38622,group_17512,train
38623,group_29253,train
38624,group_29254,train
38625,group_29255,train
38626,group_29256,validation
38627,group_29257,train
38628,group_29258,train
38629,group_29259,train
38630,group_552,test
38631,group_553,train
38632,group_17485,validation
38633,group_17472,train
38634,group_29264,train
38635,group_29265,train
38636,group_29266,train
38637,group_29267,train
38638,group_17511,train
38639,group_29269,train
38640,group_29270,train
38641,group_29271,train
38642,group_29272,train
38643,group_29273,train
38644,group_29274,train
38645,group_29275,train
38646,group_29276,train
38647,group_29277,train
38648,group_29278,train
38649,group_29279,train
38650,group_29280,train
38651,group_9373,train
38652,group_24497,train
38653,group_29283,train
38654,group_19623,train
38655,group_9399,train
38656,group_29286,train
38657,group_29287,train
38658,group_29288,train
38659,group_29289,test
38660,group_29290,train
38661,group_29291,validation
38662,group_29292,validation
38663,group_19668,test
38664,group_29294,train
38665,group_6610,train
38666,group_29296,train
38667,group_29297,train
38668,group_29298,train
38669,group_29299,train
38670,group_29300,train
38671,group_29301,train
38673,group_29302,validation
38674,group_22260,train
38675,group_29304,train
38676,group_29305,train
38677,group_29306,train
38678,group_29307,train
38679,group_29308,train
38680,group_29309,train
38681,group_29309,train
38682,group_29311,train
38683,group_29312,train
38687,group_29313,train
38688,group_29314,test
38689,group_29313,train
38691,group_29316,test
38692,group_29317,train
38696,group_29318,train
38717,group_29319,train
38722,group_29320,test
38735,group_29321,train
38736,group_29322,train
38737,group_23305,validation
38738,group_29324,train
38739,group_518,train
38740,group_17627,validation
38741,group_29327,train
38742,group_29328,validation
38743,group_29329,test
38744,group_29330,train
38745,group_29331,test
38746,group_17627,validation
38747,group_29333,train
38748,group_14968,train
38749,group_29335,test
38750,group_29336,train
38751,group_14968,train
38752,group_29338,train
38753,group_29339,train
38754,group_29340,validation
38755,group_29338,train
38756,group_29342,train
38757,group_29343,train
38758,group_29344,train
38759,group_13235,train
38760,group_29346,train
38761,group_29347,test
38762,group_11914,train
38765,group_23944,validation
38766,group_29350,train
38767,group_29350,train
38768,group_25402,train
38769,group_25402,train
38770,group_29354,train
38771,group_17699,train
38772,group_29354,train
38774,group_17711,validation
38775,group_29358,train
38776,group_17699,train
38777,group_29360,train
38779,group_17711,validation
38780,group_17694,test
38781,group_29354,train
38783,group_29364,validation
38784,group_29354,train
38785,group_17711,validation
38786,group_29367,train
38787,group_29367,train
38788,group_29369,validation
38789,group_29370,train
38791,group_29371,train
38792,group_29372,train
38793,group_29373,train
38794,group_29374,train
38795,group_29375,test
38796,group_29376,train
38798,group_29377,train
38803,group_18299,train
38804,group_29379,train
38805,group_29380,train
38806,group_29381,train
38808,group_29382,validation
38810,group_29383,train
38811,group_29384,train
38812,group_29385,train
38814,group_29386,train
38815,group_29387,train
38818,group_29388,train
38822,group_29389,train
38823,group_29390,train
38825,group_29391,train
38828,group_29392,train
38830,group_29393,train
38832,group_29394,train
38833,group_29395,train
38835,group_29396,validation
38836,group_29397,test
38837,group_29398,test
38838,group_29399,train
38839,group_29400,train
38840,group_29401,train
38841,group_29402,train
38842,group_29403,train
38843,group_29404,train
38844,group_29405,validation
38845,group_29406,train
38846,group_29407,validation
38847,group_29408,train
38848,group_29409,train
38850,group_29410,train
38856,group_29411,train
38863,group_29412,train
38864,group_29413,train
38866,group_29388,train
38868,group_29415,test
38884,group_29416,validation
38900,group_29417,train
38905,group_26591,validation
38907,group_29419,train
38922,group_26592,validation
38930,group_25310,validation
38931,group_25310,validation
38932,group_25312,train
38933,group_25312,train
38934,group_25311,train
38935,group_25311,train
38936,group_25307,validation
38937,group_25307,validation
38938,group_25307,validation
38939,group_25307,validation
38940,group_25307,validation
38941,group_25307,validation
38942,group_25301,validation
38943,group_25301,validation
38944,group_23959,test
38945,group_23959,test
38946,group_25314,train
38947,group_25314,train
38948,group_25313,train
38949,group_25313,train
38950,group_29441,train
38952,group_23941,train
38953,group_23941,train
38954,group_23944,validation
38955,group_23944,validation
38956,group_23978,train
38957,group_23978,train
38958,group_23977,train
38959,group_23977,train
38960,group_25302,train
38961,group_25302,train
38962,group_29452,validation
38963,group_29453,train
38964,group_29454,train
38965,group_29455,train
38966,group_29456,train
38967,group_29457,train
38968,group_29458,train
38970,group_29459,train
38971,group_29460,train
38973,group_23891,validation
38974,group_29462,train
38976,group_29463,test
38978,group_20684,validation
38979,group_25382,train
38980,group_20707,train
38981,group_11086,train
38982,group_25384,train
38983,group_29469,train
38984,group_29470,test
38985,group_29471,train
38986,group_29472,train
38987,group_29473,test
38988,group_29474,train
38989,group_29475,validation
38991,group_29476,train
38992,group_29477,test
38993,group_29478,train
38994,group_29479,validation
38995,group_29480,train
38996,group_29478,train
38997,group_29482,train
38998,group_29483,train
38999,group_29484,validation
39001,group_29485,validation
39002,group_29486,train
39003,group_29487,test
39005,group_29488,validation
39009,group_29489,train
39010,group_29490,train
39011,group_29491,train
39012,group_29492,train
39013,group_29493,train
39014,group_29494,train
39015,group_29495,train
39016,group_29496,train
39017,group_29497,train
39018,group_29498,train
39019,group_29499,train
39020,group_29500,train
39021,group_29501,validation
39022,group_29502,train
39023,group_29503,validation
39024,group_29504,test
39025,group_29505,train
39026,group_29506,train
39027,group_29507,validation
39028,group_29508,validation
39029,group_29509,train
39030,group_29510,train
39031,group_29511,train
39032,group_29512,train
39033,group_29512,train
39034,group_29514,train
39035,group_29512,train
39036,group_29516,train
39037,group_29512,train
39038,group_29518,train
39039,group_29519,test
39040,group_29520,train
39041,group_29512,train
39043,group_29512,train
39054,group_29523,train
39056,group_29524,train
39057,group_29525,train
39058,group_29526,train
39059,group_29527,validation
39062,group_29528,train
39063,group_29529,train
39064,group_29530,train
39067,group_29531,train
39071,group_29532,train
39074,group_25426,test
39076,group_29534,train
39080,group_29535,train
39092,group_29536,train
39103,group_29537,train
39104,group_29538,train
39107,group_29539,train
39108,group_29539,train
39113,group_29541,test
39117,group_29542,train
39118,group_29543,train
39119,group_29544,test
39120,group_29545,test
39121,group_29546,validation
39122,group_29544,test
39123,group_29548,train
39124,group_29549,train
39125,group_29550,validation
39126,group_29551,test
39127,group_29552,train
39128,group_29553,train
39129,group_29554,train
39130,group_29555,train
39131,group_29546,validation
39132,group_29550,validation
39133,group_29544,test
39134,group_29559,train
39135,group_29560,train
39136,group_29561,train
39137,group_29562,train
39138,group_29563,train
39139,group_29564,train
39140,group_29565,train
39141,group_29566,train
39142,group_29567,test
39143,group_29568,train
39144,group_29569,train
39145,group_29559,train
39146,group_29571,test
39147,group_29572,validation
39149,group_29573,train
39150,group_29574,validation
39151,group_29575,test
39152,group_29576,validation
39153,group_29577,train
39154,group_20933,validation
39155,group_29579,train
39156,group_29580,train
39157,group_29580,train
39158,group_29582,test
39159,group_29583,train
39160,group_29583,train
39161,group_29585,train
39162,group_20933,validation
39163,group_29587,train
39164,group_29588,train
39165,group_20933,validation
39166,group_29590,train
39167,group_29591,train
39168,group_29592,train
39169,group_29593,train
39170,group_29580,train
39171,group_29595,validation
39172,group_29596,test
39173,group_29593,train
39174,group_20933,validation
39175,group_29599,validation
39176,group_29583,train
39177,group_29601,train
39178,group_29602,validation
39179,group_29603,train
39180,group_29580,train
39181,group_29605,train
39182,group_29606,test
39183,group_14006,train
39184,group_14006,train
39185,group_29609,train
39186,group_14006,train
39187,group_29611,validation
39188,group_25279,train
39189,group_29613,validation
39190,group_29614,train
39191,group_14706,train
39192,group_20917,train
39193,group_20918,train
39194,group_14690,test
39195,group_11766,train
39196,group_29620,train
39197,group_14715,train
39198,group_20919,train
39199,group_29623,validation
39200,group_934,test
39201,group_25259,test
39202,group_27864,test
39203,group_29627,train
39204,group_14706,train
39205,group_20918,train
39206,group_14709,train
39207,group_25279,train
39208,group_14709,train
39209,group_8686,train
39210,group_8686,train
39211,group_8686,train
39212,group_8686,train
39213,group_8686,train
39214,group_8686,train
39215,group_29639,train
39216,group_29640,train
39217,group_29641,train
39218,group_29642,train
39219,group_29643,test
39220,group_20087,train
39221,group_20027,test
39222,group_29646,train
39223,group_29647,train
39224,group_29648,test
39225,group_29649,train
39226,group_29650,train
39227,group_29651,validation
39228,group_29652,train
39229,group_29652,train
39230,group_29654,train
39231,group_20083,test
39232,group_29656,test
39233,group_29657,validation
39234,group_29658,train
39235,group_29659,train
39236,group_29660,train
39237,group_29661,test
39238,group_29662,train
39239,group_29663,train
39240,group_29664,train
39241,group_29663,train
39242,group_29662,train
39245,group_29667,train
39247,group_29667,train
39248,group_29669,test
39249,group_29667,train
39251,group_29671,train
39252,group_29672,train
39253,group_29673,train
39254,group_29674,test
39255,group_29675,train
39256,group_29676,test
39257,group_29675,train
39258,group_29675,train
39259,group_29679,train
39260,group_29679,train
39261,group_29679,train
39262,group_29675,train
39263,group_29675,train
39264,group_29675,train
39265,group_29676,test
39266,group_29686,validation
39267,group_29672,train
39268,group_29686,validation
39269,group_29672,train
39270,group_29679,train
39272,group_29669,test
39273,group_29679,train
39274,group_29693,train
39275,group_29694,train
39276,group_29674,test
39277,group_29696,train
39278,group_29667,train
39280,group_29698,train
39281,group_29699,train
39282,group_29700,train
39283,group_29701,validation
39284,group_29701,validation
39285,group_29703,validation
39286,group_29711,validation
39287,group_29703,validation
39288,group_29711,validation
39289,group_29671,train
39290,group_29667,train
39291,group_29679,train
39292,group_29703,validation
39293,group_29711,validation
39294,group_29703,validation
39295,group_29711,validation
39296,group_29711,validation
39297,group_29703,validation
39298,group_29711,validation
39299,group_29711,validation
39300,group_29667,train
39301,group_29667,train
39302,group_29674,test
39303,group_29679,train
39304,group_29696,train
39305,group_29679,train
39306,group_29686,validation
39307,group_29671,train
39309,group_29667,train
39310,group_29727,train
39311,group_29728,train
39314,group_25413,train
39315,group_23979,train
39316,group_23945,validation
39317,group_23945,validation
39318,group_25400,validation
39319,group_25408,validation
39320,group_29735,validation
39321,group_29736,test
39322,group_29736,test
39323,group_25410,train
39324,group_25410,train
39325,group_25403,validation
39326,group_25311,train
39327,group_25415,test
39328,group_25411,train
39329,group_25411,train
39330,group_25412,train
39331,group_25407,train
39332,group_25407,train
39333,group_25407,train
39334,group_25407,train
39336,group_25404,train
39337,group_25414,train
39338,group_29752,validation
39339,group_29752,validation
39340,group_29754,train
39341,group_29755,train
39342,group_29756,train
39344,group_29757,validation
39345,group_29758,train
39347,group_29759,train
39353,group_29760,train
39355,group_29760,train
39360,group_29762,validation
39361,group_29763,train
39362,group_29764,train
39363,group_29764,train
39364,group_29766,train
39365,group_29767,train
39366,group_29768,train
39368,group_29760,train
39370,group_29770,train
39371,group_29770,train
39374,group_29772,test
39375,group_29770,train
39376,group_29774,train
39377,group_29775,train
39379,group_29776,validation
39380,group_29777,train
39381,group_29778,train
39382,group_29779,test
39384,group_29779,test
39385,group_29781,train
39386,group_29782,train
39387,group_29779,test
39388,group_29784,train
39394,group_29785,train
39396,group_29786,train
39397,group_29787,train
39398,group_29788,train
39399,group_29789,train
39405,group_29790,test
39412,group_29791,train
39414,group_29792,train
39424,group_29793,test
39444,group_29794,train
39447,group_29795,train
39448,group_29795,train
39449,group_29797,validation
39450,group_29797,validation
39451,group_29799,train
39452,group_15651,train
39453,group_29801,test
39454,group_29802,train
39455,group_29801,test
39456,group_19943,train
39457,group_15653,validation
39458,group_29806,train
39459,group_29806,train
39460,group_19943,train
39461,group_15664,train
39462,group_19962,train
39463,group_29811,train
39464,group_29801,test
39465,group_29813,train
39466,group_29814,train
39467,group_29815,test
39468,group_29816,train
39469,group_29806,train
39470,group_29818,test
39471,group_29813,train
39472,group_29820,train
39473,group_29821,train
39474,group_29813,train
39475,group_29815,test
39477,group_19962,train
39478,group_29814,train
39479,group_29826,train
39480,group_29816,train
39481,group_29828,validation
39482,group_2428,train
39483,group_29830,test
39484,group_29831,train
39485,group_29832,train
39486,group_29833,test
39487,group_29834,train
39488,group_4679,train
39489,group_29836,train
39490,group_29837,train
39491,group_28850,validation
39492,group_29839,test
39493,group_29839,test
39495,group_29841,train
39496,group_29842,train
39499,group_29843,train
39500,group_29844,train
39502,group_29845,train
39503,group_29846,train
39504,group_29847,train
39505,group_29847,train
39506,group_29849,train
39507,group_29850,train
39508,group_29851,validation
39509,group_29851,validation
39510,group_29851,validation
39511,group_29854,train
39512,group_29851,validation
39513,group_29856,validation
39514,group_29856,validation
39515,group_29858,train
39516,group_29859,train
39517,group_29856,validation
39518,group_29856,validation
39519,group_29858,train
39520,group_29863,test
39521,group_29864,validation
39522,group_29865,train
39523,group_29866,train
39524,group_29867,train
39525,group_29856,validation
39526,group_29869,train
39527,group_29870,train
39530,group_29871,train
39532,group_29872,train
39533,group_29873,train
39534,group_29874,test
39535,group_29875,validation
39537,group_29876,validation
39539,group_29871,train
39540,group_29878,test
39541,group_29879,test
39542,group_29876,validation
39543,group_29881,train
39544,group_23338,train
39545,group_23332,test
39546,group_23342,train
39547,group_29885,train
39549,group_29886,train
39551,group_28663,train
39553,group_28663,train
39557,group_28673,train
39558,group_29890,train
39559,group_28673,train
39560,group_10758,train
39561,group_3965,train
39562,group_29894,train
39563,group_20918,train
39564,group_934,test
39565,group_20919,train
39566,group_20919,train
39567,group_10758,train
39568,group_20917,train
39569,group_1092,train
39570,group_934,test
39571,group_1092,train
39572,group_20918,train
39573,group_25259,test
39574,group_25259,test
39575,group_25259,test
39576,group_1092,train
39577,group_20922,train
39578,group_20888,train
39579,group_29627,train
39580,group_20919,train
39581,group_14706,train
39582,group_20919,train
39583,group_14706,train
39584,group_934,test
39585,group_1092,train
39586,group_14706,train
39587,group_20919,train
39588,group_18610,train
39589,group_14690,test
39590,group_11766,train
39591,group_27863,train
39592,group_29924,train
39593,group_29925,test
39594,group_25278,train
39595,group_29611,validation
39596,group_934,test
39597,group_14715,train
39598,group_1092,train
39599,group_29931,train
39600,group_18610,train
39601,group_934,test
39602,group_11766,train
39603,group_934,test
39604,group_20888,train
39605,group_11766,train
39606,group_14690,test
39607,group_11766,train
39608,group_21265,train
39609,group_10792,train
39610,group_18598,test
39611,group_934,test
39612,group_14690,test
39613,group_14690,test
39614,group_11766,train
39616,group_29947,train
39617,group_27864,test
39618,group_938,train
39619,group_934,test
39620,group_14709,train
39621,group_951,test
39622,group_29953,train
39623,group_29954,train
39624,group_29955,validation
39625,group_10431,train
39626,group_29957,test
39627,group_10440,train
39628,group_29959,train
39629,group_29960,train
39630,group_29961,train
39631,group_24486,train
39632,group_29963,train
39633,group_29964,test
39634,group_9388,validation
39635,group_29966,test
39636,group_29967,train
39637,group_29967,train
39638,group_29967,train
39639,group_29970,train
39640,group_29970,train
39641,group_29972,test
39642,group_29972,test
39643,group_29974,train
39644,group_29972,test
39645,group_29970,train
39646,group_29977,train
39647,group_29978,train
39651,group_29967,train
39652,group_29980,train
39653,group_29967,train
39654,group_29967,train
39655,group_29967,train
39656,group_29970,train
39657,group_29972,test
39658,group_29970,train
39659,group_29970,train
39660,group_29967,train
39661,group_18516,train
39662,group_29967,train
39663,group_29970,train
39664,group_29972,test
39665,group_29972,test
39666,group_29967,train
39667,group_29967,train
39668,group_29967,train
39669,group_29997,test
39670,group_29967,train
39671,group_29967,train
39672,group_29967,train
39673,group_29967,train
39674,group_29967,train
39675,group_29972,test
39676,group_29972,test
39677,group_29972,test
39678,group_29970,train
39682,group_29967,train
39683,group_29980,train
39684,group_29967,train
39685,group_29970,train
39686,group_29972,test
39687,group_29974,train
39697,group_30013,train
39698,group_30014,train
39701,group_30015,train
39709,group_30016,train
39710,group_30017,train
39711,group_30018,validation
39712,group_30019,train
39713,group_30020,train
39714,group_30021,train
39715,group_27864,test
39716,group_30023,train
39717,group_21031,train
39718,group_14427,validation
39719,group_14427,validation
39720,group_30027,validation
39721,group_30028,test
39722,group_30029,train
39723,group_30030,train
39724,group_30031,train
39725,group_30032,train
39726,group_17865,validation
39727,group_20371,validation
39728,group_30035,train
39729,group_24787,train
39730,group_24788,train
39731,group_20366,train
39732,group_30039,train
39733,group_30040,train
39734,group_30041,test
39735,group_30042,test
39737,group_30043,train
39738,group_30044,train
39739,group_30043,train
39740,group_30044,train
39741,group_30047,train
39742,group_30048,train
39743,group_27553,train
39744,group_27553,train
39745,group_25404,train
39746,group_27557,test
39749,group_27550,test
39750,group_27550,test
39752,group_30055,validation
39753,group_30055,validation
39754,group_27548,test
39755,group_27562,train
39756,group_27549,train
39758,group_30060,test
39759,group_30060,test
39760,group_24811,train
39761,group_30063,train
39762,group_24814,train
39763,group_24814,train
39764,group_30066,test
39765,group_30067,validation
39769,group_30068,train
39770,group_30069,train
39771,group_30069,train
39773,group_30071,train
39775,group_30072,test
39776,group_30073,test
39777,group_30074,train
39780,group_30075,validation
39781,group_30076,validation
39782,group_30076,validation
39783,group_30078,train
39784,group_30079,train
39785,group_30080,train
39786,group_30081,train
39788,group_30082,train
39790,group_30081,train
39792,group_30084,validation
39793,group_30085,train
39794,group_30085,train
39795,group_30087,validation
39797,group_30087,validation
39798,group_30081,train
39800,group_30090,test
39801,group_30091,train
39802,group_30092,test
39803,group_30093,train
39804,group_30094,train
39805,group_30087,validation
39806,group_30096,train
39807,group_30097,train
39808,group_30098,validation
39809,group_30084,validation
39810,group_30100,train
39811,group_30097,train
39812,group_30087,validation
39813,group_21952,test
39814,group_21952,test
39815,group_4122,train
39816,group_21952,test
39817,group_21952,test
39818,group_4122,train
39819,group_21952,test
39820,group_4122,train
39821,group_4122,train
39822,group_21952,test
39823,group_21952,test
39824,group_4122,train
39825,group_21952,test
39826,group_4122,train
39827,group_21952,test
39828,group_4122,train
39829,group_21952,test
39830,group_27559,train
39831,group_27560,train
39834,group_27926,train
39835,group_27931,train
39836,group_27931,train
39837,group_27925,train
39838,group_23940,test
39839,group_23940,test
39840,group_23979,train
39841,group_27934,test
39843,group_27924,validation
39844,group_27924,validation
39845,group_27558,train
39846,group_27558,train
39847,group_25313,train
39849,group_27933,train
39851,group_27930,train
39852,group_27930,train
39853,group_23945,validation
39854,group_23945,validation
39855,group_23940,test
39856,group_23940,test
39857,group_23979,train
39858,group_23979,train
39859,group_23979,train
39860,group_27928,train
39861,group_27928,train
39862,group_27929,validation
39863,group_27929,validation
39864,group_27927,train
39865,group_27927,train
39867,group_30151,test
39868,group_20919,train
39869,group_30153,train
39870,group_20918,train
39871,group_10758,train
39872,group_14706,train
39873,group_20917,train
39874,group_30158,train
39875,group_30159,test
39876,group_30160,train
39877,group_30161,train
39878,group_30162,train
39879,group_30163,train
39880,group_30164,train
39881,group_22766,train
39882,group_15054,train
39883,group_30167,train
39884,group_30168,train
39885,group_30169,train
39886,group_30170,train
39887,group_30171,train
39888,group_30172,test
39889,group_30173,test
39890,group_30174,train
39891,group_30175,train
39892,group_18448,train
39893,group_30177,validation
39894,group_30178,train
39895,group_30179,train
39896,group_30180,train
39897,group_30181,test
39898,group_30182,test
39899,group_30183,validation
39900,group_30184,test
39901,group_30185,train
39902,group_30186,train
39903,group_30187,train
39904,group_30188,train
39906,group_30189,train
39907,group_30190,train
39909,group_30191,train
39910,group_30192,train
39914,group_30193,train
39917,group_30194,train
39920,group_30195,validation
39921,group_30196,validation
39922,group_30197,train
39925,group_30198,train
39926,group_30198,train
39927,group_30200,test
39930,group_30198,train
39931,group_30198,train
39932,group_30197,train
39935,group_30198,train
39936,group_30205,test
39937,group_30206,test
39938,group_30207,train
39939,group_30208,train
39940,group_30209,train
39941,group_30210,train
39942,group_30211,train
39943,group_30212,validation
39944,group_30213,train
39945,group_30214,validation
39946,group_30215,validation
39947,group_30216,train
39948,group_30217,train
39949,group_30218,test
39950,group_30219,train
39951,group_30220,train
39952,group_30221,train
39953,group_30222,train
39954,group_30223,train
39955,group_30224,test
39956,group_30225,train
39957,group_30226,train
39958,group_30227,validation
39959,group_30227,validation
39960,group_30229,train
39961,group_30229,train
39963,group_30231,train
39964,group_30232,train
39965,group_30233,train
39966,group_30234,train
39967,group_30235,validation
39968,group_30236,train
39969,group_30237,train
39970,group_30238,train
39971,group_30239,train
39972,group_30240,train
39973,group_30241,train
39974,group_30241,train
39975,group_30243,train
39976,group_30244,train
39977,group_30245,train
39978,group_30246,train
39979,group_30247,train
39980,group_30248,train
39981,group_30249,train
39982,group_30250,train
39983,group_30251,test
39984,group_30252,train
39985,group_30253,train
39986,group_30254,train
39987,group_30255,train
39988,group_30256,train
39989,group_30257,train
39990,group_30258,train
39991,group_30259,train
39992,group_30260,train
39993,group_30261,train
39994,group_30262,train
39995,group_30263,train
39996,group_30264,train
39997,group_30263,train
39998,group_30262,train
39999,group_30267,train
40000,group_30263,train
40001,group_30263,train
40002,group_23607,train
40003,group_30264,train
40004,group_30263,train
40005,group_30263,train
40006,group_30264,train
40007,group_30275,train
40008,group_30276,train
40009,group_30277,train
40010,group_30263,train
40011,group_30275,train
40012,group_30275,train
40013,group_30263,train
40015,group_30282,train
40016,group_30283,train
40017,group_30284,test
40018,group_2605,test
40019,group_4110,train
40020,group_15045,train
40021,group_15045,train
40022,group_459,train
40023,group_2605,test
40024,group_5782,train
40025,group_22564,train
40026,group_30293,train
40027,group_19858,train
40028,group_30295,train
40029,group_30296,train
40030,group_2605,test
40033,group_4110,train
40034,group_22564,train
40035,group_30300,train
40036,group_6869,train
40037,group_5782,train
40038,group_30303,train
40039,group_5782,train
40040,group_30305,train
40043,group_22564,train
40044,group_2605,test
40046,group_30308,validation
40047,group_2605,test
40050,group_30310,train
40051,group_30311,validation
40055,group_30312,train
40057,group_18652,train
40059,group_5782,train
40060,group_5782,train
40062,group_30316,validation
40063,group_19860,train
40064,group_30318,validation
40065,group_4112,train
40066,group_2605,test
40067,group_30321,test
40068,group_18768,train
40070,group_452,train
40071,group_30324,train
40074,group_30325,train
40075,group_22803,train
40078,group_6869,train
40080,group_4110,train
40081,group_30329,train
40082,group_30330,train
40083,group_30331,train
40084,group_18769,train
40085,group_30333,train
40087,group_458,validation
40089,group_30335,train
40091,group_5782,train
40092,group_6869,train
40093,group_30338,train
40094,group_22803,train
40095,group_18768,train
40096,group_4110,train
40097,group_15045,train
40098,group_6869,train
40099,group_15045,train
40100,group_4112,train
40101,group_6869,train
40103,group_6869,train
40104,group_6869,train
40105,group_18475,train
40106,group_15045,train
40107,group_2605,test
40108,group_30352,train
40109,group_22581,test
40110,group_30354,train
40111,group_19858,train
40112,group_19858,train
40113,group_30357,train
40118,group_18482,train
40119,group_30359,test
40120,group_18793,train
40121,group_30361,train
40122,group_30362,train
40124,group_30363,train
40125,group_30364,train
40126,group_30365,train
40127,group_30366,train
40128,group_30367,train
40129,group_30368,train
40130,group_30369,test
40131,group_30370,train
40132,group_30371,validation
40133,group_23934,train
40134,group_23938,train
40135,group_30374,train
40136,group_30375,train
40137,group_30376,train
40138,group_30377,train
40139,group_30378,validation
40140,group_29485,validation
40141,group_29144,train
40142,group_29130,train
40143,group_30382,test
40144,group_30383,train
40145,group_30384,validation
40146,group_30385,train
40147,group_30386,train
40148,group_30387,validation
40149,group_30388,train
40150,group_30389,train
40151,group_29146,train
40152,group_30391,test
40153,group_30392,train
40154,group_30393,train
40155,group_30394,train
40156,group_30395,train
40158,group_30396,train
40159,group_23957,train
40160,group_30398,train
40161,group_30399,train
40162,group_23979,train
40163,group_30401,validation
40164,group_30402,train
40165,group_30403,train
40166,group_30404,train
40167,group_30403,train
40168,group_30402,train
40169,group_30407,train
40170,group_30404,train
40171,group_30409,train
40172,group_30401,validation
40173,group_30411,train
40174,group_30401,validation
40175,group_30402,train
40176,group_30401,validation
40177,group_30401,validation
40178,group_30416,train
40179,group_30401,validation
40180,group_30401,validation
40181,group_30402,train
40182,group_30420,train
40183,group_30421,test
40184,group_30421,test
40185,group_30423,validation
40186,group_30424,train
40187,group_30425,train
40190,group_30426,train
40194,group_30427,test
40195,group_30428,train
40196,group_30429,train
40197,group_30430,train
40198,group_30428,train
40203,group_30432,validation
40206,group_30433,train
40210,group_30433,train
40216,group_30435,test
40219,group_30436,train
40220,group_30436,train
40221,group_30438,train
40223,group_30438,train
40224,group_30440,train
40227,group_30438,train
40230,group_30438,train
40232,group_30438,train
40234,group_30433,train
40237,group_30445,train
40238,group_30446,train
40239,group_30446,train
40245,group_30435,test
40254,group_30449,train
40255,group_30450,train
40256,group_4736,train
40258,group_30452,test
40260,group_4736,train
40261,group_30454,train
40262,group_30455,train
40264,group_30456,train
40265,group_21307,train
40266,group_30456,train
40267,group_21295,train
40269,group_21300,train
40270,group_21305,train
40271,group_30462,train
40272,group_30463,validation
40274,group_21317,validation
40275,group_21317,validation
40276,group_30466,train
40278,group_30466,train
40280,group_21316,train
40281,group_21317,validation
40282,group_30466,train
40284,group_30471,validation
40285,group_30472,train
40286,group_30473,validation
40287,group_30474,train
40288,group_30475,train
40289,group_30476,validation
40290,group_30476,validation
40291,group_30478,test
40292,group_30479,test
40293,group_30478,test
40294,group_30481,train
40295,group_30482,train
40300,group_30483,train
40301,group_30484,train
40302,group_30485,train
40303,group_30486,train
40304,group_30487,train
40305,group_30483,train
40306,group_30489,train
40307,group_30490,validation
40308,group_30491,train
40309,group_30492,train
40310,group_30493,train
40311,group_30471,validation
40312,group_30495,validation
40313,group_30495,validation
40314,group_30486,train
40315,group_30498,train
40316,group_30499,train
40317,group_30500,train
40318,group_30501,train
40319,group_30502,validation
40320,group_30503,test
40321,group_30504,train
40322,group_30505,train
40323,group_30506,train
40325,group_30507,train
40326,group_30508,test
40352,group_30509,train
40359,group_30510,train
40364,group_30511,train
40371,group_30512,train
40373,group_30513,train
40375,group_30514,train
40376,group_30515,train
40381,group_30516,train
40382,group_30517,train
40383,group_30517,train
40385,group_30515,train
40387,group_30520,train
40388,group_30521,train
40389,group_30522,train
40390,group_30523,train
40394,group_26526,test
40395,group_30525,validation
40396,group_30526,train
40398,group_30527,train
40400,group_30528,train
40402,group_30529,train
40403,group_30530,train
40404,group_30531,train
40405,group_30532,train
40406,group_30533,train
40407,group_26511,validation
40408,group_30535,train
40409,group_30536,test
40410,group_30537,train
40411,group_30538,train
40412,group_30539,validation
40413,group_30540,train
40415,group_30541,train
40416,group_26508,train
40417,group_30543,train
40418,group_26511,validation
40419,group_30545,train
40420,group_30546,test
40421,group_30547,train
40422,group_30548,train
40423,group_26513,train
40424,group_30550,train
40426,group_26522,train
40427,group_30552,train
40428,group_30553,train
40429,group_30554,validation
40430,group_30555,test
40431,group_30556,train
40432,group_30557,train
40433,group_30558,test
40434,group_30559,train
40435,group_30560,train
40436,group_30561,validation
40437,group_18713,train
40442,group_30563,train
40447,group_4103,train
40448,group_4103,train
40449,group_23356,test
40450,group_4103,train
40451,group_4114,train
40452,group_23356,test
40453,group_4115,test
40454,group_4114,train
40455,group_4115,test
40456,group_4103,train
40457,group_4922,test
40458,group_11631,train
40459,group_11641,train
40460,group_30577,test
40464,group_30578,train
40466,group_30579,train
40467,group_30579,train
40468,group_30581,train
40472,group_30582,train
40473,group_30583,train
40478,group_30584,train
40480,group_30585,train
40481,group_30586,train
40482,group_30587,train
40483,group_30588,train
40485,group_30589,train
40486,group_30590,train
40487,group_30591,validation
40493,group_30592,train
40494,group_30593,train
40495,group_20032,train
40496,group_30595,train
40498,group_30596,train
40499,group_30597,validation
40500,group_24358,train
40501,group_24358,train
40502,group_30600,test
40503,group_30601,train
40504,group_24358,train
40505,group_30601,train
40506,group_24358,train
40507,group_24358,train
40510,group_30606,train
40511,group_24358,train
40512,group_24359,test
40513,group_24358,train
40514,group_24358,train
40515,group_30606,train
40516,group_24358,train
40517,group_30606,train
40519,group_30614,train
40520,group_30606,train
40521,group_30606,train
40522,group_30617,train
40523,group_30618,train
40524,group_30619,train
40525,group_24351,train
40526,group_30621,test
40527,group_30597,validation
40528,group_30623,train
40529,group_30624,train
40530,group_30625,train
40531,group_30626,train
40532,group_30627,train
40533,group_30624,train
40534,group_30627,train
40535,group_30624,train
40536,group_30626,train
40537,group_30624,train
40538,group_30624,train
40539,group_30624,train
40540,group_30624,train
40541,group_30636,train
40542,group_30637,train
40543,group_30627,train
40544,group_30639,train
40545,group_30640,test
40546,group_30639,train
40547,group_30642,test
40548,group_30624,train
40549,group_30644,test
40551,group_30627,train
40552,group_30627,train
40553,group_30637,train
40554,group_30648,train
40556,group_30649,validation
40557,group_30650,validation
40558,group_30651,train
40559,group_24358,train
40560,group_30653,validation
40561,group_30654,validation
40562,group_24358,train
40563,group_30656,validation
40564,group_30624,train
40565,group_30658,train
40566,group_30659,train
40567,group_18115,train
40568,group_22314,train
40569,group_30662,train
40570,group_18094,train
40571,group_30664,test
40572,group_18094,train
40573,group_24165,train
40574,group_30662,train
40575,group_30662,train
40576,group_30658,train
40577,group_18094,train
40578,group_30662,train
40579,group_30672,test
40580,group_24120,train
40581,group_30674,test
40582,group_22345,train
40583,group_30676,validation
40584,group_30677,train
40585,group_18661,train
40586,group_8931,train
40587,group_30680,train
40588,group_22355,train
40589,group_22357,validation
40590,group_30680,train
40591,group_18667,train
40592,group_18667,train
40593,group_18682,train
40594,group_24130,train
40595,group_30688,train
40596,group_30689,train
40597,group_18682,train
40598,group_30691,train
40599,group_30692,train
40600,group_30693,validation
40601,group_30694,test
40602,group_30695,train
40603,group_30696,train
40604,group_30695,train
40605,group_30698,validation
40606,group_30699,train
40607,group_30700,train
40608,group_30701,train
40609,group_30702,train
40610,group_30699,train
40611,group_30695,train
40612,group_30695,train
40613,group_30699,train
40614,group_30700,train
40615,group_30698,validation
40616,group_30709,test
40617,group_30695,train
40618,group_30699,train
40619,group_30700,train
40620,group_30693,validation
40621,group_30701,train
40622,group_30702,train
40623,group_30716,train
40624,group_30717,validation
40625,group_30718,train
40626,group_30719,train
40627,group_30720,train
40629,group_30721,train
40630,group_30722,train
40631,group_30723,train
40632,group_30724,train
40633,group_30699,train
40634,group_30700,train
40636,group_30695,train
40637,group_30695,train
40638,group_30724,train
40639,group_30730,train
40640,group_30721,train
40641,group_30695,train
40642,group_30719,train
40643,group_30700,train
40644,group_30717,validation
40645,group_30695,train
40646,group_30695,train
40647,group_30699,train
40648,group_30739,train
40649,group_30740,train
40650,group_30741,test
40651,group_30721,train
40652,group_30743,validation
40653,group_30695,train
40654,group_30719,train
40655,group_30695,train
40656,group_30724,train
40657,group_30695,train
40658,group_30749,test
40659,group_30749,test
40660,group_30749,test
40661,group_30749,test
40662,group_30693,validation
40663,group_30695,train
40664,group_30755,train
40665,group_30755,train
40666,group_30757,train
40667,group_30758,train
40668,group_30759,test
40669,group_30760,validation
40670,group_30761,validation
40671,group_30762,test
40672,group_30763,train
40674,group_385,train
40675,group_30765,train
40680,group_30766,validation
40683,group_30767,train
40686,group_30768,test
40687,group_9706,validation
40688,group_30770,train
40689,group_15006,test
40690,group_30770,train
40691,group_9714,train
40692,group_15004,train
40693,group_9706,validation
40694,group_9714,train
40695,group_30777,train
40696,group_30777,train
40697,group_30779,train
40698,group_30780,train
40737,group_30781,train
40738,group_30782,validation
40739,group_30783,train
40740,group_30784,train
40741,group_30782,validation
40742,group_13526,train
40743,group_30787,train
40744,group_30788,train
40745,group_30789,train
40746,group_30790,train
40747,group_30791,validation
40748,group_30792,train
40749,group_30793,train
40750,group_30794,train
40751,group_30793,train
40752,group_30796,test
40753,group_30797,train
40754,group_30797,train
40755,group_30797,train
40756,group_30800,train
40757,group_30800,train
40758,group_30792,train
40759,group_30797,train
40760,group_30804,train
40761,group_30805,train
40762,group_30806,train
40763,group_30807,train
40764,group_30808,test
40765,group_30809,train
40766,group_30810,train
40767,group_30811,validation
40768,group_30812,train
40769,group_30813,train
40771,group_30814,train
40772,group_30815,validation
40773,group_30816,train
40774,group_30817,train
40775,group_30818,test
40776,group_30819,test
40777,group_30820,validation
40778,group_30819,test
40779,group_30822,train
40780,group_30820,validation
40781,group_30824,test
40782,group_30825,train
40783,group_30819,test
40784,group_30827,train
40785,group_30820,validation
40786,group_30827,train
40787,group_30822,train
40788,group_30831,test
40789,group_30832,train
40790,group_30833,train
40791,group_30834,train
40792,group_30835,train
40793,group_30836,train
40826,group_30837,train
40922,group_29477,test
40923,group_29479,validation
40924,group_29479,validation
40925,group_29480,train
40926,group_29480,train
40927,group_29480,train
40928,group_29478,train
40929,group_29478,train
40930,group_29491,train
40931,group_29491,train
40932,group_29491,train
40933,group_29478,train
40934,group_29484,validation
40935,group_30851,validation
40938,group_30852,train
40941,group_29489,train
40943,group_29490,train
40944,group_29490,train
40945,group_29488,validation
40946,group_29488,validation
40947,group_29485,validation
40948,group_29476,train
40949,group_30375,train
40950,group_29486,train
40951,group_29486,train
40952,group_29474,train
40953,group_29475,validation
40954,group_29470,test
40955,group_29470,test
40956,group_29471,train
40957,group_29472,train
40958,group_29487,test
40960,group_30375,train
40969,group_30871,test
40970,group_30872,train
40971,group_16122,validation
40972,group_30874,test
40974,group_29145,validation
40975,group_29145,validation
40977,group_29130,train
40978,group_29131,test
40979,group_29143,test
40980,group_29143,test
40982,group_29142,train
40983,group_29146,train
40984,group_29146,train
40985,group_29146,train
40986,group_29146,train
40987,group_29144,train
40988,group_29144,train
40989,group_29132,train
40990,group_29132,train
40991,group_29133,validation
40992,group_29133,validation
40993,group_30892,train
40995,group_29154,validation
40996,group_29154,validation
40997,group_29148,test
40998,group_29148,test
40999,group_29148,test
41000,group_29151,train
41001,group_29151,train
41002,group_29153,train
41003,group_29153,train
41004,group_29152,train
41005,group_29152,train
41006,group_29150,test
41007,group_29150,test
41008,group_29149,validation
41009,group_29149,validation
41010,group_29149,validation
41011,group_29141,train
41012,group_29141,train
41016,group_30911,test
41018,group_30911,test
41022,group_30911,test
41023,group_30914,test
41026,group_30915,train
41027,group_30916,train
41028,group_30917,train
41029,group_30918,train
41030,group_30919,validation
41031,group_30920,train
41034,group_30920,train
41035,group_30922,validation
41036,group_30923,train
41038,group_30924,train
41041,group_30923,train
41043,group_30926,train
41044,group_30927,train
41047,group_30928,train
41048,group_30923,train
41049,group_30923,train
41050,group_30924,train
41074,group_30932,test
41077,group_30933,test
41078,group_30934,train
41079,group_30935,train
41080,group_30936,train
41098,group_30937,train
41106,group_30938,test
41131,group_30939,train
41134,group_30940,test
41140,group_30941,train
41141,group_30942,train
41144,group_30943,validation
41152,group_30944,train
41153,group_30945,train
41154,group_30946,train
41159,group_30947,train
41161,group_30948,train
41162,group_30949,train
41163,group_30948,train
41172,group_30951,train
41180,group_30952,test
41194,group_30953,train
41208,group_30954,train
41209,group_30955,train
41210,group_29278,train
41211,group_30957,train
41212,group_16122,validation
41213,group_30959,train
41215,group_30960,test
41219,group_30961,train
41220,group_30960,test
41221,group_30963,train
41222,group_30959,train
41227,group_30965,train
41231,group_30966,train
41232,group_30966,train
41233,group_30966,train
41234,group_30969,validation
41236,group_30970,train
41237,group_30971,train
41238,group_30972,train
41239,group_30972,train
41240,group_30971,train
41241,group_30975,train
41242,group_30976,train
41243,group_30971,train
41244,group_30972,train
41245,group_30975,train
41246,group_30971,train
41247,group_30972,train
41248,group_30971,train
41249,group_30972,train
41250,group_30975,train
41251,group_30975,train
41252,group_30986,train
41253,group_30975,train
41254,group_30971,train
41255,group_30971,train
41256,group_30975,train
41258,group_30991,train
41259,group_30992,train
41260,group_30993,train
41261,group_30993,train
41262,group_30993,train
41263,group_30991,train
41264,group_30991,train
41265,group_30993,train
41266,group_30993,train
41267,group_30991,train
41268,group_30991,train
41269,group_30993,train
41270,group_30993,train
41271,group_31004,train
41272,group_31004,train
41273,group_30993,train
41274,group_31007,train
41275,group_30992,train
41276,group_31007,train
41277,group_30992,train
41278,group_31007,train
41279,group_30992,train
41298,group_31013,train
41299,group_23957,train
41300,group_31015,train
41301,group_31016,train
41302,group_31017,test
41303,group_31018,train
41304,group_31019,train
41305,group_31020,train
41307,group_23958,train
41309,group_31022,test
41310,group_31023,train
41311,group_31024,train
41312,group_31025,validation
41313,group_31026,train
41314,group_31027,train
41315,group_31028,validation
41316,group_31029,train
41317,group_31030,train
41320,group_31031,test
41322,group_31032,test
41324,group_31033,train
41327,group_31034,train
41328,group_31035,test
41330,group_31036,train
41331,group_31037,test
41332,group_31038,validation
41346,group_31039,test
41347,group_8143,train
41348,group_31041,train
41349,group_31042,train
41350,group_31042,train
41352,group_31044,train
41353,group_25643,test
41354,group_25643,test
41355,group_8154,validation
41356,group_31042,train
41357,group_8154,validation
41358,group_31042,train
41359,group_31042,train
41360,group_31052,train
41361,group_31053,train
41376,group_31054,train
41377,group_31055,train
41378,group_31056,train
41379,group_31057,train
41380,group_31058,validation
41381,group_31059,train
41382,group_31060,train
41383,group_31061,train
41384,group_31062,train
41385,group_31063,train
41386,group_31064,validation
41387,group_31065,train
41388,group_31062,train
41391,group_31067,train
41392,group_31068,train
41393,group_31069,train
41395,group_31070,validation
41396,group_31071,train
41397,group_31072,train
41398,group_31072,train
41400,group_22789,train
41401,group_31075,train
41402,group_31076,test
41403,group_31077,train
41404,group_31078,test
41405,group_31079,train
41406,group_31076,test
41407,group_31081,train
41408,group_31082,train
41411,group_25671,train
41424,group_20722,test
41426,group_20722,test
41427,group_12238,train
41433,group_31087,train
41434,group_31088,test
41435,group_31088,test
41436,group_31090,test
41437,group_31088,test
41438,group_31088,test
41439,group_31087,train
41440,group_31088,test
41441,group_31087,train
41442,group_31088,test
41443,group_31088,test
41444,group_31088,test
41445,group_31099,validation
41446,group_31100,train
41447,group_31100,train
41448,group_31100,train
41449,group_31100,train
41450,group_31100,train
41451,group_31088,test
41452,group_31100,train
41453,group_31100,train
41454,group_31100,train
41455,group_31109,train
41456,group_31110,train
41457,group_31111,train
41458,group_31109,train
41459,group_20511,train
41460,group_31114,train
41466,group_31115,train
41467,group_31116,train
41468,group_31117,test
41469,group_31118,train
41470,group_11719,train
41471,group_31120,train
41472,group_31121,train
41473,group_31122,train
41474,group_11719,train
41475,group_31124,validation
41476,group_31125,train
41477,group_31126,train
41478,group_31124,validation
41486,group_18588,train
41495,group_31129,train
41508,group_31130,train
41511,group_31131,train
41512,group_31132,train
41513,group_31133,train
41517,group_31134,train
41518,group_31135,validation
41519,group_31135,validation
41520,group_31135,validation
41521,group_31138,train
41522,group_31138,train
41523,group_31138,train
41525,group_31138,train
41527,group_31142,train
41528,group_31143,validation
41529,group_31144,validation
41530,group_31145,train
41531,group_31146,test
41532,group_31144,validation
41533,group_31148,train
41535,group_31149,validation
41536,group_31146,test
41551,group_31151,train
41552,group_31152,train
41558,group_31153,train
41563,group_31154,train
41565,group_31155,train
41570,group_31156,train
41571,group_31157,train
41583,group_31158,train
41585,group_23054,train
41586,group_23054,train
41587,group_31161,train
41588,group_31162,train
41589,group_31162,train
41590,group_31161,train
41591,group_31165,train
41592,group_31166,test
41593,group_31167,train
41594,group_31168,test
41595,group_31169,test
41596,group_31170,train
41597,group_31171,train
41598,group_31165,train
41599,group_31162,train
41601,group_31174,train
41602,group_23069,test
41603,group_23052,train
41605,group_31177,test
41606,group_31178,train
41607,group_31177,test
41608,group_31162,train
41609,group_31181,test
41610,group_8980,train
41611,group_23066,validation
41620,group_23069,test
41625,group_31185,train
41629,group_31185,train
41636,group_31187,test
41637,group_6149,test
41653,group_6148,train
41654,group_6154,validation
41660,group_6148,train
41661,group_6148,train
41665,group_6149,test
41666,group_6149,test
41667,group_934,test
41668,group_14690,test
41669,group_14690,test
41670,group_951,test
41671,group_11766,train
41672,group_14690,test
41673,group_11766,train
41674,group_14715,train
41675,group_20917,train
41676,group_934,test
41677,group_14709,train
41678,group_934,test
41679,group_18598,test
41680,group_20888,train
41681,group_14690,test
41682,group_934,test
41683,group_10792,train
41684,group_934,test
41685,group_14709,train
41686,group_1092,train
41687,group_14709,train
41688,group_934,test
41689,group_14706,train
41691,group_18598,test
41692,group_11766,train
41693,group_31220,train
41694,group_31221,train
41695,group_31222,train
41696,group_31223,train
41697,group_31224,train
41698,group_31225,train
41699,group_31226,train
41700,group_31227,train
41701,group_31228,validation
41702,group_27864,test
41703,group_31230,validation
41704,group_27864,test
41705,group_27863,train
41706,group_27864,test
41707,group_31234,train
41708,group_21265,train
41709,group_934,test
41710,group_14715,train
41712,group_31230,validation
41713,group_31239,train
41714,group_18610,train
41715,group_27864,test
41716,group_29931,train
41717,group_18610,train
41718,group_10758,train
41719,group_17441,train
41720,group_31246,train
41721,group_10792,train
41722,group_31248,train
41723,group_31249,train
41724,group_31250,validation
41725,group_31251,test
41726,group_31252,train
41727,group_21265,train
41728,group_934,test
41729,group_31251,test
41730,group_21265,train
41731,group_14715,train
41733,group_31258,test
41734,group_20917,train
41735,group_20918,train
41736,group_951,test
41737,group_934,test
41738,group_10792,train
41739,group_14690,test
41740,group_18610,train
41741,group_20919,train
41742,group_14722,train
41743,group_20888,train
41744,group_26118,test
41745,group_26111,train
41747,group_31271,train
41748,group_31272,validation
41750,group_26109,train
41751,group_31274,validation
41752,group_31274,validation
41753,group_26108,train
41754,group_26111,train
41755,group_26121,test
41756,group_26119,train
41757,group_31280,train
41759,group_31281,train
41760,group_31282,train
41761,group_31283,train
41762,group_31284,train
41763,group_31285,test
41764,group_31286,test
41765,group_31287,train
41766,group_31288,train
41767,group_31286,test
41768,group_31290,validation
41769,group_31284,train
41770,group_31292,validation
41771,group_31293,test
41772,group_31294,validation
41773,group_31295,validation
41774,group_31296,train
41775,group_31297,train
41776,group_31282,train
41777,group_31299,validation
41778,group_31300,train
41779,group_31301,validation
41780,group_31302,validation
41781,group_31303,train
41782,group_31303,train
41783,group_31305,train
41784,group_31306,train
41785,group_31307,train
41786,group_31308,train
41787,group_31307,train
41788,group_31290,validation
41789,group_31290,validation
41790,group_31312,test
41791,group_31290,validation
41792,group_31303,train
41793,group_31315,train
41794,group_31303,train
41795,group_31317,validation
41796,group_31318,test
41797,group_31319,train
41798,group_31292,validation
41799,group_31321,train
41800,group_31285,test
41811,group_24678,train
41814,group_16771,train
41819,group_31325,train
41821,group_31326,train
41822,group_31327,train
41824,group_31328,test
41825,group_31329,train
41827,group_31330,train
41828,group_31331,train
41829,group_31332,train
41830,group_3852,train
41831,group_31334,validation
41832,group_1447,train
41833,group_31336,train
41834,group_3852,train
41836,group_3852,train
41837,group_31339,train
41838,group_31339,train
41839,group_31341,test
41840,group_31330,train
41841,group_31328,test
41842,group_31344,train
41843,group_31345,validation
41844,group_3852,train
41845,group_22766,train
41846,group_15054,train
41847,group_31349,train
41848,group_31350,train
41849,group_22766,train
41850,group_31352,train
41851,group_31352,train
41852,group_31354,train
41854,group_31355,train
41855,group_31356,train
41857,group_27177,train
41858,group_31358,test
41859,group_31359,train
41861,group_31359,train
41862,group_31358,test
41863,group_31359,train
41864,group_31358,test
41865,group_31364,test
41866,group_31365,test
41867,group_31366,test
41868,group_31367,train
41869,group_31368,train
41870,group_31359,train
41871,group_31358,test
41872,group_31359,train
41873,group_31358,test
41874,group_31373,test
41875,group_31358,test
41876,group_31375,validation
41877,group_31358,test
41878,group_31377,train
41879,group_31378,train
41880,group_31358,test
41888,group_10639,train
41889,group_31381,test
41890,group_31382,train
41898,group_31383,train
41899,group_31384,train
41900,group_31385,train
41901,group_31386,test
41902,group_31387,train
41903,group_31388,train
41904,group_31389,train
41905,group_31390,train
41906,group_31391,train
41907,group_31392,train
41908,group_31393,train
41909,group_31394,train
41910,group_31395,test
41912,group_31396,validation
41921,group_31397,train
41938,group_31398,train
41939,group_31399,train
41940,group_31400,train
41944,group_31396,validation
41945,group_31396,validation
41957,group_30389,train
41958,group_30389,train
41959,group_30393,train
41960,group_30371,validation
41961,group_30398,train
41962,group_30398,train
41963,group_30395,train
41965,group_30392,train
41966,group_30392,train
41967,group_29146,train
41968,group_29146,train
41969,group_30391,test
41970,group_30391,test
41971,group_30396,train
41972,group_30396,train
41973,group_31418,train
41975,group_30399,train
41976,group_30399,train
41977,group_30394,train
41979,group_30376,train
41980,group_31423,train
41981,group_31423,train
41982,group_30374,train
41983,group_30375,train
41984,group_30375,train
41985,group_30377,train
41986,group_30378,validation
41987,group_29144,train
41988,group_23934,train
41989,group_23934,train
41990,group_23938,train
41991,group_23938,train
41992,group_30364,train
41993,group_30364,train
41994,group_30365,train
41995,group_30386,train
41996,group_30366,train
41997,group_30382,test
41998,group_30382,test
41999,group_30383,train
42001,group_30384,validation
42002,group_30384,validation
42003,group_30385,train
42004,group_30385,train
42005,group_31447,train
42006,group_31448,train
42007,group_31359,train
42010,group_31358,test
42011,group_31451,train
42013,group_19669,test
42015,group_31453,train
42016,group_31454,train
42017,group_31455,test
42019,group_31456,train
42020,group_31457,train
42021,group_31458,train
42022,group_31459,validation
42023,group_31460,train
42024,group_31461,validation
42025,group_31462,train
42026,group_31462,train
42027,group_31464,train
42028,group_31465,train
42029,group_31466,test
42031,group_31467,train
42033,group_31468,train
42034,group_31469,train
42035,group_31470,train
42036,group_31471,train
42037,group_31472,test
42038,group_31473,train
42039,group_31474,train
42040,group_31475,test
42041,group_24500,test
42042,group_31477,test
42043,group_29278,train
42044,group_31479,test
42045,group_31480,train
42046,group_31481,train
42049,group_31482,train
42054,group_31483,train
42056,group_31484,test
42059,group_31485,train
42060,group_31486,train
42061,group_31487,train
42062,group_31488,train
42063,group_31486,train
42064,group_31490,validation
42065,group_31490,validation
42066,group_31492,train
42067,group_31493,train
42068,group_31494,train
42069,group_31495,train
42070,group_31496,train
42071,group_31496,train
42072,group_31498,test
42073,group_31496,train
42074,group_31494,train
42075,group_31496,train
42076,group_31502,train
42077,group_31503,train
42078,group_31504,train
42079,group_31493,train
42080,group_31506,train
42081,group_31507,validation
42082,group_31508,test
42083,group_31509,train
42084,group_31509,train
42085,group_18452,train
42086,group_31512,train
42087,group_31513,train
42088,group_31514,train
42089,group_31515,train
42090,group_31516,train
42091,group_31517,train
42092,group_31518,train
42093,group_31519,train
42094,group_31520,validation
42096,group_22555,train
42097,group_5776,validation
42098,group_31523,validation
42102,group_2605,test
42103,group_458,validation
42104,group_18769,train
42105,group_31527,train
42106,group_5782,train
42107,group_6869,train
42108,group_4110,train
42109,group_2605,test
42110,group_458,validation
42112,group_15045,train
42113,group_22581,test
42114,group_18769,train
42115,group_18768,train
42117,group_15045,train
42118,group_31538,train
42119,group_31539,train
42120,group_24832,validation
42121,group_31541,train
42122,group_18769,train
42123,group_6869,train
42124,group_31544,train
42125,group_31545,validation
42126,group_19618,train
42127,group_31547,train
42128,group_31548,validation
42129,group_31549,validation
42130,group_31550,train
42131,group_31551,train
42132,group_31552,test
42133,group_27524,train
42134,group_31554,train
42135,group_31555,test
42136,group_31556,train
42137,group_31557,train
42138,group_31558,train
42139,group_31559,train
42140,group_31560,train
42141,group_31561,train
42142,group_31562,train
42143,group_31563,test
42144,group_31564,train
42145,group_11904,validation
42146,group_31566,test
42147,group_31567,test
42148,group_31568,train
42152,group_29757,validation
42153,group_31570,validation
42164,group_31571,test
42165,group_31572,train
42168,group_31573,test
42171,group_31572,train
42172,group_31575,test
42173,group_27543,train
42174,group_31573,test
42175,group_31578,train
42176,group_31579,train
42177,group_31580,train
42178,group_31581,train
42181,group_31582,train
42196,group_25323,train
42197,group_31584,train
42198,group_31585,train
42199,group_31586,test
42200,group_25322,train
42201,group_31588,train
42202,group_31589,test
42203,group_31590,train
42204,group_31590,train
42205,group_25323,train
42206,group_31593,train
42207,group_31594,train
42208,group_25323,train
42209,group_31596,test
42210,group_25329,train
42211,group_31598,train
42212,group_25348,train
42213,group_31600,validation
42214,group_25326,test
42215,group_31602,train
42216,group_31603,test
42217,group_31603,test
42218,group_31605,train
42220,group_31606,validation
42221,group_25323,train
42222,group_25356,train
42223,group_31609,train
42224,group_25326,test
42225,group_25323,train
42226,group_31612,validation
42228,group_31613,test
42229,group_31614,train
42230,group_25323,train
42231,group_25323,train
42232,group_25323,train
42233,group_25323,train
42234,group_31605,train
42235,group_25363,validation
42236,group_31593,train
42237,group_31622,train
42238,group_25356,train
42239,group_25338,test
42240,group_25329,train
42241,group_25329,train
42242,group_25368,train
42244,group_25368,train
42245,group_31590,train
42247,group_31593,train
42248,group_31590,train
42249,group_25338,test
42250,group_31633,validation
42251,group_31634,train
42255,group_31635,train
42256,group_31636,train
42257,group_31636,train
42258,group_31636,train
42260,group_31636,train
42261,group_31636,train
42262,group_31636,train
42263,group_31636,train
42264,group_31636,train
42265,group_31636,train
42267,group_31645,train
42268,group_31646,validation
42269,group_31647,train
42270,group_31648,test
42271,group_31649,train
42272,group_31650,test
42273,group_31651,validation
42274,group_31652,validation
42275,group_31653,test
42276,group_31654,train
42290,group_31655,train
42308,group_31656,train
42309,group_31657,train
42313,group_31658,test
42319,group_31659,train
42320,group_31660,test
42322,group_31661,train
42323,group_31662,test
42326,group_31663,validation
42327,group_31664,train
42329,group_31665,train
42330,group_31666,train
42331,group_31659,train
42348,group_31668,train
42349,group_31669,train
42350,group_31670,train
42366,group_31671,train
42380,group_31672,test
42390,group_27413,train
42391,group_31674,train
42392,group_31675,train
42393,group_31676,train
42394,group_31677,train
42395,group_31675,train
42396,group_27413,train
42397,group_31675,train
42398,group_27413,train
42399,group_31682,train
42400,group_31676,train
42401,group_31684,train
42402,group_31685,train
42407,group_31686,train
42408,group_31687,train
42409,group_31688,validation
42410,group_31689,validation
42411,group_31690,validation
42413,group_31691,train
42414,group_31692,train
42415,group_31693,train
42416,group_27578,validation
42417,group_31695,train
42418,group_31696,test
42419,group_31697,train
42422,group_31698,train
42423,group_31698,train
42424,group_18667,train
42425,group_22354,train
42426,group_31702,train
42427,group_18661,train
42428,group_31704,train
42429,group_18660,train
42430,group_18667,train
42509,group_21048,train
42510,group_31708,validation
42511,group_31709,train
42512,group_31710,train
42513,group_31709,train
42514,group_31712,test
42515,group_31710,train
42516,group_31712,test
42517,group_18944,train
42518,group_31716,train
42519,group_18931,train
42520,group_18932,train
42521,group_31719,train
42522,group_18944,train
42523,group_21048,train
42524,group_18944,train
42525,group_31716,train
42527,group_18936,train
42528,group_21059,validation
42529,group_31726,train
42530,group_18926,train
42531,group_31728,train
42532,group_14768,train
42533,group_18919,validation
42534,group_21047,train
42535,group_21048,train
42536,group_31726,train
42537,group_21047,train
42538,group_18943,validation
42539,group_31716,train
42540,group_18936,train
42541,group_18936,train
42542,group_18936,train
42543,group_31740,validation
42544,group_21059,validation
42545,group_14768,train
42546,group_14768,train
42547,group_21047,train
42548,group_18936,train
42549,group_14771,train
42550,group_18936,train
42551,group_18936,train
42552,group_31749,train
42553,group_31750,validation
42554,group_31751,train
42555,group_31716,train
42556,group_31753,train
42557,group_31754,train
42558,group_31726,train
42559,group_31726,train
42560,group_21059,validation
42561,group_31758,train
42562,group_31759,test
42563,group_31760,train
42564,group_31761,train
42565,group_18954,train
42566,group_31763,test
42582,group_31764,train
42583,group_31765,train
42584,group_8241,validation
42585,group_31767,validation
42586,group_31768,train
42587,group_31769,train
42589,group_31770,train
42590,group_31771,train
42591,group_31772,train
42592,group_31773,train
42594,group_31774,train
42595,group_31775,train
42598,group_15321,train
42600,group_28206,train
42601,group_31778,train
42602,group_31778,train
42603,group_31778,train
42605,group_31778,train
42606,group_31778,train
42608,group_31778,train
42609,group_31778,train
42610,group_31785,train
42611,group_31786,train
42612,group_31787,train
42613,group_31787,train
42614,group_31789,train
42615,group_31789,train
42616,group_31785,train
42617,group_31785,train
42618,group_31785,train
42619,group_31789,train
42620,group_31795,test
42621,group_31796,train
42622,group_31796,train
42623,group_31796,train
42624,group_31796,train
42625,group_31796,train
42626,group_31796,train
42628,group_31796,train
42629,group_31796,train
42631,group_31804,train
42632,group_31804,train
42633,group_31804,train
42634,group_31804,train
42635,group_31804,train
42636,group_31809,train
42637,group_31809,train
42639,group_31809,train
42640,group_31812,test
42641,group_18094,train
42642,group_18094,train
42643,group_18115,train
42644,group_31816,train
42645,group_31817,train
42646,group_31818,train
42647,group_31819,train
42648,group_31820,train
42649,group_31821,train
42650,group_31822,train
42651,group_31823,train
42652,group_31821,train
42653,group_31820,train
42654,group_31826,test
42655,group_31827,train
42656,group_31826,test
42657,group_31829,train
42658,group_31830,test
42659,group_31816,train
42660,group_31832,train
42661,group_31826,test
42662,group_31834,validation
42663,group_31818,train
42664,group_31832,train
42665,group_31837,train
42666,group_31816,train
42667,group_31830,test
42668,group_31816,train
42669,group_31841,train
42670,group_31821,train
42671,group_31816,train
42672,group_31822,train
42673,group_31832,train
42674,group_31826,test
42675,group_31821,train
42676,group_31821,train
42677,group_31816,train
42678,group_31850,train
42679,group_31851,test
42680,group_31852,train
42681,group_31830,test
42682,group_31854,test
42683,group_31826,test
42684,group_31826,test
42685,group_31826,test
42686,group_31826,test
42688,group_26415,train
42689,group_31860,train
42690,group_31861,train
42691,group_26415,train
42692,group_31863,train
42693,group_31864,test
42694,group_26412,train
42695,group_26414,validation
42696,group_31867,train
42697,group_26414,validation
42698,group_26415,train
42699,group_31867,train
42700,group_31871,validation
42701,group_31867,train
42703,group_31873,train
42705,group_26412,train
42708,group_31875,test
42713,group_26415,train
42717,group_26415,train
42718,group_26412,train
42720,group_26412,train
42722,group_31880,train
42723,group_26417,train
42724,group_26412,train
42725,group_26415,train
42727,group_31884,train
42728,group_26415,train
42729,group_31886,train
42730,group_31887,train
42731,group_26415,train
42732,group_31867,train
42733,group_26412,train
42736,group_26415,train
42737,group_26412,train
42738,group_31893,train
42740,group_31894,train
42749,group_12958,train
42750,group_12962,test
42777,group_442,train
42778,group_31898,train
42801,group_31899,test
42802,group_31900,train
42804,group_31901,train
42805,group_31902,train
42806,group_31903,test
42807,group_31904,validation
42808,group_31905,train
42809,group_31906,train
42810,group_31907,validation
42811,group_31908,train
42812,group_31901,train
42813,group_31904,validation
42814,group_31901,train
42815,group_31906,train
42816,group_31901,train
42817,group_31907,validation
42818,group_31901,train
42819,group_31904,validation
42820,group_31903,test
42821,group_31918,validation
42822,group_31919,train
42823,group_31901,train
42824,group_31908,train
42825,group_31902,train
42826,group_31905,train
42827,group_31902,train
42828,group_31925,train
42829,group_31926,test
42830,group_31927,train
42831,group_31928,train
42832,group_31929,train
42833,group_31930,train
42834,group_31931,validation
42835,group_31932,train
42836,group_31933,validation
42837,group_31934,train
42838,group_31935,test
42839,group_31936,train
42840,group_31935,test
42841,group_31938,train
42842,group_31935,test
42843,group_31940,train
42844,group_31935,test
42845,group_31942,train
42846,group_31943,train
42847,group_31944,train
42848,group_31945,train
42849,group_31946,validation
42850,group_31947,train
42851,group_31938,train
42852,group_31949,train
42853,group_31950,train
42854,group_31951,train
42855,group_31952,train
42856,group_31953,validation
42857,group_31954,train
42858,group_31955,train
42859,group_31956,train
42860,group_31957,test
42861,group_31958,train
42862,group_31959,train
42863,group_23882,test
42864,group_31961,train
42865,group_31962,train
42866,group_31963,train
42867,group_31964,train
42868,group_31965,train
42869,group_31935,test
42870,group_31967,train
42871,group_31968,test
42872,group_31959,train
42873,group_31936,train
42874,group_31965,train
42875,group_31944,train
42876,group_31946,validation
42877,group_31974,train
42878,group_23882,test
42879,group_31976,validation
42880,group_31977,train
42881,group_31978,train
42882,group_31955,train
42883,group_31965,train
42884,group_31947,train
42885,group_31982,train
42886,group_31983,train
42887,group_31947,train
42888,group_31985,train
42889,group_31986,train
42890,group_31965,train
42891,group_31988,train
42892,group_31946,validation
42893,group_31946,validation
42894,group_31991,train
42895,group_31992,train
42896,group_31993,train
42897,group_31994,train
42898,group_31993,train
42899,group_31996,train
42900,group_31997,train
42901,group_31998,train
42902,group_31999,train
42903,group_32000,train
42904,group_32001,train
42905,group_32002,train
42906,group_32003,train
42907,group_32004,train
42908,group_32005,validation
42909,group_31992,train
42910,group_32001,train
42911,group_32005,validation
42912,group_31994,train
42913,group_32005,validation
42914,group_31998,train
42915,group_31996,train
42916,group_32013,validation
42917,group_32014,train
42918,group_32015,train
42919,group_32015,train
42920,group_32017,train
42921,group_32015,train
42922,group_32019,train
42923,group_32015,train
42924,group_32015,train
42925,group_32015,train
42926,group_32023,validation
42927,group_32024,train
42928,group_32025,train
42929,group_32026,train
42930,group_32027,train
42931,group_32027,train
42933,group_32029,train
42934,group_32030,train
42935,group_32031,train
42936,group_32031,train
42937,group_32033,train
42938,group_32033,train
42939,group_32035,test
42940,group_32036,test
42941,group_32037,train
42942,group_32038,test
42943,group_32039,test
42944,group_32035,test
42945,group_32039,test
42946,group_32035,test
42947,group_32039,test
42948,group_32044,train
42949,group_32045,validation
42950,group_32039,test
42951,group_32047,train
42952,group_32045,validation
42953,group_32044,train
42954,group_32039,test
42955,group_32051,train
42956,group_32052,train
42957,group_32035,test
42958,group_32039,test
42959,group_32035,test
42960,group_32035,test
42961,group_32039,test
42962,group_32035,test
42963,group_32035,test
42964,group_32060,validation
42965,group_32027,train
42966,group_32027,train
42967,group_32027,train
42969,group_32064,train
42970,group_32065,train
42971,group_32066,train
42972,group_32067,validation
42973,group_32068,validation
42974,group_32069,validation
42975,group_32070,validation
42976,group_32071,train
42977,group_32070,validation
42978,group_32073,train
42979,group_32074,test
42980,group_32075,train
42981,group_32076,test
42982,group_32073,train
42983,group_32078,train
42984,group_19617,train
42985,group_32080,test
42986,group_32081,train
42987,group_32082,train
42988,group_32083,train
42989,group_32084,train
42990,group_32085,train
42991,group_32086,validation
42992,group_19669,test
42993,group_32088,test
42994,group_32089,train
42995,group_32090,train
42996,group_32091,train
42997,group_32092,validation
42998,group_32093,test
42999,group_32094,train
43000,group_32095,train
43001,group_32096,train
43002,group_32097,validation
43003,group_32098,train
43004,group_32099,train
43005,group_32100,train
43006,group_32101,train
43007,group_32102,train
43008,group_32103,test
43009,group_32104,train
43010,group_32105,train
43011,group_32106,train
43013,group_32107,train
43014,group_32108,train
43015,group_32109,validation
43020,group_32110,train
43023,group_32110,train
43025,group_32109,validation
43030,group_4728,train
43032,group_21278,train
43033,group_21287,test
43034,group_21284,train
43036,group_30452,test
43037,group_30449,train
43041,group_23957,train
43042,group_23957,train
43043,group_22970,train
43044,group_32122,validation
43045,group_32123,train
43046,group_32124,train
43047,group_32125,test
43049,group_32126,train
43050,group_32127,test
43051,group_32128,test
43052,group_32129,train
43053,group_17485,validation
43054,group_32131,train
43055,group_32132,validation
43056,group_32133,validation
43059,group_32134,test
43060,group_32135,train
43061,group_32136,train
43062,group_32137,train
43063,group_32138,train
43064,group_32136,train
43065,group_32140,test
43066,group_32141,train
43067,group_32142,train
43068,group_32138,train
43069,group_32144,train
43070,group_32145,train
43071,group_32146,validation
43072,group_23585,train
43073,group_32148,train
43074,group_29200,validation
43075,group_32150,test
43076,group_29200,validation
43077,group_32150,test
43078,group_32153,train
43079,group_32154,validation
43080,group_32155,train
43081,group_32156,train
43082,group_23566,train
43083,group_23565,train
43084,group_32159,train
43085,group_32160,train
43088,group_32161,train
43089,group_32162,train
43091,group_32163,test
43092,group_32164,test
43094,group_32165,validation
43098,group_32166,train
43099,group_20673,train
43100,group_20673,train
43101,group_20675,train
43102,group_32170,train
43103,group_32171,train
43104,group_32172,validation
43105,group_32173,train
43106,group_32174,train
43107,group_32175,train
43109,group_32176,test
43111,group_32177,train
43113,group_32178,train
43116,group_32179,test
43119,group_23882,test
43120,group_23882,test
43122,group_32182,train
43124,group_32183,train
43125,group_32184,train
43129,group_32185,train
43130,group_32186,train
43131,group_32187,train
43132,group_32188,train
43135,group_32189,validation
43137,group_32190,train
43147,group_32191,test
43148,group_32192,train
43149,group_32193,train
43150,group_21905,validation
43151,group_32195,test
43152,group_5533,train
43153,group_32197,validation
43154,group_32198,train
43155,group_32199,train
43156,group_19792,train
43157,group_32199,train
43158,group_5569,test
43159,group_32203,train
43160,group_32199,train
43161,group_19791,train
43162,group_19792,train
43163,group_32207,validation
43164,group_5533,train
43165,group_32209,train
43166,group_32210,validation
43167,group_32198,train
43168,group_32199,train
43169,group_32213,train
43170,group_19768,train
43171,group_32199,train
43172,group_32199,train
43173,group_21905,validation
43174,group_32218,test
43175,group_5533,train
43176,group_21905,validation
43177,group_21905,validation
43178,group_32222,train
43179,group_32207,validation
43180,group_21905,validation
43181,group_32195,test
43182,group_21905,validation
43183,group_5533,train
43184,group_32228,test
43185,group_32229,test
43186,group_32222,train
43187,group_21905,validation
43188,group_32232,test
43189,group_32203,train
43190,group_5569,test
43191,group_5569,test
43192,group_19791,train
43193,group_32207,validation
43194,group_32238,validation
43195,group_32199,train
43196,group_5569,test
43197,group_32241,train
43198,group_32199,train
43199,group_32243,train
43200,group_32244,train
43201,group_32218,test
43202,group_32218,test
43203,group_32218,test
43204,group_21905,validation
43205,group_32218,test
43206,group_21905,validation
43207,group_32241,train
43208,group_32241,train
43209,group_32218,test
43210,group_32218,test
43211,group_19773,train
43212,group_5569,test
43213,group_32203,train
43214,group_32199,train
43215,group_5569,test
43216,group_32199,train
43217,group_32199,train
43218,group_32262,train
43219,group_19792,train
43220,group_32264,test
43221,group_32265,train
43222,group_3553,train
43223,group_32267,train
43224,group_32267,train
43225,group_32269,train
43226,group_32270,train
43227,group_27825,validation
43228,group_32272,validation
43229,group_28261,train
43230,group_32274,validation
43231,group_32275,train
43232,group_32276,validation
43233,group_32277,train
43234,group_32278,train
43235,group_32278,train
43236,group_32280,train
43237,group_32281,train
43239,group_32282,train
43240,group_32283,test
43241,group_32284,train
43242,group_32285,test
43246,group_22380,test
43249,group_32287,validation
43252,group_29593,train
43253,group_32289,train
43254,group_32290,validation
43255,group_14021,test
43256,group_32292,test
43257,group_29574,validation
43258,group_14006,train
43259,group_29583,train
43260,group_32290,validation
43261,group_32289,train
43262,group_29580,train
43263,group_29574,validation
43264,group_29574,validation
43265,group_32301,test
43266,group_14021,test
43267,group_32301,test
43268,group_32290,validation
43269,group_32290,validation
43270,group_29593,train
43271,group_1308,train
43273,group_1308,train
43275,group_32309,train
43277,group_28370,train
43280,group_17015,train
43281,group_21356,train
43285,group_32313,train
43286,group_32314,train
43288,group_32315,train
43289,group_32316,train
43290,group_32317,validation
43291,group_32318,train
43292,group_32319,validation
43293,group_32320,validation
43294,group_32321,train
43297,group_28266,train
43298,group_32323,train
43299,group_32324,train
43300,group_32325,test
43301,group_32326,train
43302,group_32327,train
43303,group_7449,test
43304,group_15335,train
43305,group_32330,train
43306,group_32331,test
43307,group_15335,train
43308,group_32330,train
43309,group_32334,train
43310,group_32335,train
43311,group_32336,train
43312,group_32337,test
43313,group_32337,test
43314,group_32339,train
43315,group_19201,train
43316,group_19198,test
43317,group_32342,test
43318,group_32343,validation
43319,group_7458,train
43320,group_19218,train
43321,group_15282,validation
43322,group_19198,test
43323,group_19198,test
43324,group_7458,train
43325,group_15282,validation
43326,group_32351,train
43327,group_15221,train
43328,group_15214,validation
43329,group_19218,train
43330,group_32355,train
43331,group_32356,train
43332,group_32357,test
43333,group_19008,train
43334,group_21363,test
43335,group_32360,train
43336,group_32361,test
43337,group_32362,validation
43339,group_32363,validation
43340,group_32364,validation
43341,group_32365,train
43342,group_32366,train
43343,group_32367,validation
43345,group_32368,test
43346,group_20628,train
43348,group_32370,train
43349,group_32371,train
43350,group_32372,train
43352,group_32373,train
43353,group_32372,train
43354,group_32375,train
43355,group_32376,test
43356,group_32377,train
43357,group_32378,train
43359,group_32379,test
43360,group_32380,train
43362,group_32381,train
43363,group_32382,train
43364,group_32383,validation
43365,group_32384,train
43366,group_32385,train
43367,group_32386,train
43368,group_32387,train
43369,group_32388,test
43370,group_32389,train
43371,group_32390,validation
43372,group_32391,train
43373,group_32392,validation
43374,group_32392,validation
43375,group_32388,test
43377,group_32395,test
43378,group_32396,train
43379,group_32397,test
43380,group_32397,test
43381,group_32399,train
43382,group_23333,train
43383,group_32401,validation
43384,group_32402,test
43386,group_19320,train
43387,group_19320,train
43388,group_19320,train
43389,group_19320,train
43390,group_19320,train
43391,group_32408,test
43392,group_32409,train
43393,group_32409,train
43394,group_32409,train
43395,group_32412,train
43397,group_19320,train
43398,group_32414,validation
43399,group_32415,train
43400,group_32416,test
43401,group_32416,test
43402,group_32416,test
43404,group_32416,test
43405,group_32416,test
43406,group_30454,train
43410,group_30454,train
43411,group_22734,validation
43420,group_19116,train
43421,group_32425,test
43422,group_32426,train
43432,group_32427,train
43435,group_32428,train
43437,group_32429,train
43457,group_32430,train
43460,group_32431,train
43461,group_32432,train
43462,group_27612,train
43463,group_27612,train
43464,group_27608,test
43465,group_32436,test
43466,group_27607,train
43467,group_27608,test
43468,group_27607,train
43469,group_32440,test
43470,group_32441,train
43471,group_32442,train
43472,group_27607,train
43473,group_17699,train
43474,group_32445,train
43475,group_32446,train
43476,group_17699,train
43477,group_17699,train
43478,group_17711,validation
43479,group_32446,train
43480,group_17699,train
43481,group_32452,train
43482,group_32453,train
43483,group_32454,test
43484,group_32455,train
43485,group_32456,train
43486,group_32457,train
43487,group_32458,train
43488,group_32459,validation
43489,group_32460,train
43490,group_32461,train
43491,group_32462,train
43492,group_32463,test
43493,group_32464,train
43494,group_32465,test
43495,group_32466,validation
43496,group_32467,train
43497,group_32461,train
43498,group_32469,train
43499,group_32465,test
43500,group_32462,train
43501,group_32469,train
43502,group_32469,train
43503,group_32464,train
43504,group_32475,train
43505,group_32476,train
43506,group_32465,test
43507,group_32478,train
43508,group_32479,train
43509,group_32480,test
43510,group_32481,test
43511,group_32482,validation
43512,group_32483,train
43513,group_32484,test
43514,group_32485,train
43515,group_32483,train
43516,group_32487,test
43517,group_32487,test
43518,group_32489,train
43519,group_32490,validation
43520,group_32491,train
43521,group_32492,validation
43522,group_32493,train
43523,group_32494,validation
43524,group_32495,train
43525,group_32496,validation
43526,group_32497,train
43527,group_32498,train
43528,group_32499,validation
43529,group_32500,train
43530,group_32487,test
43531,group_32502,train
43532,group_32503,test
43533,group_32504,train
43534,group_32505,validation
43535,group_32504,train
43536,group_32505,validation
43537,group_32508,train
43538,group_32509,train
43539,group_32510,train
43540,group_25715,train
43543,group_32512,train
43544,group_21290,train
43545,group_29367,train
43546,group_32515,train
43547,group_29367,train
43548,group_17762,train
43552,group_32518,train
43553,group_32519,test
43554,group_32520,train
43555,group_32520,train
43556,group_32522,train
43557,group_32523,train
43558,group_32524,train
43559,group_22645,train
43560,group_32526,train
43561,group_22645,train
43562,group_14286,test
43563,group_22643,validation
43564,group_22643,validation
43565,group_32531,test
43566,group_32532,train
43567,group_32533,train
43568,group_32534,test
43569,group_32535,train
43570,group_19857,train
43571,group_32537,test
43572,group_19857,train
43573,group_31023,train
43574,group_31023,train
43575,group_31023,train
43576,group_31023,train
43577,group_31022,test
43578,group_31022,test
43579,group_31696,test
43581,group_31019,train
43582,group_31019,train
43584,group_23957,train
43585,group_23957,train
43586,group_31017,test
43587,group_32551,train
43588,group_31024,train
43589,group_31025,validation
43590,group_31015,train
43592,group_31016,train
43593,group_31016,train
43598,group_32557,train
43613,group_32558,train
43614,group_32559,test
43615,group_32560,train
43616,group_32561,train
43617,group_32562,train
43618,group_32563,train
43619,group_32564,train
43620,group_32565,validation
43621,group_25808,test
43622,group_32565,validation
43623,group_25808,test
43624,group_32563,train
43625,group_32570,train
43627,group_32571,train
43628,group_25806,train
43629,group_32573,train
43630,group_32574,train
43631,group_32575,validation
43632,group_32576,train
43633,group_32577,train
43634,group_32578,train
43635,group_32579,train
43636,group_32564,train
43637,group_32581,validation
43638,group_25808,test
43639,group_32583,validation
43640,group_32563,train
43641,group_25806,train
43642,group_32565,validation
43643,group_32587,validation
43644,group_32576,train
43645,group_32589,train
43646,group_32590,train
43647,group_32591,validation
43648,group_32592,train
43649,group_32593,train
43650,group_32591,validation
43651,group_32595,train
43652,group_32596,train
43653,group_32597,train
43654,group_32598,train
43655,group_32599,train
43656,group_32600,train
43657,group_32601,train
43658,group_32602,train
43659,group_32596,train
43660,group_32604,train
43661,group_32605,train
43662,group_32606,train
43663,group_32607,train
43664,group_32608,test
43665,group_32604,train
43666,group_32610,validation
43667,group_32611,validation
43668,group_32608,test
43669,group_32613,train
43670,group_32613,train
43671,group_32615,train
43672,group_32597,train
43673,group_32617,validation
43674,group_32618,train
43675,group_32619,train
43676,group_32620,validation
43677,group_32621,train
43678,group_32622,train
43679,group_32623,validation
43680,group_32624,validation
43681,group_32625,train
43682,group_26109,train
43683,group_26121,test
43685,group_26111,train
43686,group_26111,train
43687,group_26119,train
43688,group_26119,train
43689,group_26108,train
43690,group_26108,train
43691,group_31280,train
43692,group_26111,train
43693,group_26111,train
43694,group_31281,train
43695,group_31274,validation
43696,group_31274,validation
43697,group_26111,train
43698,group_31274,validation
43699,group_31300,train
43700,group_31282,train
43701,group_31302,validation
43702,group_31290,validation
43703,group_32646,train
43704,group_32647,train
43705,group_32648,train
43706,group_32649,test
43707,group_32650,train
43710,group_32651,train
43711,group_32651,train
43714,group_32651,train
43715,group_32651,train
43716,group_32651,train
43718,group_32656,train
43721,group_32651,train
43722,group_32651,train
43723,group_32651,train
43724,group_32651,train
43727,group_32651,train
43730,group_32662,train
43731,group_32663,validation
43734,group_32664,train
43735,group_32651,train
43737,group_32651,train
43740,group_32664,train
43744,group_32668,train
43745,group_32669,train
43748,group_32651,train
43749,group_32651,train
43751,group_32651,train
43753,group_32651,train
43754,group_32674,train
43755,group_32651,train
43756,group_32651,train
43757,group_32677,train
43759,group_32678,train
43760,group_32679,train
43763,group_32680,test
43765,group_32681,train
43768,group_32678,train
43769,group_32683,train
43770,group_32680,test
43771,group_32685,train
43772,group_32686,train
43773,group_32679,train
43776,group_32688,test
43777,group_32689,train
43778,group_32690,train
43779,group_32681,train
43780,group_32692,train
43783,group_32686,train
43784,group_32694,train
43786,group_32678,train
43787,group_32692,train
43788,group_32690,train
43789,group_32690,train
43790,group_32699,train
43791,group_32700,train
43792,group_32701,train
43793,group_32681,train
43794,group_32703,train
43795,group_32704,validation
43796,group_32678,train
43797,group_32699,train
43798,group_32678,train
43802,group_32692,train
43803,group_32709,train
43806,group_32681,train
43808,group_32711,train
43811,group_32692,train
43812,group_32694,train
43813,group_32683,train
43814,group_32681,train
43815,group_32716,train
43816,group_32717,train
43817,group_32718,train
43818,group_32719,train
43819,group_32689,train
43820,group_32699,train
43821,group_32678,train
43822,group_32681,train
43825,group_32683,train
43826,group_32725,train
43827,group_32694,train
43828,group_32692,train
43829,group_32692,train
43830,group_32690,train
43831,group_32681,train
43835,group_32694,train
43837,group_32686,train
43838,group_32690,train
43841,group_32699,train
43842,group_32678,train
43844,group_32679,train
43846,group_32683,train
43848,group_32679,train
43849,group_32688,test
43850,group_32683,train
43851,group_32692,train
43852,group_32704,validation
43855,group_32690,train
43856,group_32744,train
43857,group_32690,train
43858,group_32692,train
43859,group_32679,train
43860,group_32690,train
43861,group_32694,train
43862,group_32694,train
43863,group_32690,train
43864,group_32690,train
43865,group_32679,train
43866,group_32690,train
43867,group_32681,train
43869,group_32694,train
43870,group_32681,train
43871,group_32758,train
43872,group_32759,train
43873,group_32760,train
43874,group_32761,train
43875,group_32762,train
43876,group_32763,train
43877,group_32764,train
43878,group_32765,validation
43879,group_32766,train
43880,group_32767,train
43881,group_32768,train
43882,group_32769,train
43883,group_32770,train
43884,group_32771,train
43885,group_32772,train
43886,group_32773,train
43887,group_32774,train
43888,group_32775,train
43889,group_32776,train
43890,group_32777,train
43891,group_32778,train
43893,group_32779,test
43897,group_32780,train
43904,group_25429,train
43908,group_22296,train
43909,group_18094,train
43910,group_32784,train
43911,group_32785,train
43912,group_32786,train
43913,group_32787,train
43914,group_32788,validation
43915,group_32789,train
43916,group_32790,train
43917,group_32791,train
43918,group_32792,validation
43919,group_32793,train
43920,group_32794,train
43921,group_20083,test
43922,group_32796,train
43923,group_32796,train
43924,group_32798,test
43925,group_32799,validation
43927,group_11766,train
43928,group_21265,train
43929,group_32802,train
43930,group_32803,train
43931,group_32802,train
43932,group_938,train
43933,group_934,test
43934,group_934,test
43935,group_21265,train
43936,group_934,test
43937,group_32810,train
43938,group_32811,train
43939,group_14690,test
43940,group_11766,train
43941,group_10792,train
43942,group_32815,validation
43943,group_934,test
43944,group_951,test
43945,group_10792,train
43946,group_14709,train
43947,group_20888,train
43948,group_11766,train
43949,group_934,test
43950,group_14702,train
43951,group_20888,train
43952,group_10758,train
43953,group_32826,train
43955,group_30454,train
43956,group_32828,train
43957,group_32829,train
43958,group_32830,test
43959,group_32831,test
43960,group_22956,train
43962,group_32833,train
43963,group_32834,train
43965,group_32835,train
43966,group_18193,train
43967,group_32837,train
43968,group_32838,train
43969,group_32839,train
43970,group_32839,train
43971,group_32841,train
43972,group_32841,train
43973,group_32843,train
43974,group_32844,train
43975,group_18193,train
43977,group_32846,train
43978,group_32847,train
43979,group_32848,train
43980,group_32848,train
43981,group_32850,test
43983,group_32851,train
43986,group_32852,train
43987,group_18210,train
43988,group_18212,validation
43990,group_32855,train
43991,group_32856,train
43992,group_32857,train
43993,group_32858,train
43994,group_32859,train
43996,group_32860,train
43998,group_32861,train
44000,group_32862,train
44001,group_32848,train
44002,group_32864,train
44003,group_32864,train
44004,group_32866,test
44005,group_32866,test
44006,group_32868,train
44007,group_32869,train
44008,group_32870,train
44009,group_32871,train
44010,group_32848,train
44011,group_32848,train
44012,group_32864,train
44013,group_32848,train
44014,group_32876,test
44015,group_32877,train
44016,group_32878,train
44017,group_32879,test
44018,group_32880,train
44020,group_32881,train
44022,group_32882,test
44023,group_32882,test
44024,group_32884,train
44025,group_18231,test
44026,group_32886,test
44027,group_32887,train
44028,group_32888,train
44029,group_32886,test
44030,group_32890,test
44031,group_32891,train
44032,group_32892,train
44034,group_32893,test
44035,group_32881,train
44036,group_32895,train
44037,group_32896,test
44038,group_18231,test
44039,group_32898,train
44040,group_32899,train
44041,group_32900,train
44042,group_32901,validation
44044,group_32893,test
44045,group_32903,train
44046,group_32903,train
44048,group_32903,train
44049,group_32906,train
44050,group_18228,validation
44051,group_32899,train
44052,group_32909,test
44053,group_32886,test
44054,group_32911,train
44055,group_32912,train
44056,group_32913,train
44057,group_32914,train
44058,group_18230,train
44063,group_32916,train
44065,group_18234,train
44068,group_32918,train
44069,group_32919,train
44070,group_32920,train
44071,group_32920,train
44072,group_32922,train
44073,group_32923,validation
44074,group_32924,train
44075,group_32886,test
44076,group_32926,train
44081,group_32927,train
44083,group_32928,train
44084,group_32928,train
44085,group_32930,train
44090,group_32909,test
44091,group_32932,validation
44092,group_32933,train
44093,group_18234,train
44094,group_32935,train
44095,group_32936,train
44096,group_32937,train
44097,group_32886,test
44098,group_32939,train
44099,group_32940,train
44100,group_32941,train
44101,group_18236,train
44102,group_32943,train
44103,group_32943,train
44106,group_32945,validation
44107,group_32946,validation
44112,group_32947,train
44113,group_32948,test
44114,group_32949,validation
44115,group_32950,validation
44116,group_32951,train
44117,group_32952,train
44118,group_32953,train
44122,group_32954,train
44123,group_32954,train
44124,group_32956,train
44125,group_32956,train
44126,group_32958,train
44127,group_32959,train
44128,group_32960,test
44130,group_32961,train
44131,group_32962,train
44132,group_18193,train
44133,group_32844,train
44134,group_32965,train
44135,group_32966,train
44136,group_32967,train
44137,group_32968,test
44138,group_32969,train
44139,group_32969,train
44140,group_32928,train
44142,group_32972,train
44143,group_32973,train
44144,group_32973,train
44146,group_32975,train
44147,group_32976,train
44148,group_32977,train
44149,group_32978,validation
44150,group_32979,test
44151,group_32980,train
44152,group_32981,train
44153,group_32982,validation
44154,group_32983,train
44155,group_32984,train
44156,group_32985,train
44157,group_32986,validation
44158,group_32987,train
44159,group_32988,test
44161,group_32989,train
44162,group_32990,train
44163,group_32991,validation
44164,group_32992,train
44165,group_32993,train
44166,group_32994,train
44167,group_32995,train
44168,group_32996,train
44169,group_32997,validation
44170,group_32998,train
44171,group_32999,train
44172,group_33000,test
44173,group_33001,train
44174,group_33002,train
44175,group_33003,train
44176,group_33004,train
44177,group_33005,train
44178,group_33006,validation
44179,group_33007,train
44180,group_33008,validation
44181,group_33009,train
44182,group_33010,train
44183,group_33011,train
44184,group_33012,test
44185,group_33013,train
44186,group_33014,validation
44187,group_33015,train
44188,group_31400,train
44189,group_31396,validation
44190,group_31398,train
44191,group_31398,train
44192,group_31396,validation
44193,group_31398,train
44194,group_31398,train
44195,group_31400,train
44196,group_31396,validation
44197,group_31399,train
44198,group_31400,train
44199,group_33027,train
44200,group_31396,validation
44201,group_31400,train
44202,group_33030,train
44203,group_31396,validation
44204,group_33032,train
44205,group_33033,validation
44206,group_33027,train
44207,group_33035,validation
44208,group_33032,train
44209,group_31397,train
44210,group_33030,train
44211,group_33027,train
44212,group_31398,train
44213,group_33035,validation
44214,group_33030,train
44215,group_33043,train
44216,group_33035,validation
44217,group_33035,validation
44218,group_31400,train
44219,group_33047,validation
44220,group_33048,train
44221,group_33049,validation
44222,group_33050,train
44223,group_33051,train
44224,group_33052,test
44225,group_33053,train
44226,group_33054,train
44227,group_33055,train
44228,group_11917,test
44229,group_19622,train
44230,group_33058,test
44231,group_33059,train
44232,group_33060,train
44233,group_29278,train
44234,group_33062,train
44235,group_33063,train
44236,group_30954,train
44237,group_33065,test
44238,group_33066,test
44239,group_33067,train
44240,group_33068,train
44242,group_28660,train
44244,group_28660,train
44245,group_33071,train
44249,group_33072,train
44250,group_33072,train
44251,group_33071,train
44252,group_33075,train
44253,group_33076,train
44254,group_28663,train
44255,group_28663,train
44257,group_33079,train
44258,group_33080,train
44259,group_33081,train
44265,group_28656,train
44266,group_28673,train
44268,group_28656,train
44269,group_28656,train
44270,group_28656,train
44271,group_28656,train
44272,group_28656,train
44273,group_28656,train
44274,group_33090,train
44278,group_33091,train
44279,group_16509,validation
44280,group_16510,train
44282,group_33094,test
44284,group_33095,train
44285,group_33096,train
44287,group_33097,train
44288,group_33098,train
44289,group_33099,train
44290,group_33100,train
44292,group_33101,train
44293,group_33102,train
44304,group_33103,test
44309,group_33104,train
44310,group_33102,train
44311,group_33106,test
44313,group_33099,train
44315,group_33108,validation
44333,group_33101,train
44338,group_33110,test
44341,group_33110,test
44342,group_33112,train
44343,group_33113,train
44348,group_33114,test
44371,group_33115,train
44375,group_33116,train
44376,group_33116,train
44377,group_33118,validation
44378,group_33119,validation
44379,group_33120,train
44380,group_33121,train
44381,group_33122,train
44382,group_21074,validation
44383,group_33124,validation
44384,group_33125,train
44385,group_33126,train
44386,group_33127,train
44387,group_33128,train
44389,group_33129,train
44391,group_33130,train
44396,group_33131,train
44397,group_33132,train
44398,group_33133,train
44399,group_33134,train
44400,group_33135,train
44401,group_33133,train
44402,group_28106,train
44403,group_33138,train
44404,group_33139,train
44405,group_33140,train
44406,group_28103,train
44407,group_28106,train
44408,group_33143,validation
44410,group_4115,test
44411,group_4103,train
44412,group_4115,test
44413,group_4115,test
44414,group_11641,train
44415,group_4103,train
44416,group_4114,train
44417,group_4114,train
44418,group_4103,train
44419,group_23356,test
44420,group_33154,test
44421,group_33155,train
44422,group_33154,test
44424,group_33157,train
44425,group_33158,train
44426,group_33159,test
44427,group_33160,test
44428,group_33161,train
44429,group_33161,train
44433,group_33163,train
44434,group_33164,train
44435,group_33163,train
44436,group_33166,train
44437,group_33164,train
44440,group_33168,train
44441,group_33169,test
44442,group_33170,test
44443,group_33171,train
44444,group_33172,train
44445,group_33173,train
44446,group_33174,train
44447,group_33175,train
44448,group_27219,train
44454,group_33177,validation
44456,group_33177,validation
44458,group_33177,validation
44460,group_33180,validation
44461,group_33177,validation
44462,group_33182,train
44463,group_33183,train
44464,group_33184,test
44465,group_33185,train
44470,group_33186,test
44473,group_33187,train
44482,group_33164,train
44492,group_33163,train
44493,group_33190,train
44494,group_33191,train
44497,group_33192,train
44500,group_33193,train
44501,group_33194,validation
44502,group_33193,train
44503,group_33196,train
44509,group_33197,train
44510,group_3553,train
44511,group_26953,validation
44512,group_26953,validation
44516,group_33201,test
44517,group_33202,train
44518,group_26953,validation
44520,group_33204,validation
44521,group_26953,validation
44522,group_33206,train
44523,group_26955,train
44525,group_26953,validation
44528,group_26953,validation
44529,group_26953,validation
44530,group_26953,validation
44532,group_26953,validation
44533,group_26953,validation
44534,group_33206,train
44535,group_26953,validation
44537,group_26953,validation
44539,group_26953,validation
44541,group_26953,validation
44544,group_26953,validation
44545,group_26955,train
44546,group_26953,validation
44547,group_26955,train
44548,group_26953,validation
44549,group_26953,validation
44550,group_33225,train
44551,group_26953,validation
44552,group_26955,train
44553,group_26955,train
44554,group_26953,validation
44555,group_26955,train
44556,group_26953,validation
44559,group_26953,validation
44560,group_26953,validation
44561,group_26953,validation
44562,group_26955,train
44563,group_26953,validation
44564,group_26955,train
44565,group_26953,validation
44566,group_26955,train
44567,group_33240,validation
44568,group_26955,train
44569,group_26955,train
44570,group_26953,validation
44572,group_33244,train
44573,group_26955,train
44577,group_26953,validation
44578,group_33247,test
44579,group_33248,train
44580,group_33249,train
44581,group_33250,validation
44582,group_33251,train
44583,group_33252,test
44584,group_33253,train
44585,group_33254,train
44586,group_33255,train
44587,group_33256,test
44588,group_21278,train
44589,group_33258,train
44590,group_33258,train
44591,group_33258,train
44592,group_33258,train
44593,group_33258,train
44594,group_33258,train
44596,group_33264,train
44600,group_33265,train
44601,group_33266,train
44604,group_33267,train
44608,group_33267,train
44610,group_33269,validation
44611,group_33270,test
44612,group_33271,test
44613,group_33272,train
44614,group_33273,validation
44615,group_33274,train
44616,group_33275,validation
44618,group_33276,train
44619,group_33277,train
44621,group_33278,test
44622,group_33279,train
44623,group_33280,train
44624,group_33281,train
44625,group_17494,train
44626,group_33283,train
44627,group_33284,test
44628,group_33285,validation
44629,group_33286,train
44630,group_23556,test
44631,group_23595,validation
44632,group_33289,validation
44633,group_33290,train
44634,group_33291,train
44635,group_33292,train
44636,group_33293,validation
44637,group_33294,train
44638,group_33295,validation
44639,group_33296,train
44640,group_33297,validation
44642,group_21031,train
44643,group_33299,validation
44644,group_24790,train
44645,group_14427,validation
44646,group_33302,test
44647,group_33303,train
44648,group_24790,train
44649,group_33305,validation
44655,group_33306,test
44656,group_33307,train
44657,group_33308,validation
44658,group_33309,validation
44659,group_33310,train
44660,group_33310,train
44661,group_33312,train
44662,group_33313,test
44663,group_33314,train
44664,group_33315,train
44665,group_33314,train
44666,group_33314,train
44667,group_33318,train
44668,group_33319,train
44669,group_33320,test
44670,group_33321,train
44672,group_33322,train
44674,group_33323,train
44675,group_33324,train
44676,group_33320,test
44677,group_33326,train
44678,group_33327,test
44679,group_33328,train
44680,group_33329,train
44681,group_33330,test
44682,group_33331,validation
44683,group_33332,train
44684,group_33333,train
44686,group_33334,train
44687,group_33335,train
44688,group_33336,train
44689,group_33337,validation
44690,group_33333,train
44691,group_33339,train
44692,group_33340,test
44693,group_33341,train
44694,group_33342,train
44695,group_33343,validation
44696,group_33344,train
44697,group_33345,train
44698,group_33328,train
44699,group_33327,test
44700,group_33348,train
44701,group_33327,test
44702,group_33350,train
44703,group_33351,validation
44705,group_33348,train
44706,group_33348,train
44708,group_33354,train
44709,group_33355,train
44710,group_33356,test
44711,group_33357,train
44712,group_33358,train
44713,group_30959,train
44714,group_33360,test
44715,group_33361,train
44716,group_33362,test
44717,group_30963,train
44718,group_33364,test
44719,group_30959,train
44720,group_33366,train
44721,group_33367,train
44722,group_33368,train
44723,group_33369,train
44724,group_33370,test
44725,group_33371,train
44726,group_33372,train
44728,group_33373,test
44729,group_33374,test
44730,group_33374,test
44731,group_33376,validation
44732,group_33377,train
44733,group_33378,train
44734,group_33379,validation
44735,group_33380,test
44736,group_27240,train
44737,group_27247,train
44738,group_33383,train
44739,group_33383,train
44740,group_33385,train
44741,group_33385,train
44742,group_33387,validation
44743,group_33388,test
44744,group_33389,train
44745,group_33390,validation
44746,group_33391,test
44747,group_33392,train
44748,group_33393,train
44749,group_33394,train
44750,group_33395,validation
44751,group_33396,train
44752,group_33397,validation
44753,group_33398,train
44754,group_33399,train
44755,group_33400,test
44756,group_33401,train
44757,group_33402,validation
44758,group_33403,validation
44759,group_33404,test
44760,group_33405,train
44761,group_33397,validation
44762,group_33407,train
44763,group_33408,train
44764,group_33407,train
44765,group_33410,train
44766,group_33411,train
44767,group_33412,train
44768,group_33413,train
44769,group_33414,test
44770,group_33415,train
44771,group_33416,test
44772,group_33417,train
44773,group_29967,train
44774,group_33419,train
44775,group_29972,test
44776,group_33421,validation
44777,group_33422,train
44778,group_33423,validation
44779,group_33424,train
44780,group_33425,test
44781,group_33425,test
44782,group_33427,test
44783,group_33428,train
44784,group_33429,train
44785,group_33430,validation
44786,group_33431,train
44788,group_33432,train
44790,group_33433,train
44791,group_33433,train
44796,group_33435,train
44799,group_33436,train
44800,group_4206,validation
44801,group_33438,train
44802,group_33439,train
44803,group_33440,validation
44804,group_33436,train
44805,group_33442,train
44806,group_33443,train
44807,group_33444,train
44808,group_33445,train
44809,group_33436,train
44810,group_4206,validation
44811,group_33448,train
44812,group_33449,train
44813,group_33450,train
44814,group_33451,train
44815,group_18130,train
44816,group_18130,train
44817,group_33454,train
44821,group_33455,train
44824,group_33456,validation
44829,group_33457,train
44830,group_33458,validation
44831,group_33459,train
44832,group_33460,train
44833,group_33461,train
44834,group_33462,train
44835,group_33463,train
44836,group_33464,train
44837,group_33465,train
44838,group_33466,train
44839,group_33467,validation
44840,group_33468,train
44841,group_33469,train
44842,group_33470,train
44843,group_33471,train
44844,group_33472,train
44845,group_33473,train
44846,group_33474,train
44847,group_33475,test
44848,group_33476,validation
44849,group_33477,train
44850,group_18486,validation
44851,group_33479,train
44852,group_33480,validation
44853,group_33481,train
44854,group_19081,train
44855,group_33483,train
44856,group_33484,test
44857,group_20432,test
44858,group_20649,train
44859,group_33487,train
44860,group_20649,train
44861,group_24072,train
44862,group_33490,train
44863,group_33491,test
44864,group_33492,train
44865,group_33493,train
44866,group_33494,train
44867,group_33495,train
44868,group_33496,train
44869,group_20432,test
44870,group_33498,validation
44871,group_33499,train
44872,group_33500,train
44873,group_33501,train
44874,group_24070,validation
44875,group_33458,validation
44876,group_20454,test
44877,group_20649,train
44878,group_24043,test
44879,group_33507,train
44880,group_33508,validation
44881,group_13865,validation
44882,group_33510,train
44883,group_33511,train
44884,group_33512,train
44885,group_33513,train
44886,group_24054,train
44887,group_33515,train
44888,group_33483,train
44889,group_33517,train
44890,group_33518,train
44891,group_33518,train
44892,group_24054,train
44893,group_33521,train
44894,group_33522,train
44895,group_33523,validation
44896,group_33524,train
44897,group_33458,validation
44898,group_24054,train
44899,group_33507,train
44900,group_33528,train
44901,group_33507,train
44902,group_20435,validation
44903,group_33531,validation
44904,group_33532,train
44905,group_13865,validation
44906,group_33534,test
44907,group_33535,validation
44908,group_33536,train
44909,group_33537,train
44910,group_33538,train
44911,group_33539,test
44912,group_13865,validation
44913,group_33541,train
44914,group_33542,validation
44915,group_20433,train
44916,group_33544,train
44917,group_33542,validation
44918,group_33546,test
44919,group_20435,validation
44920,group_20435,validation
44921,group_33549,validation
44922,group_33550,train
44923,group_33551,train
44924,group_33551,train
44925,group_33553,train
44926,group_33554,train
44927,group_33555,validation
44928,group_33556,train
44929,group_33557,validation
44930,group_33551,train
44931,group_33551,train
44932,group_33551,train
44933,group_8745,train
44934,group_8753,train
44936,group_8752,test
44937,group_8752,test
44938,group_8752,test
44939,group_33566,train
44940,group_33567,validation
44941,group_33568,train
44942,group_24894,train
44943,group_33570,train
44944,group_31772,train
44945,group_28226,train
44947,group_33573,train
44948,group_33574,train
44949,group_33575,test
44950,group_33576,train
44951,group_33577,train
44952,group_33578,train
44953,group_33579,test
44954,group_33580,train
44955,group_33581,train
44956,group_33582,train
44957,group_33583,test
44958,group_33584,train
44959,group_33585,train
44960,group_33586,train
44961,group_33587,train
44962,group_27963,validation
44963,group_27970,train
44964,group_18063,validation
44965,group_18063,validation
44966,group_27970,train
44967,group_18063,validation
44968,group_18052,train
44969,group_27970,train
44970,group_33596,train
44971,group_33597,train
44974,group_18063,validation
44975,group_33599,validation
44976,group_33600,train
44977,group_27991,train
44978,group_33602,validation
44979,group_33603,train
44980,group_33600,train
44981,group_33605,validation
44982,group_18063,validation
44983,group_28007,validation
44984,group_18063,validation
44985,group_33602,validation
44986,group_28007,validation
44987,group_18063,validation
44988,group_33612,train
44989,group_28007,validation
44990,group_28007,validation
44991,group_28007,validation
44992,group_33616,train
44993,group_33616,train
44994,group_33618,test
44995,group_33618,test
44996,group_18063,validation
44997,group_33621,train
44998,group_33622,train
44999,group_33621,train
45000,group_33622,train
45001,group_33622,train
45002,group_33626,train
45003,group_33621,train
45004,group_33621,train
45005,group_33621,train
45006,group_33626,train
45007,group_33621,train
45008,group_33616,train
45009,group_33633,train
45010,group_33633,train
45011,group_33616,train
45012,group_33618,test
45013,group_33618,test
45014,group_33621,train
45015,group_33626,train
45016,group_33626,train
45017,group_33641,validation
45018,group_33599,validation
45019,group_33643,train
45020,group_33644,test
45021,group_33645,train
45022,group_33646,validation
45023,group_33647,train
45024,group_33648,validation
45025,group_33649,train
45026,group_33649,train
45027,group_33600,train
45028,group_33652,validation
45029,group_33622,train
45030,group_27963,validation
45031,group_18074,test
45032,group_33656,train
45033,group_27976,train
45034,group_18052,train
45035,group_33659,train
45036,group_33600,train
45037,group_33661,validation
45038,group_27992,validation
45039,group_27976,train
45040,group_27992,validation
45041,group_27976,train
45042,group_33661,validation
45043,group_27994,train
45044,group_33668,validation
45045,group_33669,train
45046,group_27963,validation
45047,group_27992,validation
45048,group_27991,train
45049,group_33673,train
45075,group_33674,train
45076,group_33675,train
45080,group_33676,train
45082,group_33677,train
45083,group_33678,train
45084,group_33679,train
45085,group_33680,train
45086,group_33681,train
45087,group_33682,validation
45088,group_33683,test
45089,group_33684,train
45091,group_33685,train
45092,group_33686,train
45093,group_33687,test
45094,group_33688,validation
45095,group_33689,train
45096,group_33690,validation
45097,group_33691,train
45098,group_33692,train
45100,group_33693,train
45102,group_33694,validation
45103,group_33695,train
45107,group_33696,train
45108,group_33697,train
45109,group_33698,test
45110,group_33699,validation
45111,group_33700,train
45112,group_33701,train
45113,group_33702,train
45114,group_33703,train
45115,group_33704,train
45116,group_33705,test
45117,group_33706,test
45118,group_33707,train
45119,group_33708,train
45120,group_33709,train
45121,group_33710,validation
45122,group_33711,test
45123,group_33712,train
45124,group_33713,validation
45125,group_33714,train
45126,group_33715,train
45127,group_33716,train
45128,group_33717,train
45129,group_33718,train
45130,group_33719,test
45131,group_33720,train
45132,group_33721,train
45133,group_33722,train
45134,group_33723,train
45135,group_33724,test
45136,group_33725,train
45137,group_33726,train
45138,group_33727,train
45139,group_33728,train
45140,group_33729,test
45141,group_33730,validation
45142,group_33731,train
45143,group_33732,train
45144,group_33733,test
45145,group_33734,train
45146,group_33735,validation
45147,group_33736,train
45148,group_33737,validation
45149,group_33738,train
45150,group_33739,train
45151,group_33740,train
45152,group_33741,train
45153,group_33742,train
45154,group_33743,train
45155,group_33744,train
45156,group_33745,train
45157,group_33746,train
45158,group_33747,train
45159,group_33748,train
45160,group_33749,train
45161,group_33750,train
45162,group_33751,train
45163,group_33752,train
45164,group_33753,validation
45165,group_33754,train
45166,group_33755,train
45167,group_33756,train
45168,group_33757,test
45169,group_33758,train
45170,group_33759,train
45171,group_33760,test
45172,group_33761,train
45173,group_33762,validation
45174,group_33763,train
45175,group_33764,train
45177,group_33765,validation
45178,group_33766,train
45179,group_33767,train
45185,group_33768,validation
45186,group_33769,train
45187,group_33770,train
45188,group_33771,train
45189,group_33772,train
45190,group_33773,train
45191,group_33774,train
45192,group_33775,train
45193,group_33776,train
45194,group_33777,train
45195,group_33778,train
45196,group_33779,train
45197,group_33780,validation
45198,group_33781,test
45199,group_33782,train
45200,group_33783,validation
45201,group_33784,train
45202,group_33785,test
45203,group_33786,train
45204,group_33787,train
45205,group_33788,validation
45206,group_33789,train
45207,group_33790,train
45208,group_33791,validation
45209,group_33792,test
45210,group_33793,train
45211,group_33794,validation
45212,group_33795,train
45213,group_33796,train
45214,group_33797,train
45215,group_33798,train
45216,group_33799,train
45217,group_33800,train
45218,group_33801,train
45219,group_33802,train
45220,group_33803,train
45221,group_33804,train
45222,group_33805,train
45223,group_33806,test
45224,group_33807,train
45225,group_33808,train
45226,group_33809,train
45227,group_33810,train
45228,group_33811,test
45229,group_33812,train
45230,group_33813,train
45231,group_33814,train
45232,group_33815,train
45233,group_33816,train
45234,group_33817,validation
45235,group_33818,test
45236,group_33819,validation
45237,group_33820,train
45238,group_33821,train
45239,group_33822,train
45240,group_33823,train
45242,group_33824,validation
45243,group_33825,train
45244,group_33826,train
45245,group_33827,validation
45246,group_33828,validation
45247,group_33829,test
45248,group_33830,train
45249,group_33831,test
45250,group_33832,train
45251,group_33833,train
45252,group_33834,train
45253,group_33835,train
45254,group_33836,train
45255,group_33837,test
45256,group_33838,train
45257,group_33839,train
45258,group_33840,validation
45259,group_33841,validation
45260,group_33842,train
45261,group_33843,train
45262,group_33844,train
45263,group_33845,train
45264,group_33846,train
45265,group_33847,validation
45266,group_33848,test
45268,group_33849,train
45269,group_33850,validation
45270,group_33851,test
45271,group_33852,test
45272,group_33853,train
45273,group_33854,train
45274,group_33855,train
45276,group_25689,test
45277,group_25687,validation
45278,group_25694,validation
45279,group_25705,test
45280,group_25699,validation
45281,group_25690,train
45282,group_33862,train
45283,group_33863,train
45285,group_33864,train
45286,group_33865,train
45287,group_33866,validation
45288,group_33867,validation
45289,group_33868,validation
45290,group_33869,validation
45291,group_33870,train
45292,group_33871,train
45293,group_33872,train
45294,group_33873,train
45295,group_33874,train
45296,group_33875,train
45297,group_33876,train
45298,group_33877,validation
45299,group_33878,train
45301,group_33879,train
45303,group_33879,train
45304,group_33881,train
45307,group_33882,train
45308,group_33879,train
45309,group_33879,train
45310,group_33879,train
45312,group_33879,train
45313,group_33879,train
45315,group_33879,train
45317,group_33879,train
45318,group_33879,train
45319,group_33891,train
45320,group_33892,validation
45321,group_33893,train
45322,group_33894,train
45323,group_33895,test
45324,group_33896,train
45325,group_33897,train
45326,group_33898,validation
45327,group_33899,train
45328,group_33891,train
45329,group_33901,train
45330,group_33902,test
45331,group_33903,test
45332,group_25634,train
45333,group_33905,train
45334,group_33906,train
45335,group_33907,validation
45336,group_33907,validation
45337,group_33909,train
45338,group_33910,validation
45339,group_33911,validation
45340,group_33912,validation
45341,group_33907,validation
45342,group_25630,train
45343,group_33915,train
45344,group_33916,validation
45345,group_33917,train
45346,group_33918,train
45347,group_33919,train
45348,group_25630,train
45349,group_25634,train
45350,group_25630,train
45351,group_25751,validation
45352,group_33924,train
45353,group_33919,train
45354,group_33918,train
45355,group_33919,train
45356,group_25630,train
45357,group_25751,validation
45358,group_25751,validation
45359,group_33918,train
45360,group_25630,train
45361,group_25751,validation
45362,group_33924,train
45363,group_33919,train
45364,group_33919,train
45365,group_25630,train
45366,group_25751,validation
45367,group_33917,train
45368,group_33918,train
45369,group_25630,train
45370,group_25751,validation
45371,group_33943,train
45372,group_33918,train
45373,group_25630,train
45374,group_33946,validation
45375,group_25632,test
45376,group_25751,validation
45377,group_33917,train
45378,group_26415,train
45379,group_33951,train
45380,group_33952,train
45382,group_26415,train
45383,group_33954,validation
45384,group_33955,test
45385,group_31861,train
45386,group_12952,train
45387,group_10094,train
45388,group_33959,train
45389,group_33960,train
45390,group_10095,validation
45391,group_26415,train
45392,group_26414,validation
45393,group_33964,train
45394,group_26415,train
45395,group_33966,validation
45396,group_31873,train
45398,group_31860,train
45399,group_33952,train
45400,group_33964,train
45401,group_33971,validation
45402,group_26414,validation
45403,group_26417,train
45404,group_26417,train
45405,group_31861,train
45406,group_26415,train
45407,group_26412,train
45408,group_33978,validation
45409,group_26417,train
45410,group_33951,train
45411,group_26415,train
45412,group_31873,train
45413,group_33983,train
45414,group_26415,train
45415,group_33951,train
45416,group_33986,train
45417,group_26415,train
45418,group_31860,train
45419,group_26417,train
45420,group_33990,train
45421,group_26417,train
45422,group_26412,train
45423,group_26415,train
45424,group_31860,train
45425,group_26415,train
45426,group_26412,train
45440,group_33997,train
45441,group_33997,train
45488,group_33999,train
45489,group_34000,test
45499,group_34001,train
45500,group_34002,train
45512,group_34003,train
45531,group_34004,train
45533,group_34003,train
45534,group_34006,train
45535,group_34006,train
45536,group_34008,train
45561,group_34009,train
45564,group_34010,train
45565,group_34011,test
45566,group_34012,train
45567,group_34013,train
45568,group_31697,train
45574,group_19014,train
45575,group_34016,test
45576,group_19014,train
45577,group_30043,train
45578,group_30044,train
45579,group_30043,train
45580,group_30043,train
45581,group_34022,test
45582,group_27207,train
45583,group_27213,train
45584,group_19014,train
45585,group_25397,train
45586,group_19014,train
45587,group_25397,train
45588,group_19014,train
45589,group_25397,train
45590,group_19014,train
45591,group_19014,train
45592,group_34016,test
45593,group_19014,train
45594,group_34035,test
45595,group_25397,train
45596,group_19014,train
45597,group_25397,train
45598,group_19014,train
45599,group_34016,test
45600,group_27207,train
45601,group_19014,train
45602,group_25397,train
45603,group_19014,train
45604,group_25397,train
45605,group_19014,train
45606,group_25397,train
45607,group_19014,train
45608,group_25397,train
45609,group_19014,train
45610,group_25397,train
45611,group_19014,train
45612,group_27208,validation
45613,group_25397,train
45614,group_19014,train
45615,group_27207,train
45616,group_19014,train
45617,group_25397,train
45618,group_34059,test
45619,group_30048,train
45620,group_27213,train
45622,group_4115,test
45623,group_4103,train
45624,group_4115,test
45625,group_4103,train
45626,group_34066,test
45627,group_34066,test
45628,group_34066,test
45629,group_34069,validation
45630,group_34070,train
45631,group_34071,train
45632,group_34072,train
45633,group_34073,train
45634,group_34074,train
45635,group_34075,train
45636,group_34076,test
45637,group_34072,train
45638,group_34078,train
45639,group_34079,train
45640,group_34074,train
45641,group_34081,train
45642,group_34082,validation
45643,group_34083,train
45644,group_34084,train
45645,group_34074,train
45646,group_34066,test
45647,group_34070,train
45648,group_34088,train
45649,group_34089,train
45650,group_34090,train
45651,group_34091,train
45652,group_34092,train
45653,group_34093,train
45654,group_34076,test
45655,group_34095,validation
45656,group_34090,train
45657,group_34097,train
45658,group_34098,test
45659,group_34099,train
45660,group_34100,validation
45661,group_34101,train
45662,group_34102,validation
45663,group_34103,train
45664,group_34104,train
45665,group_34105,train
45668,group_34106,train
45669,group_34107,train
45670,group_34108,train
45671,group_34109,train
45672,group_34110,test
45673,group_34109,train
45675,group_34112,test
45676,group_34113,train
45677,group_34114,train
45683,group_34115,validation
45685,group_34116,train
45687,group_23882,test
45690,group_34118,validation
45691,group_34119,train
45692,group_34120,train
45693,group_34121,train
45698,group_23882,test
45708,group_20108,validation
45709,group_34124,train
45710,group_20110,test
45711,group_34126,train
45712,group_34127,train
45715,group_34128,train
45716,group_34128,train
45717,group_34128,train
45718,group_34131,train
45719,group_34132,train
45720,group_34132,train
45721,group_34132,train
45723,group_18797,validation
45724,group_18805,train
45725,group_18799,train
45727,group_18814,validation
45731,group_18806,train
45732,group_18814,validation
45733,group_34141,validation
45735,group_18806,train
45736,group_18814,validation
45737,group_18803,train
45739,group_34145,train
45742,group_18797,validation
45748,group_18812,validation
45751,group_34141,validation
45752,group_18803,train
45757,group_18818,train
45758,group_34151,train
45759,group_34152,train
45760,group_34153,train
45761,group_34154,validation
45762,group_34155,validation
45763,group_34156,train
45764,group_34157,train
45765,group_34156,train
45766,group_34159,train
45767,group_34160,validation
45768,group_34157,train
45769,group_34157,train
45770,group_34163,test
45771,group_34164,validation
45772,group_34156,train
45773,group_34156,train
45774,group_34156,train
45775,group_31301,validation
45776,group_31286,test
45777,group_34170,train
45778,group_34171,train
45779,group_31290,validation
45780,group_31303,train
45781,group_34174,train
45782,group_34175,train
45783,group_34176,validation
45784,group_33177,validation
45785,group_33177,validation
45786,group_34176,validation
45788,group_33182,train
45789,group_34176,validation
45795,group_33177,validation
45796,group_34183,validation
45797,group_34184,test
45799,group_34185,validation
45800,group_34186,train
45802,group_27075,validation
45803,group_34188,train
45804,group_27075,validation
45806,group_33182,train
45809,group_27075,validation
45810,group_34188,train
45811,group_34193,validation
45815,group_34194,validation
45816,group_34195,train
45817,group_34196,train
45821,group_34197,train
45822,group_34193,validation
45823,group_34194,validation
45824,group_34200,train
45825,group_27075,validation
45826,group_34200,train
45829,group_34196,train
45831,group_34204,train
45832,group_34204,train
45834,group_34206,train
45835,group_34207,validation
45836,group_17105,train
45837,group_34209,train
45838,group_34210,train
45843,group_18989,test
45845,group_17105,train
45848,group_34213,train
45850,group_34207,validation
45856,group_28021,train
45859,group_8595,train
45861,group_28015,test
45863,group_8595,train
45864,group_9706,validation
45865,group_34220,train
45866,group_9714,train
45869,group_34222,validation
45870,group_18063,validation
45871,group_34224,train
45872,group_34225,test
45873,group_33599,validation
45874,group_33599,validation
45875,group_18063,validation
45876,group_18063,validation
45877,group_34230,train
45878,group_18063,validation
45879,group_18063,validation
45880,group_18063,validation
45881,group_18052,train
45882,group_18063,validation
45883,group_34230,train
45884,group_34237,train
45885,group_18052,train
45886,group_18063,validation
45887,group_34240,train
45888,group_33612,train
45889,group_18063,validation
45890,group_18052,train
45891,group_18063,validation
45892,group_33599,validation
45893,group_34246,train
45894,group_18052,train
45895,group_34248,validation
45896,group_33612,train
45897,group_33602,validation
45898,group_18063,validation
45899,group_33602,validation
45900,group_33659,train
45901,group_33602,validation
45902,group_18052,train
45903,group_34230,train
45904,group_33659,train
45905,group_18052,train
45906,group_18052,train
45907,group_33599,validation
45908,group_33612,train
45909,group_34262,test
45910,group_34263,train
45911,group_33602,validation
45912,group_28007,validation
45913,group_18063,validation
45914,group_18052,train
45915,group_34268,train
45916,group_18052,train
45917,group_34230,train
45918,group_18063,validation
45919,group_34230,train
45920,group_18063,validation
45921,group_18063,validation
45922,group_18063,validation
45923,group_33602,validation
45924,group_34277,train
45925,group_18063,validation
45926,group_34246,train
45927,group_34230,train
45928,group_18052,train
45929,group_18063,validation
45930,group_18052,train
45931,group_27963,validation
45932,group_34285,validation
45933,group_28007,validation
45934,group_28007,validation
45935,group_18063,validation
45936,group_34289,train
45937,group_18063,validation
45938,group_18052,train
45939,group_18063,validation
45940,group_18052,train
45941,group_34294,validation
45942,group_34295,train
45943,group_34296,train
45946,group_34297,validation
45947,group_30516,train
45949,group_30513,train
45954,group_30515,train
45955,group_30516,train
45958,group_34302,train
45959,group_34303,train
45960,group_34304,train
45962,group_34305,train
45963,group_34306,train
45964,group_34302,train
45965,group_34308,train
45968,group_34302,train
45969,group_34308,train
45970,group_34308,train
45972,group_34312,validation
45973,group_34313,train
45976,group_34308,train
45977,group_34305,train
45979,group_30514,train
45980,group_34317,train
45981,group_34308,train
45982,group_30516,train
45983,group_34317,train
45984,group_34321,train
45985,group_34321,train
45986,group_34323,train
45987,group_34324,train
45988,group_34323,train
45989,group_34324,train
45990,group_34327,train
45991,group_34328,test
45992,group_34329,test
45993,group_34330,train
45994,group_34331,test
45995,group_34332,train
45996,group_34333,validation
45997,group_34334,train
45998,group_34335,validation
45999,group_34336,validation
46000,group_34337,train
46001,group_34338,train
46002,group_34339,train
46003,group_34340,train
46004,group_34341,train
46005,group_34342,train
46006,group_34343,validation
46007,group_34344,train
46008,group_34345,train
46009,group_34346,test
46010,group_34345,train
46011,group_34348,train
46012,group_34349,validation
46013,group_34337,train
46014,group_23779,train
46015,group_23765,train
46016,group_23765,train
46017,group_34354,validation
46018,group_23755,train
46019,group_23765,train
46020,group_23831,test
46021,group_23831,test
46022,group_34359,train
46025,group_31778,train
46026,group_31778,train
46027,group_31778,train
46029,group_34363,train
46030,group_31778,train
46031,group_34365,test
46032,group_31787,train
46034,group_31785,train
46036,group_31785,train
46039,group_31787,train
46040,group_31785,train
46042,group_31785,train
46044,group_34372,train
46045,group_34372,train
46046,group_34374,train
46047,group_34372,train
46048,group_34372,train
46049,group_34372,train
46050,group_34372,train
46051,group_34372,train
46052,group_34372,train
46054,group_34381,train
46055,group_31809,train
46057,group_34383,train
46059,group_34384,test
46060,group_34385,train
46066,group_34386,train
46067,group_34386,train
46068,group_34388,train
46069,group_34388,train
46070,group_34388,train
46071,group_34388,train
46072,group_34388,train
46073,group_34388,train
46074,group_34394,train
46075,group_34388,train
46076,group_34396,train
46077,group_34397,validation
46079,group_34398,validation
46080,group_34399,train
46081,group_34400,train
46082,group_34401,train
46083,group_34402,train
46084,group_34403,train
46086,group_34404,train
46087,group_34405,test
46089,group_34406,validation
46090,group_34407,validation
46092,group_34408,train
46093,group_34409,train
46094,group_34410,train
46095,group_34411,train
46096,group_34412,test
46098,group_34413,train
46099,group_34414,train
46100,group_34415,train
46101,group_34416,train
46102,group_34417,train
46103,group_34418,validation
46104,group_34419,train
46105,group_34420,test
46106,group_34421,train
46107,group_34422,train
46108,group_34423,test
46109,group_34424,train
46110,group_34425,test
46111,group_34426,validation
46112,group_34427,test
46113,group_34428,train
46114,group_34429,train
46115,group_34430,train
46116,group_34431,train
46117,group_34432,train
46118,group_34433,test
46121,group_34434,validation
46122,group_34435,train
46123,group_34436,train
46124,group_34437,train
46125,group_34438,train
46126,group_34439,train
46128,group_34440,train
46129,group_34441,train
46130,group_34442,test
46132,group_34443,train
46133,group_34444,validation
46134,group_34442,test
46135,group_34444,validation
46137,group_34444,validation
46139,group_34448,train
46140,group_34449,train
46144,group_34450,validation
46145,group_34451,train
46147,group_34452,train
46150,group_34453,test
46151,group_34441,train
46152,group_34455,test
46153,group_34439,train
46154,group_34457,validation
46155,group_34458,train
46156,group_34452,train
46158,group_34453,test
46159,group_34461,train
46160,group_34462,test
46162,group_34441,train
46163,group_34439,train
46164,group_34465,validation
46165,group_34466,train
46167,group_34467,validation
46168,group_34439,train
46169,group_34440,train
46170,group_34436,train
46174,group_34440,train
46175,group_34453,test
46176,group_34473,train
46177,group_34474,train
46180,group_34475,validation
46182,group_34476,train
46184,group_34477,validation
46185,group_34478,train
46187,group_34478,train
46188,group_34477,validation
46190,group_34481,train
46192,group_34482,train
46195,group_34478,train
46198,group_34484,validation
46203,group_34485,validation
46205,group_34486,train
46207,group_34487,validation
46208,group_34485,validation
46210,group_34489,train
46212,group_34490,test
46215,group_34491,validation
46216,group_31156,train
46239,group_34493,test
46240,group_34494,train
46241,group_34495,train
46242,group_34496,train
46243,group_34497,train
46244,group_34498,test
46245,group_34499,train
46246,group_34500,train
46247,group_34501,train
46248,group_34502,train
46249,group_34501,train
46250,group_34504,test
46251,group_34505,train
46252,group_34506,train
46253,group_34507,train
46254,group_34501,train
46255,group_34509,train
46256,group_34510,train
46257,group_34511,train
46258,group_34512,validation
46259,group_34513,train
46261,group_34514,validation
46262,group_34515,test
46263,group_34516,train
46264,group_34517,train
46265,group_34518,validation
46266,group_34519,train
46267,group_34520,train
46268,group_34521,train
46269,group_34522,train
46270,group_34523,train
46271,group_34524,validation
46272,group_34525,train
46273,group_34526,validation
46274,group_34527,train
46275,group_34528,train
46276,group_34529,validation
46277,group_34530,train
46278,group_34531,train
46279,group_34532,train
46280,group_34514,validation
46281,group_34534,train
46282,group_34535,train
46283,group_34536,test
46284,group_34537,train
46285,group_34538,train
46286,group_34514,validation
46287,group_34540,train
46288,group_34541,train
46289,group_34542,train
46290,group_34543,test
46291,group_34544,train
46292,group_34545,train
46293,group_34546,train
46294,group_34547,train
46295,group_34548,train
46296,group_34549,validation
46297,group_34550,train
46298,group_34551,train
46299,group_34552,validation
46300,group_34553,train
46301,group_34554,validation
46302,group_34555,train
46303,group_34556,train
46304,group_34555,train
46305,group_34558,validation
46306,group_34559,train
46307,group_34560,validation
46308,group_34561,train
46309,group_34562,train
46310,group_34563,train
46311,group_34564,train
46312,group_34565,train
46313,group_34566,train
46314,group_34567,train
46315,group_34568,validation
46316,group_34569,train
46317,group_34570,train
46318,group_34571,test
46323,group_34572,train
46324,group_34573,validation
46325,group_34574,train
46326,group_34575,train
46327,group_34576,train
46328,group_34577,validation
46331,group_34578,train
46332,group_34579,validation
46333,group_34580,train
46334,group_34581,train
46335,group_34582,train
46336,group_34583,train
46337,group_34584,train
46338,group_34585,validation
46342,group_34586,train
46344,group_34586,train
46348,group_17683,train
46351,group_34589,train
46352,group_34590,train
46353,group_34591,train
46359,group_17683,train
46360,group_34593,train
46361,group_34594,test
46362,group_34595,train
46365,group_34596,train
46367,group_34597,validation
46376,group_34598,train
46377,group_34599,validation
46378,group_34600,train
46379,group_34601,test
46380,group_34602,train
46381,group_18475,train
46382,group_18652,train
46383,group_34605,train
46384,group_18475,train
46385,group_34607,train
46386,group_18652,train
46387,group_18768,train
46388,group_18784,train
46389,group_34611,train
46390,group_34612,train
46391,group_18475,train
46392,group_18475,train
46393,group_34615,train
46394,group_34599,validation
46395,group_34600,train
46396,group_34599,validation
46397,group_34619,train
46398,group_34620,train
46399,group_34621,train
46400,group_18767,test
46401,group_34623,train
46402,group_34624,train
46403,group_34625,validation
46404,group_18652,train
46405,group_34627,validation
46406,group_34607,train
46407,group_18482,train
46408,group_34630,validation
46409,group_18652,train
46410,group_34630,validation
46411,group_34605,train
46412,group_34634,train
46413,group_34635,train
46414,group_34636,train
46417,group_34637,train
46418,group_34638,validation
46419,group_34639,train
46420,group_34640,test
46422,group_25715,train
46423,group_34642,train
46424,group_34643,train
46425,group_34644,validation
46426,group_25715,train
46427,group_34637,train
46428,group_34637,train
46431,group_34648,train
46432,group_34649,train
46433,group_34648,train
46434,group_34651,train
46437,group_34652,train
46438,group_34643,train
46439,group_34654,test
46440,group_34655,test
46441,group_34644,validation
46442,group_34648,train
46443,group_34651,train
46444,group_34637,train
46447,group_34648,train
46448,group_34637,train
46449,group_34662,train
46450,group_34663,train
46451,group_34664,test
46452,group_34665,validation
46453,group_34666,train
46454,group_34667,validation
46455,group_34668,validation
46458,group_34669,train
46459,group_34652,train
46460,group_25715,train
46461,group_34648,train
46462,group_34673,validation
46463,group_34637,train
46464,group_34643,train
46465,group_34676,train
46466,group_34652,train
46467,group_34648,train
46468,group_34637,train
46469,group_34680,train
46470,group_34637,train
46471,group_25715,train
46472,group_34683,train
46473,group_34684,train
46474,group_34685,validation
46475,group_34651,train
46476,group_34652,train
46477,group_34688,train
46478,group_34689,validation
46479,group_34690,train
46480,group_34688,train
46481,group_34692,train
46482,group_25715,train
46483,group_34637,train
46484,group_34644,validation
46485,group_34680,train
46486,group_34654,test
46487,group_34644,validation
46488,group_34654,test
46489,group_34651,train
46490,group_34701,train
46491,group_34702,train
46492,group_34683,train
46493,group_34704,test
46494,group_34637,train
46495,group_34706,test
46498,group_34654,test
46499,group_34637,train
46500,group_34648,train
46501,group_34637,train
46502,group_34711,train
46503,group_25715,train
46505,group_34713,test
46507,group_34714,train
46508,group_34706,test
46509,group_34654,test
46510,group_34717,train
46511,group_34654,test
46512,group_34652,train
46513,group_34652,train
46514,group_25715,train
46515,group_34722,train
46516,group_34651,train
46517,group_25715,train
46519,group_34725,train
46521,group_34637,train
46523,group_34637,train
46524,group_25715,train
46525,group_34729,train
46526,group_34652,train
46527,group_34731,train
46528,group_34732,validation
46529,group_34664,test
46530,group_34734,validation
46531,group_34735,train
46532,group_34736,train
46534,group_34737,train
46536,group_34637,train
46537,group_34652,train
46538,group_34740,train
46539,group_34637,train
46540,group_34637,train
46541,group_34664,test
46542,group_34637,train
46543,group_34745,train
46544,group_34746,train
46545,group_34747,test
46546,group_34748,train
46547,group_34749,train
46549,group_34750,train
46552,group_34666,train
46553,group_34752,validation
46554,group_34753,train
46556,group_34754,train
46557,group_34754,train
46558,group_34756,validation
46559,group_34637,train
46560,group_34637,train
46561,group_34754,train
46562,group_34760,train
46563,group_34649,train
46564,group_34762,train
46565,group_34763,train
46566,group_34649,train
46567,group_25715,train
46568,group_34766,train
46569,group_34767,test
46570,group_34768,train
46572,group_25715,train
46573,group_34649,train
46574,group_34643,train
46575,group_34652,train
46576,group_34773,train
46577,group_34774,train
46578,group_34643,train
46579,group_34688,train
46580,group_2605,test
46581,group_934,test
46582,group_34779,validation
46583,group_34780,train
46584,group_29623,validation
46585,group_34782,train
46586,group_1092,train
46587,group_20919,train
46588,group_951,test
46589,group_34786,train
46590,group_31246,train
46591,group_934,test
46593,group_14709,train
46594,group_25259,test
46595,group_20922,train
46596,group_34792,train
46597,group_34793,test
46598,group_14709,train
46599,group_14242,validation
46600,group_34796,train
46601,group_34797,train
46602,group_34798,train
46603,group_34799,train
46604,group_27864,test
46605,group_34801,train
46606,group_29611,validation
46607,group_14690,test
46608,group_14690,test
46609,group_34805,validation
46610,group_10758,train
46611,group_10792,train
46612,group_27864,test
46613,group_34809,train
46614,group_934,test
46615,group_14706,train
46616,group_34812,train
46617,group_34813,validation
46618,group_25279,train
46619,group_25279,train
46620,group_14722,train
46621,group_27864,test
46622,group_34818,train
46623,group_34819,train
46624,group_34820,train
46625,group_34821,train
46626,group_34822,train
46627,group_34823,train
46628,group_34824,train
46629,group_34825,train
46630,group_34826,validation
46631,group_34827,train
46632,group_34828,train
46633,group_34829,train
46634,group_34830,train
46635,group_34831,test
46636,group_34832,train
46637,group_34833,train
46641,group_34834,test
46642,group_34835,train
46643,group_34836,train
46644,group_34837,train
46646,group_34838,train
46647,group_34839,train
46649,group_34840,train
46650,group_34841,train
46651,group_34842,train
46652,group_34843,train
46653,group_34844,train
46654,group_34845,train
46655,group_34846,validation
46656,group_34847,validation
46657,group_34848,test
46658,group_34839,train
46659,group_34850,test
46660,group_34825,train
46661,group_34852,train
46662,group_34853,validation
46663,group_34854,train
46665,group_34855,train
46666,group_34856,test
46667,group_34857,train
46668,group_34825,train
46669,group_34825,train
46671,group_34860,train
46674,group_34861,test
46675,group_34861,test
46676,group_34861,test
46677,group_34861,test
46679,group_34861,test
46680,group_34861,test
46681,group_34861,test
46682,group_34868,validation
46683,group_34869,test
46684,group_34870,validation
46686,group_34871,train
46687,group_34872,test
46688,group_34873,train
46689,group_34874,train
46690,group_34875,train
46691,group_34876,test
46692,group_34877,train
46693,group_34878,train
46694,group_34878,train
46699,group_34880,train
46700,group_34881,train
46702,group_34882,train
46703,group_34883,train
46705,group_34884,validation
46706,group_34885,train
46708,group_34886,train
46710,group_34887,train
46712,group_34888,validation
46714,group_34889,train
46715,group_34890,train
46716,group_34891,validation
46717,group_34892,train
46719,group_34893,train
46720,group_34894,validation
46721,group_34895,train
46723,group_34896,train
46724,group_34897,train
46725,group_34898,train
46726,group_34899,train
46727,group_34873,train
46728,group_34822,train
46729,group_34902,train
46731,group_34903,validation
46732,group_34904,train
46733,group_34905,train
46734,group_34906,train
46735,group_34637,train
46736,group_34651,train
46737,group_34648,train
46738,group_34906,train
46739,group_34637,train
46740,group_34912,train
46741,group_535,test
46742,group_23566,train
46743,group_23595,validation
46744,group_32153,train
46745,group_23595,validation
46746,group_19270,train
46747,group_23595,validation
46748,group_17475,train
46749,group_34921,train
46750,group_18213,train
46751,group_34923,train
46752,group_34924,train
46753,group_34925,validation
46754,group_34926,train
46755,group_34927,test
46758,group_34928,train
46759,group_34929,test
46760,group_34929,test
46761,group_34929,test
46762,group_34932,validation
46763,group_34933,train
46764,group_34934,test
46765,group_34935,validation
46766,group_34936,train
46767,group_34937,train
46768,group_34938,test
46770,group_34939,train
46772,group_34940,train
46773,group_34941,train
46774,group_34942,train
46775,group_34943,test
46776,group_34944,test
46777,group_34945,train
46779,group_34946,train
46780,group_34947,test
46781,group_34948,train
46782,group_34949,train
46783,group_34950,train
46784,group_34951,test
46785,group_34948,train
46786,group_34953,train
46787,group_34954,train
46788,group_34955,train
46789,group_34951,test
46790,group_34957,validation
46791,group_34958,train
46792,group_34959,validation
46793,group_34960,test
46795,group_19014,train
46796,group_19014,train
46797,group_34963,train
46798,group_34964,train
46799,group_34965,train
46800,group_34966,train
46801,group_34967,train
46802,group_34968,train
46803,group_19617,train
46804,group_34970,train
46805,group_34970,train
46806,group_34972,train
46807,group_34973,train
46808,group_34974,train
46809,group_34975,validation
46810,group_17489,test
46811,group_17485,validation
46813,group_31655,train
46814,group_31655,train
46815,group_34980,train
46816,group_34980,train
46817,group_34982,test
46818,group_20919,train
46819,group_20917,train
46820,group_21265,train
46821,group_10792,train
46822,group_34987,train
46823,group_14706,train
46824,group_29611,validation
46825,group_34990,train
46826,group_3965,train
46827,group_3965,train
46828,group_14722,train
46830,group_10792,train
46831,group_34995,train
46833,group_23986,validation
46834,group_29736,test
46835,group_34998,train
46836,group_34999,train
46839,group_35000,train
46841,group_35001,validation
46842,group_35002,train
46844,group_35003,train
46845,group_35004,train
46846,group_35005,train
46850,group_35006,validation
46851,group_35007,train
46852,group_35008,validation
46859,group_35007,train
46860,group_35010,validation
46861,group_35011,test
46862,group_35012,validation
46863,group_35012,validation
46864,group_35012,validation
46865,group_35012,validation
46866,group_35016,train
46867,group_35012,validation
46868,group_35012,validation
46869,group_35012,validation
46870,group_35012,validation
46872,group_35012,validation
46873,group_35012,validation
46874,group_35012,validation
46875,group_35012,validation
46876,group_35012,validation
46877,group_35012,validation
46878,group_35012,validation
46879,group_35012,validation
46881,group_35029,train
46883,group_35030,train
46884,group_35031,train
46885,group_35032,train
46890,group_34586,train
46892,group_34586,train
46893,group_34586,train
46894,group_34586,train
46895,group_34586,train
46896,group_34586,train
46897,group_35039,train
46898,group_35040,validation
46899,group_35040,validation
46900,group_35040,validation
46901,group_35040,validation
46903,group_29779,test
46905,group_35045,train
46906,group_29779,test
46908,group_35047,train
46909,group_29779,test
46910,group_29784,train
46914,group_29779,test
46917,group_35051,train
46918,group_35052,validation
46919,group_35053,train
46920,group_35054,train
46921,group_35055,train
46922,group_35056,train
46923,group_35057,train
46924,group_35058,validation
46925,group_35059,train
46926,group_35059,train
46927,group_35061,train
46928,group_35062,test
46929,group_35063,train
46930,group_35064,train
46931,group_35065,train
46932,group_35066,train
46933,group_35067,train
46934,group_35068,train
46935,group_35069,validation
46936,group_35070,train
46937,group_35071,validation
46938,group_35072,train
46939,group_35073,train
46940,group_35074,train
46941,group_35075,test
46943,group_35076,validation
46944,group_35077,train
46945,group_35078,train
46946,group_35079,validation
46947,group_35080,train
46948,group_35081,train
46949,group_35082,test
46950,group_35083,train
46951,group_35084,train
46952,group_35085,train
46953,group_35086,test
46954,group_35087,validation
46955,group_35088,train
46956,group_35089,test
46957,group_35090,test
46958,group_35091,train
46959,group_35092,train
46962,group_35093,train
46963,group_35094,train
46965,group_35095,train
46966,group_35096,train
46967,group_35095,train
46971,group_35098,validation
46972,group_35099,test
46973,group_35095,train
46974,group_35096,train
46975,group_35102,train
46976,group_35095,train
46977,group_35095,train
46978,group_35096,train
46979,group_35106,validation
46980,group_35095,train
46981,group_35096,train
46982,group_35095,train
46984,group_35095,train
46985,group_35095,train
46986,group_35112,train
46987,group_35113,train
46988,group_35095,train
46991,group_35115,train
46992,group_35116,train
46995,group_35117,train
46996,group_35118,train
46997,group_35119,test
46998,group_35120,train
46999,group_35121,train
47000,group_35122,validation
47002,group_35123,train
47003,group_35124,train
47004,group_35125,test
47005,group_35126,train
47006,group_35127,test
47007,group_35128,train
47008,group_35129,train
47009,group_35120,train
47010,group_35131,train
47011,group_35132,train
47012,group_35131,train
47014,group_35134,test
47015,group_35135,train
47016,group_35136,train
47017,group_35137,train
47018,group_35138,train
47019,group_35139,train
47020,group_35140,train
47022,group_35141,train
47023,group_35142,train
47025,group_35143,train
47026,group_35144,train
47027,group_35145,train
47028,group_35146,train
47029,group_35147,validation
47030,group_35145,train
47031,group_35149,train
47032,group_35143,train
47033,group_35142,train
47034,group_35152,train
47035,group_35153,train
47036,group_35154,train
47037,group_35155,train
47038,group_35156,train
47039,group_35157,test
47040,group_35158,validation
47041,group_35159,train
47042,group_35160,train
47043,group_35161,test
47044,group_35162,train
47045,group_35163,validation
47046,group_35164,validation
47047,group_35165,test
47048,group_35166,train
47049,group_35167,train
47050,group_35168,train
47051,group_35166,train
47052,group_35166,train
47053,group_35171,train
47054,group_35172,train
47055,group_35159,train
47056,group_35174,test
47057,group_35168,train
47058,group_35176,validation
47060,group_35177,train
47061,group_35178,test
47062,group_35179,validation
47063,group_35179,validation
47064,group_35181,train
47065,group_35182,train
47066,group_35183,train
47067,group_35184,train
47068,group_35185,train
47069,group_35186,train
47070,group_35187,train
47071,group_35188,train
47072,group_35189,test
47073,group_35190,validation
47074,group_35191,train
47075,group_35190,validation
47076,group_35193,train
47077,group_35194,train
47078,group_35179,validation
47079,group_35196,test
47080,group_35197,train
47084,group_35198,test
47087,group_35199,train
47088,group_35200,train
47089,group_35201,train
47090,group_35202,train
47091,group_35203,train
47092,group_35204,validation
47095,group_35205,train
47096,group_35206,train
47097,group_35207,train
47099,group_35207,train
47100,group_35209,train
47101,group_35210,train
47105,group_35211,train
47106,group_35212,train
47108,group_35213,train
47109,group_35214,train
47110,group_35215,validation
47111,group_35216,validation
47112,group_35217,train
47113,group_35205,train
47114,group_35219,train
47115,group_35205,train
47117,group_35216,validation
47118,group_35217,train
47119,group_35223,test
47120,group_35224,train
47121,group_35225,validation
47122,group_35226,test
47123,group_35204,validation
47124,group_35228,train
47125,group_35229,train
47126,group_35230,train
47127,group_26625,test
47128,group_35232,train
47129,group_26623,train
47131,group_35234,train
47132,group_35235,train
47133,group_35236,train
47135,group_35237,train
47136,group_26623,train
47137,group_35239,train
47138,group_35240,train
47139,group_35240,train
47140,group_35240,train
47141,group_35243,test
47142,group_35244,train
47143,group_35240,train
47144,group_35240,train
47145,group_35240,train
47146,group_35240,train
47147,group_35240,train
47148,group_35240,train
47151,group_30970,train
47153,group_35252,train
47154,group_35252,train
47155,group_29016,validation
47156,group_29017,validation
47157,group_22209,train
47158,group_29031,validation
47159,group_29025,test
47160,group_22209,train
47161,group_29025,test
47162,group_22209,train
47163,group_29025,test
47164,group_22209,train
47165,group_29025,test
47166,group_22209,train
47168,group_35266,validation
47169,group_35267,train
47170,group_8745,train
47171,group_35267,train
47172,group_35267,train
47173,group_8745,train
47174,group_35267,train
47175,group_35267,train
47176,group_35267,train
47177,group_35267,train
47178,group_35267,train
47179,group_35267,train
47180,group_35278,validation
47181,group_35279,test
47182,group_35280,train
47183,group_35281,train
47184,group_35282,train
47185,group_35282,train
47186,group_35279,test
47187,group_35282,train
47188,group_8752,test
47189,group_8686,train
47190,group_8705,test
47191,group_8686,train
47192,group_11375,train
47193,group_11375,train
47194,group_11375,train
47195,group_24895,train
47196,group_24894,train
47197,group_24895,train
47198,group_24894,train
47199,group_35297,test
47200,group_8686,train
47201,group_11375,train
47202,group_8686,train
47203,group_11375,train
47204,group_11375,train
47205,group_11375,train
47206,group_33566,train
47207,group_8705,test
47208,group_11375,train
47209,group_8686,train
47210,group_11375,train
47211,group_8686,train
47212,group_11375,train
47213,group_8686,train
47214,group_11375,train
47215,group_24895,train
47216,group_24894,train
47217,group_24895,train
47218,group_24894,train
47219,group_8686,train
47220,group_11375,train
47221,group_24895,train
47222,group_24894,train
47223,group_35321,train
47224,group_35322,validation
47225,group_8686,train
47226,group_11375,train
47227,group_8686,train
47228,group_35297,test
47229,group_24895,train
47230,group_24894,train
47231,group_35321,train
47232,group_24894,train
47233,group_24895,train
47234,group_24894,train
47235,group_35333,validation
47236,group_35334,train
47237,group_35335,train
47238,group_35336,validation
47239,group_24945,validation
47240,group_35338,train
47241,group_35339,train
47242,group_35340,train
47243,group_35341,train
47244,group_24944,train
47245,group_35343,train
47246,group_35344,validation
47247,group_35345,validation
47248,group_35346,train
47249,group_35347,validation
47250,group_35348,train
47251,group_35349,test
47252,group_35347,validation
47253,group_35351,train
47254,group_35352,validation
47255,group_35348,train
47256,group_35347,validation
47257,group_35351,train
47258,group_35356,validation
47259,group_35357,train
47260,group_35349,test
47261,group_35359,validation
47262,group_35360,train
47263,group_35360,train
47264,group_35360,train
47265,group_35363,validation
47266,group_35364,validation
47267,group_35363,validation
47268,group_35364,validation
47269,group_35347,validation
47270,group_35368,train
47271,group_35369,train
47272,group_35368,train
47273,group_35347,validation
47274,group_35348,train
47275,group_35349,test
47276,group_35374,validation
47277,group_35375,train
47278,group_8686,train
47279,group_11375,train
47280,group_35378,train
47281,group_35378,train
47282,group_35378,train
47283,group_35381,train
47284,group_35382,train
47285,group_35382,train
47286,group_35384,train
47287,group_25528,train
47288,group_35386,test
47289,group_35387,train
47290,group_35388,train
47291,group_35389,validation
47292,group_29075,validation
47293,group_35391,train
47294,group_35392,train
47295,group_35393,train
47296,group_25535,test
47297,group_29097,train
47298,group_35392,train
47299,group_35397,train
47300,group_16032,test
47301,group_25528,train
47302,group_35400,train
47303,group_29086,train
47304,group_35402,train
47305,group_15950,train
47306,group_29075,validation
47307,group_35405,train
47308,group_35406,train
47309,group_35407,validation
47310,group_25528,train
47311,group_35409,train
47312,group_35410,test
47313,group_35411,test
47314,group_35412,train
47315,group_35413,train
47316,group_35392,train
47317,group_35415,train
47318,group_35416,train
47319,group_35417,train
47320,group_35418,test
47321,group_35419,train
47322,group_35420,train
47323,group_35421,train
47324,group_35422,train
47325,group_35423,train
47326,group_35424,validation
47327,group_35415,train
47328,group_35426,train
47329,group_29116,test
47330,group_25535,test
47331,group_35429,train
47332,group_35430,train
47333,group_35431,train
47334,group_35432,train
47335,group_29095,validation
47336,group_29100,train
47337,group_35435,train
47338,group_35436,train
47339,group_35437,validation
47340,group_29095,validation
47341,group_35439,train
47342,group_35440,train
47343,group_15950,train
47344,group_35442,train
47345,group_35443,train
47346,group_35444,train
47347,group_35440,train
47348,group_35446,validation
47349,group_25535,test
47350,group_29100,train
47351,group_35449,validation
47352,group_29097,train
47353,group_35451,train
47354,group_35424,validation
47355,group_35453,train
47356,group_35454,test
47357,group_35455,train
47358,group_35456,train
47359,group_15950,train
47360,group_29100,train
47361,group_35459,train
47362,group_35460,train
47363,group_35461,test
47364,group_35462,train
47365,group_35463,train
47366,group_35464,test
47367,group_35424,validation
47368,group_35466,test
47369,group_35467,train
47370,group_35468,train
47371,group_35469,train
47372,group_35415,train
47373,group_29100,train
47374,group_29075,validation
47375,group_15950,train
47376,group_29087,validation
47377,group_35475,validation
47378,group_29108,train
47379,group_35464,test
47380,group_35392,train
47381,group_35479,train
47382,group_35480,validation
47383,group_35481,train
47384,group_35482,test
47385,group_35483,test
47386,group_29097,train
47387,group_35485,train
47388,group_35486,train
47389,group_35487,train
47390,group_35488,test
47391,group_29097,train
47392,group_35490,train
47393,group_35464,test
47394,group_35432,train
47395,group_29095,validation
47396,group_35464,test
47397,group_35495,train
47398,group_15950,train
47399,group_29100,train
47400,group_35498,train
47401,group_35499,test
47402,group_35500,validation
47403,group_26597,validation
47404,group_35502,validation
47405,group_35503,train
47406,group_35504,train
47407,group_25528,train
47408,group_35506,train
47409,group_35507,train
47410,group_35508,test
47411,group_35392,train
47412,group_29109,test
47413,group_35511,train
47414,group_35512,test
47415,group_35513,train
47416,group_35514,train
47417,group_35387,train
47418,group_29097,train
47419,group_29087,validation
47420,group_29110,train
47421,group_29087,validation
47422,group_35520,train
47423,group_35480,validation
47424,group_35522,train
47425,group_35503,train
47426,group_25489,train
47427,group_35525,train
47428,group_35526,train
47429,group_35392,train
47430,group_15950,train
47431,group_35529,test
47432,group_35530,validation
47433,group_15950,train
47434,group_29075,validation
47446,group_35533,train
47447,group_35534,test
47448,group_35534,test
47450,group_35533,train
47451,group_35534,test
47452,group_35533,train
47453,group_35533,train
47454,group_35533,train
47455,group_35541,train
47456,group_35542,test
47457,group_35533,train
47458,group_35544,validation
47459,group_35545,test
47463,group_35546,validation
47464,group_35547,train
47474,group_35546,validation
47475,group_35546,validation
47476,group_35550,train
47477,group_35546,validation
47488,group_35552,train
47492,group_35553,train
47493,group_35554,train
47495,group_35554,train
47501,group_35553,train
47502,group_35557,train
47503,group_35558,train
47504,group_35559,train
47505,group_35560,train
47506,group_11947,train
47507,group_35562,validation
47508,group_25043,train
47509,group_35564,test
47510,group_35565,train
47511,group_35566,test
47512,group_35567,train
47513,group_25045,train
47514,group_35569,train
47515,group_35570,validation
47516,group_25044,train
47517,group_35572,train
47518,group_25043,train
47519,group_35574,train
47520,group_35565,train
47521,group_35566,test
47522,group_35577,validation
47523,group_35569,train
47524,group_35569,train
47525,group_35570,validation
47526,group_25044,train
47527,group_35572,train
47528,group_35583,train
47529,group_35584,train
47530,group_35585,train
47531,group_35586,test
47532,group_35583,train
47533,group_35588,train
47534,group_35589,train
47535,group_35590,train
47536,group_35591,train
47537,group_35592,train
47538,group_35588,train
47539,group_35594,train
47540,group_35595,train
47541,group_35596,train
47542,group_35597,train
47543,group_35598,train
47544,group_35591,train
47545,group_35600,test
47546,group_35601,validation
47547,group_35601,validation
47548,group_35603,validation
47549,group_35604,train
47550,group_35605,train
47551,group_35606,train
47552,group_35607,test
47553,group_35608,test
47554,group_35603,validation
47555,group_35606,train
47556,group_35611,train
47557,group_35612,train
47558,group_35613,train
47559,group_35591,train
47560,group_35588,train
47561,group_35598,train
47562,group_35617,validation
47563,group_35618,train
47564,group_35619,train
47565,group_35591,train
47566,group_35621,validation
47567,group_35591,train
47568,group_35591,train
47569,group_35591,train
47570,group_35625,train
47571,group_35626,test
47572,group_35627,validation
47573,group_35628,train
47574,group_35629,validation
47575,group_35630,validation
47576,group_35626,test
47577,group_35632,validation
47578,group_35629,validation
47579,group_35634,train
47580,group_35617,validation
47581,group_35636,train
47582,group_35637,train
47583,group_35595,train
47584,group_35601,validation
47585,group_35588,train
47586,group_35637,train
47587,group_35595,train
47588,group_35601,validation
47589,group_35644,train
47590,group_35645,test
47591,group_35591,train
47592,group_35594,train
47593,group_35618,train
47594,group_35649,validation
47595,group_35650,train
47596,group_35617,validation
47597,group_35652,train
47598,group_35626,test
47599,group_35591,train
47600,group_35588,train
47601,group_35594,train
47602,group_35657,train
47603,group_35630,validation
47604,group_35659,train
47605,group_35659,train
47606,group_35629,validation
47607,group_35662,train
47608,group_35637,train
47609,group_35588,train
47610,group_35657,train
47611,group_35666,train
47612,group_35626,test
47613,group_35607,test
47614,group_35603,validation
47615,group_35591,train
47616,group_35592,train
47617,group_35672,train
47618,group_35590,train
47619,group_35674,validation
47620,group_35591,train
47621,group_35657,train
47622,group_35592,train
47623,group_35591,train
47624,group_35588,train
47625,group_35594,train
47626,group_35626,test
47627,group_35682,train
47629,group_35683,test
47630,group_35684,train
47631,group_35685,train
47632,group_35686,validation
47633,group_35687,validation
47634,group_35688,test
47635,group_35689,train
47636,group_35690,train
47637,group_35691,train
47638,group_35692,validation
47639,group_35691,train
47640,group_31115,train
47641,group_31118,train
47642,group_35696,train
47643,group_35697,train
47644,group_7659,validation
47645,group_31124,validation
47646,group_764,test
47647,group_31124,validation
47648,group_764,test
47649,group_7659,validation
47650,group_35704,train
47651,group_35705,train
47652,group_35706,train
47653,group_35707,test
47654,group_35708,train
47655,group_35709,train
47656,group_35710,train
47657,group_35711,train
47658,group_35712,train
47659,group_20078,train
47660,group_35714,train
47661,group_35715,train
47662,group_35716,train
47663,group_35717,validation
47664,group_35718,train
47665,group_35719,validation
47666,group_35720,train
47667,group_35721,validation
47668,group_35719,validation
47669,group_35723,validation
47670,group_35724,train
47671,group_35725,train
47672,group_35726,train
47673,group_35727,train
47674,group_35728,test
47675,group_35728,test
47676,group_35730,validation
47677,group_35731,test
47678,group_35732,train
47679,group_32106,train
47680,group_35734,train
47681,group_35735,train
47682,group_759,train
47689,group_21395,validation
47692,group_32309,train
47724,group_35739,train
47732,group_19008,train
47734,group_21369,validation
47761,group_1308,train
47794,group_19008,train
47812,group_1305,train
47814,group_1305,train
47857,group_35746,test
47868,group_35747,train
47880,group_21369,validation
47881,group_1308,train
47886,group_35750,train
47888,group_21345,train
47889,group_19008,train
47896,group_1307,train
47911,group_1307,train
47916,group_35755,train
47917,group_1308,train
47921,group_19008,train
47927,group_35758,train
47928,group_21350,train
47930,group_1308,train
47945,group_1305,train
47946,group_1305,train
47955,group_1308,train
47956,group_21345,train
47957,group_21350,train
47961,group_31959,train
47965,group_35767,validation
47977,group_35768,train
47978,group_35769,validation
47989,group_29760,train
47991,group_35771,train
47992,group_35772,validation
47993,group_35771,train
47994,group_29764,train
47995,group_29764,train
48004,group_35769,validation
48005,group_29760,train
48006,group_29760,train
48007,group_29760,train
48009,group_29770,train
48010,group_35781,train
48014,group_35771,train
48015,group_35772,validation
48016,group_35784,train
48017,group_35784,train
48021,group_29766,train
48022,group_29766,train
48023,group_35788,validation
48024,group_35772,validation
48025,group_29766,train
48026,group_29766,train
48027,group_29775,train
48028,group_30923,train
48030,group_30926,train
48031,group_30923,train
48032,group_30923,train
48033,group_30923,train
48035,group_30923,train
48036,group_30923,train
48037,group_30923,train
48038,group_35801,validation
48039,group_30923,train
48042,group_30923,train
48046,group_35804,train
48062,group_35805,train
48063,group_35806,train
48064,group_35807,train
48065,group_35808,train
48066,group_32460,train
48067,group_35810,train
48068,group_35811,train
48069,group_32467,train
48070,group_32463,test
48071,group_32461,train
48072,group_32476,train
48073,group_32461,train
48074,group_35817,train
48075,group_32465,test
48076,group_35810,train
48077,group_35820,validation
48078,group_32465,test
48079,group_32464,train
48080,group_35823,validation
48081,group_35820,validation
48082,group_32462,train
48083,group_32483,train
48084,group_35827,test
48085,group_35828,test
48086,group_32621,train
48088,group_35830,validation
48089,group_35831,train
48090,group_35832,validation
48091,group_35833,test
48092,group_35834,train
48093,group_35833,test
48094,group_35836,train
48095,group_35837,train
48097,group_35838,validation
48098,group_35839,train
48099,group_35840,train
48100,group_35834,train
48101,group_35842,train
48102,group_35843,validation
48103,group_35844,train
48104,group_35837,train
48106,group_35846,train
48107,group_32509,train
48108,group_32509,train
48109,group_32510,train
48110,group_35850,train
48111,group_35851,validation
48112,group_35852,train
48113,group_35852,train
48114,group_35854,train
48115,group_35855,train
48116,group_35856,train
48117,group_35857,test
48118,group_35858,train
48119,group_35859,train
48120,group_35859,train
48121,group_35861,train
48122,group_35852,train
48123,group_35863,validation
48124,group_35864,test
48125,group_35865,train
48126,group_35866,train
48127,group_35867,train
48128,group_35868,train
48129,group_35869,train
48130,group_35870,test
48131,group_35871,test
48132,group_35872,test
48133,group_35872,test
48135,group_35874,train
48136,group_35875,train
48137,group_35876,test
48138,group_35877,validation
48139,group_35878,train
48140,group_35867,train
48141,group_35867,train
48142,group_35875,train
48143,group_35882,train
48144,group_35883,train
48145,group_35867,train
48146,group_35885,validation
48147,group_35867,train
48148,group_35887,train
48149,group_35883,train
48150,group_35867,train
48151,group_35887,train
48152,group_35867,train
48153,group_35892,test
48154,group_35893,train
48155,group_35894,train
48156,group_35876,test
48157,group_35896,train
48158,group_35887,train
48159,group_35898,train
48160,group_35899,train
48161,group_35875,train
48162,group_35893,train
48163,group_35894,train
48164,group_35868,train
48165,group_35868,train
48166,group_35899,train
48167,group_35867,train
48168,group_35867,train
48169,group_35867,train
48170,group_35909,train
48171,group_35910,validation
48172,group_35872,test
48173,group_35872,test
48174,group_35913,train
48175,group_35870,test
48177,group_35894,train
48178,group_35916,train
48179,group_35917,train
48180,group_35918,train
48181,group_35919,test
48182,group_35918,train
48183,group_35919,test
48184,group_35919,test
48185,group_35923,train
48186,group_35924,train
48187,group_35913,train
48188,group_35926,train
48189,group_35927,test
48190,group_35913,train
48191,group_35917,train
48192,group_35927,test
48193,group_35931,validation
48194,group_35932,train
48195,group_35931,validation
48196,group_35931,validation
48197,group_35931,validation
48198,group_35931,validation
48199,group_35931,validation
48200,group_35931,validation
48201,group_35939,train
48202,group_35940,train
48203,group_35941,train
48204,group_35942,validation
48206,group_35931,validation
48207,group_35932,train
48208,group_35932,train
48209,group_35931,validation
48210,group_35932,train
48211,group_35932,train
48212,group_35931,validation
48213,group_35932,train
48214,group_35931,validation
48215,group_35931,validation
48216,group_35932,train
48217,group_35932,train
48218,group_35955,train
48219,group_35956,validation
48220,group_35955,train
48221,group_35958,train
48222,group_35955,train
48223,group_35958,train
48224,group_35955,train
48225,group_35962,train
48226,group_35939,train
48227,group_35931,validation
48228,group_35931,validation
48229,group_35931,validation
48230,group_35931,validation
48231,group_35956,validation
48232,group_35955,train
48233,group_35970,train
48235,group_35955,train
48236,group_35931,validation
48237,group_35973,test
48238,group_35974,test
48239,group_35975,train
48240,group_35976,train
48241,group_35977,test
48242,group_35978,train
48243,group_35979,train
48244,group_35980,train
48245,group_35979,train
48246,group_35982,test
48247,group_35983,validation
48248,group_35984,train
48250,group_35985,train
48251,group_35986,train
48252,group_35987,test
48253,group_35988,train
48254,group_35989,train
48256,group_35990,train
48257,group_35985,train
48258,group_35984,train
48259,group_35984,train
48311,group_35994,train
48313,group_35995,validation
48318,group_35996,train
48319,group_35997,train
48320,group_35996,train
48326,group_35999,train
48327,group_36000,test
48328,group_36001,train
48329,group_36002,train
48330,group_36003,train
48331,group_36004,train
48332,group_36005,test
48333,group_36006,validation
48335,group_36007,test
48336,group_36008,train
48337,group_36009,validation
48338,group_36010,train
48340,group_36011,validation
48341,group_36005,test
48342,group_36006,validation
48343,group_36005,test
48344,group_36006,validation
48345,group_36016,test
48346,group_36017,train
48347,group_36018,test
48348,group_36019,train
48349,group_36020,train
48352,group_36021,test
48355,group_36022,train
48357,group_36023,train
48359,group_36024,train
48360,group_36025,train
48361,group_35808,train
48362,group_32458,train
48363,group_36028,train
48365,group_32456,train
48367,group_36030,train
48368,group_36031,train
48369,group_36032,train
48370,group_36033,train
48371,group_36034,validation
48372,group_36035,train
48373,group_36036,train
48374,group_36037,train
48375,group_36038,train
48376,group_36039,validation
48378,group_36040,train
48380,group_36041,train
48382,group_36042,test
48383,group_32460,train
48384,group_36042,test
48385,group_36045,train
48386,group_32460,train
48387,group_36042,test
48388,group_36042,test
48391,group_36049,train
48392,group_36050,train
48393,group_36051,train
48394,group_36052,train
48395,group_36052,train
48397,group_36054,test
48398,group_36042,test
48399,group_36042,test
48400,group_32462,train
48401,group_36058,train
48402,group_36059,test
48403,group_32461,train
48404,group_36061,test
48405,group_36062,test
48406,group_36061,test
48407,group_32466,validation
48408,group_36062,test
48409,group_36066,test
48410,group_36062,test
48411,group_36068,train
48412,group_32462,train
48414,group_36070,test
48415,group_32461,train
48416,group_36072,test
48417,group_36073,train
48418,group_36074,train
48419,group_36075,train
48420,group_36076,train
48421,group_36062,test
48422,group_36068,train
48423,group_36068,train
48424,group_36068,train
48426,group_36068,train
48427,group_36068,train
48428,group_36083,train
48429,group_36084,train
48430,group_36068,train
48431,group_36086,train
48432,group_36062,test
48433,group_36062,test
48434,group_36074,train
48435,group_32461,train
48436,group_36075,train
48437,group_36072,test
48438,group_36072,test
48439,group_36068,train
48440,group_36075,train
48441,group_36068,train
48442,group_36068,train
48443,group_36068,train
48444,group_32476,train
48445,group_32461,train
48447,group_32462,train
48448,group_35817,train
48449,group_32465,test
48450,group_32461,train
48451,group_32476,train
48452,group_36106,test
48453,group_36068,train
48454,group_36068,train
48455,group_36068,train
48456,group_36068,train
48457,group_36111,train
48458,group_36112,train
48459,group_36113,train
48460,group_36114,train
48462,group_36115,test
48463,group_36116,test
48464,group_36117,train
48465,group_32483,train
48466,group_32485,train
48467,group_35827,test
48468,group_36121,train
48469,group_36122,train
48470,group_36123,test
48471,group_36124,train
48472,group_36122,train
48473,group_32483,train
48474,group_32485,train
48475,group_36128,train
48476,group_32483,train
48477,group_36130,train
48478,group_36131,test
48479,group_32485,train
48480,group_32485,train
48481,group_36122,train
48482,group_35827,test
48483,group_32483,train
48484,group_32483,train
48485,group_36138,train
48486,group_36139,train
48487,group_35837,train
48488,group_35830,validation
48489,group_32505,validation
48490,group_36143,train
48491,group_36144,train
48492,group_36145,train
48493,group_36146,train
48494,group_36147,test
48495,group_36148,train
48496,group_36149,train
48497,group_36149,train
48498,group_36149,train
48499,group_36147,test
48500,group_35839,train
48501,group_32502,train
48502,group_35830,validation
48503,group_36156,train
48504,group_32509,train
48505,group_36156,train
48506,group_35837,train
48507,group_35830,validation
48508,group_36161,train
48509,group_36162,train
48510,group_36163,train
48511,group_35830,validation
48512,group_35842,train
48513,group_35830,validation
48514,group_35842,train
48515,group_36168,validation
48516,group_36169,train
48517,group_36170,validation
48518,group_36171,validation
48519,group_32509,train
48520,group_36173,train
48521,group_36174,train
48522,group_36175,train
48523,group_36176,train
48524,group_32622,train
48525,group_36178,train
48526,group_36179,test
48527,group_36180,train
48528,group_36181,train
48529,group_36182,train
48530,group_36182,train
48531,group_36184,validation
48532,group_36182,train
48533,group_36186,test
48535,group_36187,train
48536,group_36188,train
48537,group_36189,test
48539,group_23286,validation
48541,group_23286,validation
48544,group_23286,validation
48548,group_36193,train
48549,group_36194,test
48551,group_23286,validation
48552,group_36196,test
48556,group_36197,train
48557,group_36198,train
48558,group_36198,train
48559,group_36200,validation
48560,group_36200,validation
48561,group_36200,validation
48562,group_36200,validation
48563,group_36200,validation
48564,group_36200,validation
48566,group_36206,train
48568,group_36207,train
48569,group_36207,train
48570,group_36207,train
48572,group_36210,train
48573,group_36207,train
48575,group_36200,validation
48576,group_36200,validation
48577,group_36200,validation
48578,group_36200,validation
48579,group_36200,validation
48580,group_36200,validation
48581,group_36200,validation
48582,group_36200,validation
48583,group_36200,validation
48584,group_36200,validation
48585,group_36206,train
48587,group_36206,train
48588,group_36206,train
48589,group_36206,train
48590,group_36226,validation
48591,group_36226,validation
48592,group_36226,validation
48593,group_36226,validation
48594,group_36230,train
48596,group_36226,validation
48597,group_36226,validation
48599,group_36226,validation
48601,group_36226,validation
48602,group_36226,validation
48603,group_36226,validation
48604,group_36226,validation
48605,group_36226,validation
48606,group_36226,validation
48607,group_36226,validation
48608,group_36226,validation
48609,group_36226,validation
48610,group_36226,validation
48612,group_36226,validation
48613,group_36226,validation
48614,group_36226,validation
48615,group_36226,validation
48616,group_36226,validation
48617,group_36226,validation
48618,group_36226,validation
48619,group_36251,train
48621,group_36226,validation
48622,group_36226,validation
48625,group_36226,validation
48626,group_36226,validation
48629,group_36251,train
48633,group_36226,validation
48634,group_36226,validation
48636,group_36226,validation
48637,group_36226,validation
48638,group_36226,validation
48639,group_36251,train
48644,group_36226,validation
48645,group_36226,validation
48646,group_36226,validation
48647,group_36226,validation
48649,group_36226,validation
48650,group_36226,validation
48651,group_36226,validation
48652,group_36226,validation
48653,group_36226,validation
48655,group_36226,validation
48656,group_36273,train
48657,group_36226,validation
48659,group_36226,validation
48660,group_36226,validation
48662,group_36226,validation
48664,group_36226,validation
48665,group_36226,validation
48667,group_36226,validation
48670,group_36226,validation
48671,group_36226,validation
48673,group_36226,validation
48674,group_36226,validation
48675,group_36226,validation
48676,group_36226,validation
48678,group_36226,validation
48679,group_36226,validation
48680,group_36289,train
48681,group_36251,train
48683,group_36226,validation
48684,group_36226,validation
48686,group_36226,validation
48692,group_36226,validation
48693,group_36226,validation
48694,group_36226,validation
48695,group_36226,validation
48698,group_36226,validation
48700,group_36226,validation
48701,group_36226,validation
48702,group_36226,validation
48704,group_36226,validation
48707,group_36226,validation
48708,group_36251,train
48710,group_36226,validation
48712,group_36226,validation
48713,group_36226,validation
48716,group_36308,test
48717,group_36226,validation
48718,group_36226,validation
48720,group_36226,validation
48721,group_36226,validation
48724,group_36226,validation
48725,group_36226,validation
48726,group_36226,validation
48728,group_36226,validation
48731,group_36317,validation
48732,group_36317,validation
48733,group_36317,validation
48734,group_36317,validation
48735,group_36317,validation
48736,group_36322,test
48737,group_36317,validation
48738,group_36317,validation
48739,group_36317,validation
48741,group_36317,validation
48742,group_36317,validation
48743,group_36317,validation
48744,group_36317,validation
48745,group_36317,validation
48746,group_36206,train
48747,group_36332,train
48748,group_36332,train
48749,group_36332,train
48750,group_36332,train
48751,group_36332,train
48752,group_36332,train
48753,group_36332,train
48755,group_36339,train
48756,group_36340,train
48757,group_36340,train
48758,group_36340,train
48759,group_36340,train
48760,group_36340,train
48761,group_36340,train
48762,group_36340,train
48763,group_36340,train
48764,group_36340,train
48765,group_36340,train
48766,group_36340,train
48767,group_36340,train
48768,group_36340,train
48769,group_36340,train
48771,group_36340,train
48772,group_36355,train
48774,group_36355,train
48776,group_36355,train
48778,group_36358,train
48781,group_36355,train
48782,group_36355,train
48783,group_36355,train
48784,group_36355,train
48785,group_36355,train
48786,group_36355,train
48787,group_36355,train
48788,group_36355,train
48789,group_36355,train
48790,group_36355,train
48791,group_36369,test
48792,group_36355,train
48793,group_36355,train
48794,group_36358,train
48795,group_36355,train
48796,group_36355,train
48799,group_36355,train
48801,group_36355,train
48803,group_36355,train
48804,group_36355,train
48805,group_36355,train
48806,group_36380,train
48807,group_36380,train
48808,group_36380,train
48809,group_36380,train
48810,group_36380,train
48811,group_36380,train
48812,group_36355,train
48815,group_36358,train
48816,group_36355,train
48821,group_36389,train
48822,group_36355,train
48823,group_36358,train
48824,group_36355,train
48825,group_36355,train
48827,group_36355,train
48833,group_36355,train
48834,group_36355,train
48835,group_36358,train
48836,group_36355,train
48837,group_36355,train
48843,group_36355,train
48844,group_36355,train
48845,group_36355,train
48846,group_36355,train
48848,group_36358,train
48851,group_36355,train
48853,group_36358,train
48854,group_36355,train
48855,group_36358,train
48856,group_36355,train
48857,group_36358,train
48858,group_36411,validation
48859,group_36358,train
48861,group_36411,validation
48862,group_36355,train
48865,group_36358,train
48866,group_36355,train
48867,group_36358,train
48869,group_36358,train
48870,group_36355,train
48871,group_36358,train
48877,group_36355,train
48878,group_36355,train
48879,group_36358,train
48882,group_36358,train
48883,group_36358,train
48885,group_36358,train
48886,group_36358,train
48887,group_36355,train
48888,group_36355,train
48891,group_36355,train
48892,group_36355,train
48894,group_36355,train
48895,group_36355,train
48896,group_36358,train
48897,group_36358,train
48899,group_36358,train
48900,group_36358,train
48902,group_36355,train
48903,group_36358,train
48906,group_36358,train
48907,group_36355,train
48908,group_36355,train
48910,group_36358,train
48911,group_36358,train
48914,group_36358,train
48915,group_36355,train
48916,group_36355,train
48917,group_36355,train
48921,group_36449,train
48922,group_36449,train
48923,group_36451,train
48925,group_36449,train
48927,group_36449,train
48928,group_36449,train
48929,group_36449,train
48931,group_36449,train
48933,group_36449,train
48934,group_36449,train
48935,group_36449,train
48936,group_36449,train
48939,group_36449,train
48941,group_36449,train
48942,group_36449,train
48943,group_36380,train
48944,group_36451,train
48945,group_36451,train
48946,group_36451,train
48947,group_36451,train
48948,group_36451,train
48949,group_36451,train
48950,group_36451,train
48952,group_36451,train
48953,group_36451,train
48954,group_36451,train
48955,group_36451,train
48956,group_36451,train
48958,group_36451,train
48959,group_36451,train
48960,group_36451,train
48961,group_36451,train
48962,group_36451,train
48963,group_36451,train
48964,group_36451,train
48965,group_36451,train
48966,group_36451,train
48967,group_36451,train
48968,group_36451,train
48969,group_36451,train
48970,group_36489,test
48972,group_36489,test
48975,group_36449,train
48976,group_36449,train
48980,group_36449,train
48981,group_36449,train
48983,group_36449,train
48988,group_36449,train
48989,group_36449,train
48990,group_36449,train
48991,group_36449,train
48992,group_36449,train
48993,group_36449,train
48994,group_36449,train
49001,group_36449,train
49005,group_36449,train
49006,group_36449,train
49008,group_36449,train
49009,group_36449,train
49010,group_36449,train
49011,group_36449,train
49012,group_36510,train
49014,group_36511,train
49016,group_36449,train
49017,group_36511,train
49018,group_36510,train
49019,group_36511,train
49020,group_36511,train
49021,group_36449,train
49023,group_36510,train
49024,group_36511,train
49025,group_36520,train
49026,group_36449,train
49029,group_36511,train
49033,group_36449,train
49034,group_36449,train
49035,group_36449,train
49039,group_36449,train
49040,group_36449,train
49041,group_36449,train
49047,group_36449,train
49049,group_36449,train
49050,group_36449,train
49052,group_36449,train
49054,group_36449,train
49056,group_36449,train
49057,group_36449,train
49059,group_36536,train
49060,group_10842,train
49061,group_36538,train
49062,group_36539,train
49063,group_19398,train
49064,group_19493,train
49065,group_19372,train
49066,group_19454,test
49067,group_28163,train
49068,group_19473,train
49069,group_19437,train
49070,group_36547,test
49071,group_36548,train
49072,group_36549,validation
49073,group_36550,train
49074,group_36551,train
49075,group_36552,train
49076,group_36553,train
49077,group_36554,validation
49078,group_36555,train
49079,group_36556,train
49080,group_36557,train
49081,group_36558,test
49083,group_36559,validation
49084,group_36560,train
49085,group_36561,train
49086,group_36562,train
49087,group_36563,train
49088,group_36564,train
49089,group_36565,train
49090,group_36566,train
49091,group_36567,validation
49092,group_36568,test
49093,group_36569,validation
49094,group_36570,train
49095,group_36571,train
49096,group_36572,test
49097,group_36573,train
49098,group_36574,validation
49099,group_36575,train
49100,group_36576,test
49101,group_36577,validation
49102,group_36578,validation
49103,group_36579,train
49104,group_36580,validation
49105,group_36581,train
49106,group_36582,validation
49107,group_36583,train
49108,group_36584,train
49109,group_36585,train
49110,group_36586,train
49111,group_36587,validation
49112,group_36588,train
49113,group_36589,train
49114,group_36590,test
49115,group_36591,validation
49116,group_36592,validation
49117,group_36593,train
49118,group_36594,validation
49119,group_36595,validation
49120,group_36596,train
49121,group_36597,train
49122,group_36598,train
49123,group_36599,test
49124,group_36600,train
49125,group_36601,train
49126,group_36602,train
49127,group_36603,validation
49128,group_36604,train
49129,group_36605,train
49130,group_36606,train
49131,group_36607,validation
49132,group_36608,train
49133,group_36609,train
49134,group_36610,train
49135,group_36611,train
49136,group_36612,train
49137,group_36613,train
49138,group_36614,test
49139,group_36615,train
49140,group_36616,test
49141,group_36617,validation
49142,group_36618,train
49143,group_36619,train
49144,group_36620,train
49145,group_36621,validation
49146,group_36622,test
49147,group_36623,train
49148,group_36624,test
49149,group_36625,train
49150,group_36626,train
49151,group_36627,test
49152,group_36628,test
49153,group_36629,train
49154,group_36630,train
49155,group_36631,train
49156,group_36632,train
49157,group_36633,train
49158,group_36634,train
49159,group_36635,test
49160,group_36636,train
49161,group_36637,train
49162,group_36638,train
49163,group_36639,validation
49164,group_36640,train
49165,group_36641,train
49166,group_36642,train
49167,group_35931,validation
49168,group_36644,train
49222,group_36645,train
49228,group_36646,train
49229,group_36645,train
49230,group_36648,train
49232,group_36648,train
49233,group_36650,train
49234,group_36651,test
49235,group_36652,train
49236,group_36653,train
49238,group_36654,train
49239,group_36655,validation
49240,group_36650,train
49241,group_36657,train
49242,group_36657,train
49244,group_36654,train
49245,group_36655,validation
49246,group_36661,train
49247,group_36662,validation
49248,group_36654,train
49249,group_36664,train
49250,group_36664,train
49266,group_36666,test
49267,group_36666,test
49268,group_36666,test
49269,group_36669,train
49270,group_36666,test
49287,group_36671,train
49288,group_36671,train
49289,group_36673,train
49290,group_36674,test
49298,group_36675,train
49299,group_36675,train
49300,group_36677,train
49301,group_36671,train
49302,group_36671,train
49303,group_36671,train
49304,group_36681,train
49305,group_36681,train
49306,group_36681,train
49307,group_36681,train
49308,group_36681,train
49310,group_36671,train
49321,group_36687,validation
49322,group_36688,train
49323,group_36689,train
49324,group_36690,test
49325,group_36691,train
49326,group_36692,train
49327,group_36693,validation
49328,group_36694,train
49329,group_36695,train
49352,group_36696,test
49353,group_36697,train
49354,group_36698,test
49355,group_36699,train
49356,group_36700,train
49357,group_36701,test
49359,group_36701,test
49362,group_36703,validation
49363,group_36704,train
49364,group_36705,test
49369,group_36701,test
49371,group_36707,train
49372,group_36708,test
49373,group_36701,test
49375,group_36710,train
49377,group_36711,train
49378,group_36712,validation
49381,group_36713,validation
49398,group_36714,validation
49406,group_36715,train
49407,group_36707,train
49408,group_36717,train
49417,group_36718,train
49419,group_36719,train
49420,group_36720,train
49433,group_36721,train
49434,group_36722,train
49435,group_36723,test
49460,group_36724,train
49461,group_36725,train
49462,group_36726,train
49468,group_36727,train
49469,group_36728,train
49470,group_36729,train
49473,group_36730,validation
49475,group_36731,train
49477,group_36723,test
49478,group_36733,test
49480,group_36701,test
49481,group_36735,train
49483,group_36701,test
49484,group_36737,train
49485,group_36738,train
49486,group_36739,validation
49487,group_36701,test
49488,group_36741,train
49489,group_36742,train
49490,group_36743,train
49491,group_36744,train
49492,group_36745,train
49493,group_36746,train
49494,group_36737,train
49495,group_36748,train
49496,group_36733,test
49497,group_36737,train
49498,group_36721,train
49499,group_36752,train
49501,group_36737,train
49502,group_36754,train
49503,group_36701,test
49504,group_36708,test
49505,group_36708,test
49506,group_36738,train
49509,group_36759,train
49510,group_33310,train
49511,group_36733,test
49513,group_36762,train
49514,group_36763,train
49515,group_36764,train
49516,group_36765,train
49517,group_36766,train
49518,group_36767,validation
49519,group_36768,test
49520,group_36768,test
49521,group_36768,test
49523,group_36771,train
49524,group_36772,train
49525,group_36773,test
49526,group_36768,test
49527,group_36768,test
49528,group_36776,train
49529,group_36777,train
49530,group_36778,validation
49532,group_36779,train
49533,group_36779,train
49534,group_36771,train
49535,group_36782,validation
49536,group_36783,train
49537,group_36771,train
49538,group_36779,train
49539,group_36786,train
49540,group_36787,test
49541,group_36788,train
49542,group_36789,train
49543,group_36790,train
49544,group_36788,train
49545,group_36768,test
49546,group_36793,train
49547,group_36771,train
49548,group_36795,train
49549,group_36796,train
49551,group_36787,test
49552,group_36788,train
49553,group_36799,train
49554,group_36788,train
49555,group_36799,train
49556,group_36788,train
49557,group_36793,train
49558,group_36804,train
49559,group_36805,test
49560,group_36806,train
49561,group_36807,train
49562,group_36808,validation
49563,group_36809,train
49564,group_36810,validation
49567,group_12741,train
49568,group_20408,validation
49569,group_36813,train
49570,group_36813,train
49571,group_13647,train
49572,group_13647,train
49573,group_36813,train
49574,group_36813,train
49575,group_36813,train
49576,group_14706,train
49577,group_36821,train
49578,group_36822,train
49579,group_21265,train
49580,group_951,test
49581,group_934,test
49582,group_20918,train
49583,group_17441,train
49584,group_934,test
49585,group_14709,train
49586,group_27863,train
49587,group_27862,train
49588,group_934,test
49589,group_36833,train
49590,group_27864,test
49592,group_11766,train
49593,group_36836,validation
49594,group_1092,train
49595,group_36838,train
49596,group_11766,train
49597,group_20919,train
49598,group_36841,train
49599,group_934,test
49600,group_29620,train
49601,group_25259,test
49602,group_34780,train
49603,group_36846,train
49604,group_10792,train
49605,group_10792,train
49606,group_36849,train
49607,group_36850,train
49608,group_30151,test
49609,group_10792,train
49610,group_10758,train
49611,group_36854,train
49612,group_20992,train
49613,group_27862,train
49614,group_10792,train
49615,group_10792,train
49616,group_10792,train
49617,group_934,test
49618,group_20888,train
49619,group_21265,train
49620,group_10792,train
49621,group_10792,train
49622,group_1092,train
49623,group_14709,train
49624,group_10758,train
49626,group_36868,train
49629,group_28709,train
49630,group_36870,train
49631,group_36871,train
49633,group_36872,train
49634,group_36870,train
49635,group_36874,validation
49636,group_36875,test
49637,group_36876,train
49638,group_28720,train
49639,group_36878,test
49640,group_36879,test
49641,group_28709,train
49642,group_36881,test
49646,group_36882,train
49647,group_36883,test
49648,group_36884,train
49650,group_28708,train
49651,group_36886,test
49652,group_36887,test
49653,group_28730,train
49654,group_36889,test
49655,group_36890,train
49657,group_36891,train
49659,group_28730,train
49660,group_28730,train
49661,group_36894,train
49662,group_36894,train
49663,group_36896,train
49664,group_36896,train
49665,group_36896,train
49666,group_36896,train
49668,group_36896,train
49669,group_36896,train
49670,group_36896,train
49671,group_36896,train
49672,group_36896,train
49673,group_36896,train
49674,group_36896,train
49675,group_36896,train
49676,group_36896,train
49677,group_36894,train
49678,group_36894,train
49679,group_36896,train
49680,group_36896,train
49681,group_36913,train
49684,group_36914,train
49686,group_36914,train
49687,group_36916,train
49688,group_36914,train
49689,group_36913,train
49690,group_36919,train
49692,group_36913,train
49693,group_36916,train
49694,group_36914,train
49696,group_36923,validation
49697,group_36913,train
49699,group_36925,train
49700,group_36926,train
49701,group_36913,train
49704,group_36914,train
49705,group_36916,train
49706,group_36930,train
49707,group_36916,train
49708,group_36914,train
49709,group_36914,train
49710,group_36914,train
49711,group_36916,train
49713,group_36914,train
49714,group_36914,train
49715,group_36938,train
49716,group_36914,train
49717,group_36940,test
49718,group_36941,test
49719,group_36914,train
49720,group_36943,train
49721,group_36916,train
49722,group_36938,train
49723,group_36914,train
49726,group_36943,train
49727,group_36926,train
49728,group_36913,train
49729,group_36926,train
49730,group_36916,train
49731,group_36952,train
49732,group_36914,train
49733,group_36938,train
49734,group_36955,test
49735,group_36938,train
49736,group_36955,test
49737,group_36958,train
49738,group_36916,train
49739,group_36943,train
49740,group_36943,train
49741,group_36916,train
49742,group_36963,train
49743,group_36964,train
49744,group_36914,train
49745,group_36913,train
49746,group_36967,test
49747,group_36968,train
49749,group_36952,train
49750,group_36943,train
49751,group_36943,train
49752,group_36972,train
49753,group_36973,train
49754,group_36974,train
49755,group_36974,train
49756,group_36976,train
49757,group_36977,train
49758,group_36978,train
49759,group_36979,validation
49760,group_36980,train
49761,group_36981,test
49762,group_36982,train
49763,group_36983,train
49764,group_36984,validation
49765,group_31820,train
49766,group_31851,test
49767,group_31823,train
49768,group_31827,train
49769,group_36989,train
49770,group_31820,train
49772,group_31832,train
49773,group_36992,train
49774,group_31823,train
49775,group_36994,train
49776,group_31823,train
49779,group_36996,train
49780,group_36997,train
49781,group_36998,train
49782,group_36999,train
49783,group_37000,validation
49784,group_36996,train
49785,group_36998,train
49786,group_37003,train
49787,group_37004,train
49788,group_37005,test
49789,group_37006,test
49790,group_37007,train
49791,group_37008,train
49792,group_37009,test
49793,group_37008,train
49794,group_37007,train
49798,group_37009,test
49799,group_37007,train
49802,group_37007,train
49804,group_37015,train
49807,group_37006,test
49808,group_33032,train
49809,group_33035,validation
49810,group_33027,train
49811,group_31396,validation
49812,group_31396,validation
49813,group_33030,train
49814,group_33043,train
49815,group_31400,train
49816,group_31396,validation
49817,group_33027,train
49818,group_31396,validation
49819,group_31400,train
49820,group_33032,train
49821,group_37030,train
49822,group_33030,train
49823,group_31400,train
49824,group_31396,validation
49825,group_37034,train
49826,group_37035,validation
49827,group_37036,validation
49828,group_31396,validation
49829,group_31400,train
49830,group_31396,validation
49831,group_33032,train
49832,group_31396,validation
49833,group_31396,validation
49834,group_31400,train
49835,group_33035,validation
49836,group_31398,train
49837,group_33032,train
49838,group_31400,train
49839,group_33043,train
49843,group_34904,train
49844,group_37050,test
49845,group_37051,train
49846,group_37052,train
49847,group_24773,test
49848,group_37054,train
49849,group_37055,train
49851,group_37056,train
49855,group_37057,train
49856,group_37057,train
49857,group_37057,train
49858,group_37057,train
49859,group_37061,train
49860,group_37062,train
49861,group_37063,train
49862,group_37064,train
49863,group_37065,test
49864,group_37062,train
49865,group_37057,train
49866,group_37057,train
49867,group_28824,validation
49868,group_37070,validation
49869,group_37071,train
49870,group_37072,train
49871,group_37073,train
49872,group_37055,train
49873,group_24760,test
49874,group_37076,train
49875,group_37077,train
49876,group_37078,train
49877,group_37079,train
49878,group_37080,train
49879,group_37081,train
49880,group_37082,train
49881,group_37077,train
49882,group_37084,train
49883,group_37051,train
49884,group_37086,train
49885,group_37087,validation
49886,group_37087,validation
49887,group_37086,train
49888,group_37086,train
49889,group_37091,train
49890,group_37092,train
49891,group_37093,train
49892,group_37094,train
49893,group_37087,validation
49894,group_37096,train
49895,group_37087,validation
49896,group_37086,train
49897,group_37099,train
49898,group_37087,validation
49899,group_37086,train
49900,group_37102,train
49901,group_37093,train
49902,group_37104,train
49903,group_37105,train
49904,group_37094,train
49906,group_37105,train
49907,group_37086,train
49911,group_37086,train
49913,group_37110,train
49914,group_37110,train
49915,group_37112,validation
49916,group_37113,train
49917,group_37114,train
49918,group_37115,train
49919,group_37116,train
49920,group_37117,validation
49921,group_37118,train
49922,group_37119,test
49923,group_37120,train
49924,group_37121,train
49925,group_37122,validation
49926,group_37123,train
49927,group_37124,test
49928,group_37124,test
49929,group_37126,train
49930,group_37127,validation
49931,group_37128,train
49933,group_37129,validation
49936,group_37130,train
49937,group_37131,test
49938,group_37132,train
49939,group_37133,train
49940,group_37134,test
49941,group_37135,train
49942,group_37136,validation
49943,group_37137,train
49944,group_37138,test
49945,group_37139,train
49946,group_37140,train
49948,group_37138,test
49949,group_37142,train
49951,group_37143,test
49952,group_37144,test
49953,group_37144,test
49954,group_37146,train
49955,group_37147,train
49956,group_37148,train
49957,group_37149,validation
49958,group_37150,train
49959,group_37151,test
49961,group_10188,test
49962,group_37153,train
49963,group_37154,train
49964,group_37155,train
49965,group_37156,test
49966,group_37157,train
49967,group_37158,train
49968,group_37159,train
49969,group_37137,train
49970,group_37161,test
49972,group_37162,train
49973,group_37163,train
49974,group_37132,train
49975,group_37165,test
49976,group_37166,validation
49977,group_37166,validation
49978,group_37161,test
49979,group_37161,test
49980,group_37170,train
49981,group_37170,train
49982,group_37172,train
49983,group_14369,test
49984,group_37174,train
49985,group_37175,train
49986,group_37176,validation
49987,group_37176,validation
49988,group_37178,train
49989,group_37178,train
49990,group_37178,train
49991,group_37178,train
49993,group_37182,validation
49995,group_37183,test
49996,group_37184,train
49997,group_37185,train
49998,group_37186,train
49999,group_37187,test
50000,group_37188,train
50001,group_37189,validation
50002,group_37190,validation
50003,group_37191,train
50004,group_37192,validation
50005,group_37193,validation
50006,group_37194,validation
50007,group_37195,test
50008,group_37196,test
50009,group_37197,train
50010,group_37198,train
50011,group_37199,train
50012,group_37200,train
50013,group_37201,train
50014,group_37202,train
50015,group_37203,test
50016,group_37204,train
50017,group_37205,train
50018,group_37206,train
50019,group_37207,test
50020,group_37208,train
50021,group_37209,train
50022,group_37210,train
50023,group_37211,test
50024,group_37212,train
50025,group_37213,train
50026,group_37214,train
50027,group_37215,train
50028,group_37216,train
50029,group_37217,test
50030,group_37218,test
50031,group_37219,train
50032,group_37220,train
50033,group_37219,train
50034,group_37222,train
50035,group_37223,train
50036,group_37224,train
50037,group_37225,train
50038,group_37226,train
50039,group_37227,train
50040,group_37228,train
50041,group_37229,train
50042,group_37230,train
50043,group_37231,train
50044,group_37232,validation
50045,group_37233,train
50046,group_37234,train
50047,group_37235,train
50051,group_37132,train
50145,group_10094,train
50146,group_37238,test
50147,group_12952,train
50148,group_10094,train
50149,group_10095,validation
50150,group_12952,train
50151,group_10094,train
50152,group_37244,train
50153,group_12958,train
50154,group_37246,train
50155,group_12958,train
50156,group_37248,train
50157,group_37249,train
50158,group_37250,train
50159,group_37249,train
50160,group_26422,train
50161,group_37253,validation
50162,group_26421,train
50163,group_12958,train
50164,group_37253,validation
50165,group_26422,train
50166,group_37258,train
50167,group_37259,train
50168,group_37260,train
50169,group_37261,train
50170,group_37262,train
50171,group_37259,train
50172,group_37264,train
50173,group_37265,train
50174,group_37264,train
50175,group_37267,test
50176,group_10091,train
50177,group_26422,train
50178,group_37270,train
50179,group_37271,train
50180,group_27384,train
50181,group_37271,train
50183,group_27884,test
50184,group_27884,test
50185,group_27888,validation
50186,group_37277,train
50187,group_27891,train
50188,group_37279,train
50189,group_27893,train
50190,group_37281,train
50191,group_37282,train
50192,group_37283,validation
50193,group_37284,test
50194,group_23986,validation
50195,group_23986,validation
50199,group_37287,train
50200,group_37288,train
50201,group_37287,train
50202,group_37290,validation
50203,group_37291,train
50204,group_37287,train
50205,group_37288,train
50206,group_37294,test
50207,group_37287,train
50208,group_37287,train
50209,group_37288,train
50210,group_37287,train
50211,group_37291,train
50212,group_37288,train
50213,group_37301,train
50214,group_37302,train
50215,group_37303,train
50216,group_37304,train
50217,group_37303,train
50218,group_37306,train
50219,group_37303,train
50220,group_37306,train
50221,group_37309,test
50222,group_37306,train
50223,group_37303,train
50224,group_37301,train
50225,group_37302,train
50226,group_37303,train
50227,group_37303,train
50228,group_37303,train
50229,group_37303,train
50230,group_37288,train
50231,group_37319,train
50232,group_37287,train
50233,group_37287,train
50234,group_37322,train
50235,group_37287,train
50236,group_37324,train
50237,group_37325,test
50238,group_37325,test
50239,group_37327,test
50240,group_37328,train
50241,group_37329,test
50242,group_37330,train
50243,group_37331,test
50276,group_37332,train
50277,group_25397,train
50278,group_25397,train
50279,group_30042,test
50280,group_37336,train
50281,group_37337,test
50282,group_37338,train
50283,group_37339,validation
50284,group_37340,validation
50285,group_37339,validation
50286,group_37340,validation
50287,group_37343,validation
50288,group_37340,validation
50289,group_36973,train
50290,group_37340,validation
50291,group_37340,validation
50292,group_37343,validation
50293,group_37340,validation
50294,group_37340,validation
50295,group_37340,validation
50296,group_37352,train
50297,group_37340,validation
50298,group_37339,validation
50302,group_36952,train
50303,group_36913,train
50304,group_36913,train
50305,group_37358,train
50306,group_37359,train
50307,group_36964,train
50308,group_36913,train
50309,group_36916,train
50310,group_36914,train
50311,group_37364,validation
50312,group_36967,test
50313,group_36952,train
50314,group_36952,train
50315,group_36913,train
50316,group_36926,train
50317,group_36913,train
50318,group_36914,train
50319,group_36916,train
50320,group_36913,train
50321,group_30688,train
50322,group_30674,test
50323,group_22354,train
50324,group_22352,train
50325,group_18669,test
50326,group_37379,train
50327,group_37380,train
50328,group_18661,train
50329,group_37382,train
50330,group_30680,train
50331,group_37384,train
50332,group_37379,train
50333,group_37379,train
50334,group_22354,train
50335,group_18667,train
50336,group_37389,train
50337,group_8933,train
50338,group_8933,train
50339,group_37392,train
50340,group_37393,train
50341,group_37394,train
50342,group_37395,train
50343,group_30676,validation
50344,group_18657,validation
50345,group_37379,train
50346,group_37399,test
50347,group_22354,train
50348,group_18667,train
50349,group_22354,train
50350,group_18667,train
50351,group_22353,validation
50352,group_18669,test
50353,group_37399,test
50354,group_18658,train
50355,group_30680,train
50356,group_30674,test
50357,group_37410,train
50375,group_32446,train
50376,group_29358,train
50377,group_17711,validation
50378,group_37414,test
50379,group_37415,validation
50382,group_37416,train
50383,group_37417,test
50384,group_37418,train
50385,group_37419,train
50386,group_37420,train
50387,group_37421,test
50388,group_37422,train
50389,group_37423,train
50390,group_37421,test
50391,group_37423,train
50392,group_37426,train
50393,group_37427,train
50394,group_37423,train
50395,group_37423,train
50396,group_37423,train
50400,group_37423,train
50401,group_37432,train
50402,group_37433,test
50403,group_37426,train
50404,group_37435,train
50405,group_37436,train
50406,group_37421,test
50417,group_37423,train
50418,group_37423,train
50419,group_37440,train
50420,group_27241,validation
50421,group_37442,train
50422,group_37443,train
50423,group_27246,train
50425,group_19493,train
50426,group_37446,validation
50427,group_37447,train
50428,group_37448,test
50429,group_37449,train
50430,group_37450,test
50431,group_37446,validation
50432,group_37452,train
50433,group_37453,validation
50434,group_37454,train
50435,group_37455,train
50436,group_37456,train
50437,group_37456,train
50438,group_37458,train
50439,group_37459,test
50440,group_37460,test
50441,group_37461,validation
50442,group_37462,train
50443,group_37463,train
50444,group_37464,train
50445,group_37463,train
50446,group_37466,train
50447,group_37456,train
50448,group_37468,train
50449,group_37469,train
50450,group_37466,train
50451,group_37471,train
50452,group_37472,train
50453,group_37473,train
50454,group_37474,train
50455,group_37475,train
50456,group_37476,validation
50457,group_37477,train
50458,group_37478,train
50459,group_37479,train
50460,group_37480,train
50461,group_37481,train
50462,group_37482,train
50463,group_37463,train
50464,group_37475,train
50465,group_37485,train
50466,group_37486,test
50467,group_37487,test
50468,group_37488,train
50469,group_37489,train
50470,group_37489,train
50471,group_37491,train
50472,group_37492,train
50473,group_37493,test
50474,group_37492,train
50475,group_37463,train
50476,group_37456,train
50477,group_37497,test
50478,group_37498,train
50480,group_37459,test
50481,group_37474,train
50482,group_37474,train
50483,group_37469,train
50484,group_37503,train
50485,group_37471,train
50486,group_37505,train
50487,group_37506,train
50488,group_37486,test
50489,group_37508,train
50490,group_37509,train
50491,group_37510,train
50492,group_37511,train
50493,group_37512,test
50494,group_37513,train
50495,group_37514,validation
50496,group_37515,train
50497,group_37516,train
50498,group_37512,test
50499,group_37518,test
50500,group_37515,train
50501,group_37520,train
50502,group_37521,train
50503,group_37522,validation
50504,group_37523,train
50505,group_37524,train
50506,group_37456,train
50507,group_37526,test
50508,group_37459,test
50509,group_37474,train
50510,group_37529,train
50512,group_37530,validation
50513,group_37509,train
50514,group_37488,train
50515,group_37533,train
50516,group_37489,train
50518,group_37511,train
50519,group_37536,validation
50520,group_37518,test
50521,group_37538,train
50522,group_37515,train
50523,group_37540,train
50524,group_37458,train
50525,group_37542,validation
50526,group_37543,train
50527,group_37464,train
50528,group_37545,train
50530,group_37456,train
50532,group_37547,train
50533,group_37526,test
50535,group_37492,train
50536,group_37459,test
50540,group_37551,test
50541,group_37463,train
50542,group_37529,train
50543,group_37554,validation
50544,group_37555,train
50545,group_37466,train
50546,group_37557,train
50547,group_37466,train
50548,group_37466,train
50549,group_37466,train
50550,group_37561,test
50551,group_37562,validation
50552,group_37563,train
50553,group_37513,train
50554,group_37565,test
50555,group_37566,train
50556,group_37563,train
50557,group_37568,train
50558,group_37565,test
50559,group_37566,train
50560,group_37466,train
50561,group_37466,train
50562,group_37466,train
50563,group_37466,train
50564,group_37466,train
50565,group_37466,train
50567,group_37577,test
50568,group_37487,test
50569,group_37579,train
50570,group_37580,validation
50571,group_37581,test
50572,group_37489,train
50573,group_37508,train
50574,group_37584,train
50575,group_37509,train
50576,group_37584,train
50577,group_37489,train
50578,group_37540,train
50579,group_37589,train
50581,group_37458,train
50583,group_37458,train
50584,group_37464,train
50585,group_37545,train
50586,group_37456,train
50587,group_37459,test
50588,group_37505,train
50589,group_37474,train
50590,group_37474,train
50591,group_37529,train
50592,group_37456,train
50593,group_37456,train
50594,group_37459,test
50595,group_37459,test
50596,group_37505,train
50597,group_37505,train
50598,group_37474,train
50599,group_37474,train
50600,group_37529,train
50601,group_37529,train
50602,group_37489,train
50603,group_37489,train
50604,group_37612,train
50605,group_37613,test
50606,group_37614,test
50607,group_37547,train
50608,group_37616,validation
50609,group_37492,train
50610,group_37463,train
50611,group_37456,train
50612,group_37614,test
50613,group_37469,train
50614,group_37622,train
50615,group_37471,train
50616,group_37616,validation
50617,group_37459,test
50618,group_37492,train
50619,group_37474,train
50620,group_37463,train
50621,group_37554,validation
50622,group_37555,train
50623,group_37456,train
50624,group_37469,train
50625,group_37471,train
50626,group_37459,test
50627,group_37474,train
50628,group_37554,validation
50629,group_37486,test
50630,group_37638,train
50631,group_37639,test
50632,group_37640,train
50633,group_37641,train
50634,group_37511,train
50635,group_37536,validation
50636,group_37518,test
50637,group_37538,train
50638,group_37515,train
50639,group_37511,train
50640,group_37648,train
50641,group_37513,train
50642,group_37538,train
50643,group_37651,train
50648,group_37652,train
50649,group_37653,train
50650,group_37654,train
50651,group_37655,train
50652,group_37656,train
50653,group_37657,train
50654,group_37655,train
50655,group_37659,train
50656,group_37657,train
50657,group_37655,train
50658,group_37662,train
50659,group_37657,train
50660,group_37664,test
50661,group_37665,validation
50662,group_37666,train
50663,group_37667,train
50664,group_37668,train
50665,group_37669,train
50666,group_37670,test
50667,group_37671,train
50668,group_37672,test
50669,group_37673,train
50670,group_37674,train
50671,group_37675,train
50672,group_37676,test
50673,group_37486,test
50674,group_37678,validation
50675,group_37577,test
50676,group_37488,train
50678,group_37489,train
50680,group_37682,train
50681,group_37584,train
50682,group_37486,test
50683,group_37584,train
50684,group_37580,validation
50686,group_37489,train
50688,group_37682,train
50689,group_37486,test
50690,group_37486,test
50691,group_37487,test
50692,group_37533,train
50693,group_37489,train
50694,group_37510,train
50698,group_29403,train
50701,group_29410,train
50702,group_29388,train
50703,group_37698,train
50705,group_37699,train
50708,group_37700,validation
50710,group_37701,test
50711,group_37584,train
50712,group_37612,train
50713,group_37704,train
50714,group_37705,validation
50715,group_37705,validation
50717,group_37705,validation
50718,group_37708,train
50719,group_37709,test
50720,group_37710,test
50721,group_37711,train
50722,group_37711,train
50723,group_37713,train
50724,group_37714,train
50725,group_29675,train
50726,group_29676,test
50727,group_29679,train
50728,group_29703,validation
50729,group_29703,validation
50730,group_29703,validation
50731,group_29703,validation
50732,group_29701,validation
50733,group_29711,validation
50734,group_29711,validation
50735,group_29711,validation
50736,group_29711,validation
50737,group_37727,train
50738,group_37727,train
50739,group_29675,train
50740,group_29675,train
50741,group_29671,train
50742,group_29667,train
50743,group_29667,train
50744,group_29675,train
50746,group_29675,train
50747,group_37727,train
50748,group_29667,train
50749,group_29667,train
50750,group_29667,train
50751,group_37727,train
50752,group_29675,train
50753,group_37727,train
50754,group_29667,train
50755,group_29703,validation
50756,group_29711,validation
50757,group_29701,validation
50758,group_29701,validation
50759,group_37748,validation
50760,group_29701,validation
50761,group_29711,validation
50762,group_29701,validation
50763,group_37752,train
50764,group_29711,validation
50765,group_29711,validation
50773,group_9196,validation
50774,group_16224,train
50775,group_37757,train
50776,group_7397,train
50777,group_37759,train
50778,group_37760,train
50783,group_37761,train
50784,group_37762,train
50815,group_37763,test
50816,group_37764,train
50817,group_37765,train
50819,group_37765,train
50820,group_37765,train
50821,group_37765,train
50822,group_37765,train
50823,group_37765,train
50824,group_37765,train
50825,group_37772,validation
50826,group_37772,validation
50827,group_37772,validation
50828,group_37772,validation
50829,group_37776,train
50830,group_37777,validation
50831,group_37777,validation
50832,group_37779,train
50833,group_37779,train
50834,group_37776,train
50835,group_28769,train
50836,group_37776,train
50837,group_28769,train
50838,group_28769,train
50839,group_28769,train
50842,group_26765,validation
50843,group_37788,train
50844,group_37789,train
50849,group_24418,train
50850,group_37791,train
50851,group_37792,train
50852,group_37793,test
50853,group_37794,train
50854,group_37795,validation
50855,group_37796,validation
50856,group_37797,train
50859,group_37798,train
50860,group_37799,train
50861,group_37800,test
50864,group_37801,train
50865,group_37802,test
50866,group_37803,validation
50868,group_37804,train
50869,group_37805,test
50870,group_37806,test
50871,group_37807,validation
50872,group_37808,train
50873,group_37809,validation
50874,group_37810,validation
50875,group_37811,test
50876,group_37812,test
50877,group_37813,validation
50878,group_37814,train
50879,group_37815,train
50880,group_37816,train
50881,group_37817,train
50882,group_37807,validation
50883,group_37819,train
50884,group_37806,test
50885,group_37821,test
50886,group_37822,validation
50887,group_37823,train
50889,group_37806,test
50890,group_37825,train
50891,group_37822,validation
50892,group_37827,train
50893,group_37828,validation
50894,group_37829,train
50895,group_37830,train
50896,group_37831,validation
50898,group_37832,train
50899,group_37833,test
50900,group_37834,train
50901,group_37835,validation
50902,group_37836,validation
50903,group_37837,test
50904,group_37811,test
50905,group_37839,validation
50906,group_37840,train
50907,group_37841,train
50908,group_37842,train
50910,group_37843,test
50911,group_37844,train
50916,group_37845,train
50921,group_37846,train
50928,group_37847,validation
50929,group_37848,train
50936,group_37849,validation
50937,group_37850,train
50939,group_37851,train
50941,group_37852,train
50942,group_6428,test
50943,group_37854,train
50944,group_37855,validation
50945,group_37854,train
50946,group_37857,train
50947,group_37858,train
50948,group_37859,train
50949,group_37860,train
50950,group_37861,validation
50951,group_37859,train
50952,group_37857,train
50953,group_37854,train
50954,group_37861,validation
50955,group_37857,train
50956,group_37859,train
50957,group_37861,validation
50958,group_37861,validation
50960,group_37861,validation
50961,group_37859,train
50962,group_37854,train
50963,group_37858,train
50964,group_37874,validation
50965,group_37875,train
50966,group_37876,train
50967,group_37877,train
50968,group_16795,train
50969,group_37879,train
50970,group_37880,train
50971,group_37881,validation
50972,group_37882,train
50973,group_37883,train
50974,group_37884,train
50975,group_37885,train
50976,group_37886,train
50977,group_37887,train
50978,group_37888,train
50979,group_37889,validation
50980,group_37890,test
50981,group_37891,train
50982,group_37892,train
50983,group_37893,validation
50984,group_37894,train
50985,group_37895,test
50986,group_37896,validation
50987,group_37897,train
50988,group_37898,train
50989,group_37899,validation
50990,group_37900,train
50991,group_37901,test
50992,group_37902,train
50993,group_37903,train
50994,group_16786,train
50995,group_37905,train
50996,group_37906,train
50997,group_37907,train
50998,group_37908,train
50999,group_37909,train
51000,group_37910,train
51001,group_37911,test
51002,group_37912,validation
51003,group_37913,test
51004,group_37914,train
51005,group_37915,train
51006,group_37916,train
51007,group_37917,validation
51008,group_37918,validation
51009,group_37919,test
51010,group_37920,test
51011,group_37921,train
51012,group_37922,train
51013,group_37923,validation
51014,group_37924,train
51015,group_37925,train
51016,group_37926,train
51017,group_37927,test
51018,group_37928,train
51019,group_37929,train
51020,group_37930,train
51021,group_37931,train
51022,group_37932,validation
51023,group_37933,validation
51024,group_37934,train
51025,group_37935,validation
51026,group_37936,train
51027,group_37937,train
51028,group_37938,train
51029,group_37922,train
51030,group_37940,train
51031,group_37941,train
51032,group_37942,validation
51033,group_37891,train
51034,group_37944,train
51035,group_37945,train
51036,group_37942,validation
51037,group_37947,train
51038,group_37948,test
51039,group_37949,train
51040,group_37950,train
51041,group_37951,train
51042,group_37952,train
51043,group_37948,test
51044,group_37954,train
51045,group_37955,train
51046,group_37956,train
51047,group_37957,validation
51048,group_37958,train
51049,group_37959,train
51050,group_37960,train
51051,group_37958,train
51052,group_37962,validation
51053,group_37963,test
51054,group_37964,train
51055,group_37965,validation
51056,group_37966,train
51057,group_37967,train
51058,group_37968,train
51059,group_37969,train
51060,group_37942,validation
51061,group_37971,train
51073,group_37972,train
51075,group_37973,test
51077,group_37974,train
51078,group_37975,train
51079,group_37976,train
51081,group_37977,test
51084,group_37976,train
51088,group_37979,train
51090,group_37980,train
51091,group_37981,train
51092,group_37982,train
51101,group_37972,train
51108,group_37976,train
51115,group_37985,train
51118,group_37981,train
51119,group_37987,test
51124,group_37988,validation
51126,group_37989,train
51135,group_37990,train
51140,group_37991,train
51141,group_37992,train
51142,group_37993,train
51143,group_37993,train
51144,group_37995,test
51145,group_37995,test
51147,group_37991,train
51148,group_37995,test
51149,group_37992,train
51150,group_37995,test
51151,group_38001,train
51152,group_38002,train
51153,group_38003,validation
51154,group_38004,train
51155,group_38005,train
51156,group_38006,train
51157,group_38002,train
51158,group_38004,train
51159,group_38005,train
51160,group_38005,train
51161,group_38004,train
51162,group_38005,train
51163,group_38003,validation
51164,group_38005,train
51165,group_38015,train
51166,group_38004,train
51167,group_38003,validation
51168,group_38001,train
51169,group_38005,train
51170,group_38001,train
51171,group_38001,train
51172,group_38003,validation
51173,group_38002,train
51174,group_38004,train
51175,group_38015,train
51176,group_38005,train
51177,group_38002,train
51178,group_38001,train
51179,group_38015,train
51180,group_38004,train
51181,group_38004,train
51182,group_38001,train
51183,group_38002,train
51184,group_38005,train
51185,group_38015,train
51187,group_38036,validation
51188,group_37941,train
51193,group_24678,train
51194,group_37960,train
51200,group_16771,train
51202,group_38041,train
51204,group_38042,train
51205,group_38041,train
51206,group_16778,validation
51207,group_24678,train
51209,group_16771,train
51214,group_38047,train
51215,group_38048,train
51222,group_38049,train
51225,group_38050,train
51226,group_38051,train
51231,group_38052,train
51232,group_38053,train
51245,group_38054,validation
51252,group_38055,test
51253,group_38056,train
51254,group_38057,train
51255,group_38055,test
51256,group_38056,train
51257,group_38060,test
51258,group_38060,test
51259,group_38055,test
51260,group_38060,test
51261,group_38060,test
51262,group_38065,train
51263,group_38066,train
51264,group_38067,train
51265,group_38068,test
51266,group_38067,train
51267,group_38068,test
51269,group_38071,train
51271,group_38072,train
51272,group_38073,train
51278,group_38074,train
51288,group_38074,train
51294,group_38076,train
51301,group_38077,train
51316,group_2427,validation
51317,group_38079,train
51318,group_38080,train
51319,group_38081,train
51320,group_19155,train
51321,group_17554,train
51322,group_38084,train
51323,group_38085,train
51324,group_38086,train
51325,group_38087,train
51329,group_38088,validation
51330,group_38089,test
51331,group_38090,train
51332,group_38091,train
51333,group_38092,train
51334,group_38093,train
51335,group_38005,train
51336,group_38003,validation
51337,group_38096,train
51338,group_38015,train
51339,group_38004,train
51340,group_38003,validation
51341,group_38002,train
51342,group_38005,train
51343,group_38102,validation
51344,group_38006,train
51345,group_38104,train
51346,group_38096,train
51347,group_38002,train
51348,group_38107,train
51349,group_38108,train
51350,group_38109,train
51351,group_18130,train
51352,group_18130,train
51353,group_18130,train
51354,group_38113,test
51355,group_38113,test
51356,group_18130,train
51359,group_38116,train
51360,group_18130,train
51361,group_38116,train
51362,group_18130,train
51363,group_18131,train
51364,group_18130,train
51365,group_18130,train
51366,group_18130,train
51367,group_38124,train
51368,group_18130,train
51369,group_38126,train
51370,group_8843,validation
51372,group_38128,train
51374,group_38108,train
51375,group_19049,train
51376,group_38131,test
51377,group_38132,train
51378,group_38133,train
51379,group_38134,train
51380,group_38135,test
51381,group_38136,train
51382,group_38137,train
51383,group_38138,train
51384,group_38139,train
51385,group_38140,train
51386,group_38141,validation
51387,group_38142,train
51388,group_38141,validation
51389,group_38144,train
51390,group_38140,train
51391,group_38138,train
51392,group_38142,train
51393,group_38148,train
51394,group_38149,train
51395,group_38150,train
51396,group_38151,train
51397,group_38152,test
51398,group_38148,train
51399,group_38154,train
51400,group_38155,validation
51401,group_38156,test
51402,group_38157,train
51403,group_38158,train
51404,group_38159,train
51405,group_38160,validation
51406,group_38161,test
51407,group_38159,train
51408,group_38158,train
51409,group_38164,train
51410,group_38165,train
51411,group_38164,train
51412,group_38167,train
51413,group_38168,train
51414,group_38169,train
51415,group_38170,validation
51417,group_38159,train
51418,group_38172,train
51419,group_38173,train
51420,group_38159,train
51421,group_38154,train
51422,group_38176,train
51423,group_38177,validation
51424,group_38178,train
51425,group_38155,validation
51426,group_38180,train
51427,group_38181,train
51428,group_38154,train
51429,group_38154,train
51430,group_38184,test
51431,group_38159,train
51432,group_38186,train
51433,group_38187,train
51434,group_38188,test
51435,group_38189,validation
51436,group_38190,train
51437,group_38191,train
51438,group_38192,test
51439,group_38193,train
51440,group_38194,train
51442,group_38195,train
51443,group_38196,train
51444,group_38197,train
51446,group_26515,test
51447,group_38199,train
51448,group_38200,train
51449,group_38201,train
51450,group_38202,train
51452,group_38203,train
51453,group_38204,train
51454,group_38204,train
51455,group_38206,train
51456,group_38207,train
51457,group_30532,train
51458,group_26511,validation
51459,group_26513,train
51460,group_38211,validation
51461,group_38212,train
51462,group_38213,train
51463,group_26511,validation
51464,group_38215,train
51465,group_38216,validation
51466,group_38217,train
51470,group_22381,validation
51471,group_22381,validation
51473,group_38220,train
51475,group_38221,train
51476,group_22380,test
51478,group_38223,train
51482,group_22380,test
51485,group_38225,validation
51486,group_38226,train
51487,group_38225,validation
51488,group_38228,train
51489,group_38229,train
51495,group_22380,test
51497,group_38231,train
51498,group_38232,validation
51499,group_38232,validation
51500,group_38234,train
51501,group_38232,validation
51502,group_38236,train
51503,group_38232,validation
51504,group_38232,validation
51505,group_38232,validation
51506,group_38232,validation
51507,group_38241,train
51508,group_38231,train
51509,group_38231,train
51510,group_32207,validation
51511,group_38245,test
51512,group_38246,train
51513,group_38247,validation
51514,group_38248,train
51515,group_32207,validation
51516,group_38250,train
51517,group_38251,validation
51518,group_21905,validation
51519,group_5533,train
51520,group_38254,validation
51521,group_38255,validation
51522,group_21905,validation
51523,group_21905,validation
51524,group_21905,validation
51525,group_32207,validation
51526,group_38260,train
51527,group_21905,validation
51528,group_38262,train
51529,group_19772,train
51530,group_38264,train
51531,group_32203,train
51532,group_5533,train
51533,group_19792,train
51534,group_32207,validation
51535,group_21905,validation
51536,group_38270,train
51537,group_38271,test
51538,group_32198,train
51539,group_38273,train
51540,group_38274,train
51541,group_38275,test
51542,group_32207,validation
51543,group_32199,train
51544,group_38274,train
51545,group_38279,test
51546,group_19773,train
51547,group_32198,train
51548,group_5569,test
51549,group_19773,train
51550,group_38284,validation
51551,group_21905,validation
51552,group_32207,validation
51553,group_38287,validation
51554,group_21905,validation
51555,group_38289,train
51556,group_21905,validation
51557,group_21905,validation
51558,group_32222,train
51559,group_21905,validation
51560,group_38294,train
51561,group_38295,train
51562,group_38296,train
51563,group_38297,train
51564,group_32195,test
51565,group_21905,validation
51566,group_38300,train
51570,group_38301,validation
51573,group_38279,test
51574,group_5533,train
51576,group_32222,train
51577,group_38305,train
51579,group_38306,test
51581,group_38307,train
51582,group_38308,validation
51583,group_38309,train
51584,group_38310,validation
51585,group_38311,train
51586,group_38312,train
51587,group_38313,train
51588,group_38314,train
51589,group_38314,train
51590,group_38309,train
51591,group_38311,train
51592,group_38308,validation
51594,group_38314,train
51595,group_38310,validation
51596,group_38321,train
51597,group_38314,train
51598,group_38314,train
51599,group_38314,train
51600,group_38310,validation
51601,group_38321,train
51602,group_38310,validation
51603,group_38328,test
51604,group_38329,test
51605,group_38330,train
51606,group_38331,train
51607,group_38330,train
51608,group_38333,test
51609,group_38334,validation
51610,group_38335,train
51611,group_38336,train
51612,group_38337,train
51613,group_38338,validation
51614,group_38339,test
51615,group_38340,train
51616,group_38341,train
51617,group_38342,train
51618,group_38340,train
51619,group_38344,train
51620,group_38345,validation
51621,group_38346,train
51622,group_38347,train
51623,group_38348,train
51624,group_38349,train
51625,group_38350,train
51626,group_38351,validation
51627,group_38352,validation
51628,group_38353,train
51629,group_38354,train
51630,group_38355,validation
51631,group_38356,train
51632,group_38357,train
51633,group_38358,train
51634,group_38359,validation
51635,group_38360,train
51636,group_38361,validation
51637,group_38362,train
51638,group_38363,train
51639,group_38364,train
51640,group_38365,train
51641,group_38366,test
51642,group_38367,validation
51643,group_38368,test
51644,group_38369,train
51645,group_38370,test
51646,group_38371,train
51647,group_38372,train
51648,group_38373,train
51649,group_38374,test
51650,group_38375,test
51651,group_38376,train
51652,group_38377,train
51653,group_38378,train
51654,group_38379,train
51655,group_38380,train
51656,group_38381,train
51657,group_38382,train
51658,group_38383,validation
51659,group_38384,train
51660,group_38385,train
51661,group_38386,test
51662,group_38387,train
51663,group_38388,train
51664,group_38389,train
51665,group_38390,train
51666,group_38391,train
51667,group_38392,validation
51668,group_38393,validation
51669,group_38392,validation
51670,group_38395,validation
51671,group_38396,train
51672,group_38397,train
51673,group_38396,train
51674,group_38390,train
51675,group_38400,train
51676,group_38396,train
51677,group_38402,train
51678,group_38400,train
51679,group_38404,train
51680,group_38405,train
51681,group_38406,train
51682,group_38390,train
51683,group_38408,validation
51684,group_38409,train
51685,group_38410,train
51686,group_38411,train
51687,group_38412,train
51688,group_38390,train
51689,group_38414,train
51690,group_38415,train
51691,group_38416,validation
51692,group_38417,train
51693,group_38418,train
51694,group_38419,train
51695,group_38420,validation
51696,group_38421,train
51697,group_38422,train
51698,group_38423,train
51699,group_38424,train
51700,group_38425,train
51701,group_38426,train
51702,group_38427,train
51703,group_38428,train
51704,group_38429,validation
51705,group_38430,train
51706,group_38431,train
51707,group_38432,train
51708,group_38433,validation
51709,group_38434,test
51710,group_38435,train
51711,group_38436,train
51712,group_38437,train
51713,group_38438,train
51714,group_38439,train
51715,group_38440,train
51716,group_38441,train
51717,group_38442,test
51718,group_16527,train
51719,group_38444,train
51720,group_38445,train
51721,group_38446,train
51722,group_38447,train
51723,group_38448,train
51724,group_38449,train
51725,group_38450,test
51726,group_38451,train
51727,group_38452,train
51728,group_38453,test
51729,group_38454,train
51730,group_38455,train
51731,group_38456,train
51732,group_38457,train
51733,group_38458,train
51734,group_38459,validation
51735,group_38460,train
51736,group_38461,train
51737,group_38462,train
51741,group_33143,validation
51750,group_20919,train
51751,group_29611,validation
51752,group_13551,test
51753,group_38467,train
51754,group_38468,train
51755,group_14701,train
51756,group_29611,validation
51757,group_10792,train
51758,group_3965,train
51759,group_29894,train
51760,group_38474,train
51761,group_38475,train
51762,group_38476,train
51763,group_10758,train
51764,group_38478,train
51765,group_38479,train
51767,group_38479,train
51768,group_38481,train
51769,group_38482,train
51770,group_38482,train
51771,group_38484,train
51772,group_38484,train
51776,group_38486,train
51777,group_38487,train
51778,group_38488,train
51779,group_38489,train
51781,group_38490,test
51784,group_38491,train
51785,group_38492,train
51786,group_38492,train
51794,group_38494,train
51795,group_38495,validation
51797,group_38496,test
51798,group_38497,train
51799,group_38498,train
51800,group_38499,train
51801,group_38500,train
51802,group_38501,train
51805,group_38502,train
51806,group_38503,train
51807,group_38498,train
51808,group_38505,train
51809,group_38506,train
51810,group_38507,train
51811,group_38499,train
51812,group_38498,train
51815,group_29873,train
51816,group_38511,train
51817,group_38512,test
51825,group_29873,train
51826,group_29872,train
51827,group_38515,train
51829,group_29881,train
51832,group_38517,train
51835,group_38518,train
51838,group_38519,validation
51843,group_37772,validation
51844,group_38521,train
51846,group_38522,train
51847,group_38515,train
51854,group_12201,train
51857,group_38525,train
51860,group_38526,train
51867,group_29873,train
51870,group_38528,train
51874,group_38529,train
51876,group_27234,train
51877,group_38531,validation
51878,group_38532,train
51879,group_38533,validation
51880,group_38531,validation
51881,group_38535,train
51882,group_38536,train
51883,group_38537,test
51884,group_38538,train
51885,group_38533,validation
51886,group_38540,train
51887,group_38533,validation
51888,group_38542,train
51889,group_38540,train
51890,group_38542,train
51891,group_38536,train
51892,group_38532,train
51893,group_38547,test
51894,group_38532,train
51895,group_38536,train
51896,group_38550,test
51897,group_38540,train
51898,group_38552,train
51899,group_38536,train
51900,group_38531,validation
51901,group_38533,validation
51904,group_38556,train
51905,group_38557,train
51906,group_38558,test
51908,group_38559,test
51909,group_38560,test
51910,group_38561,train
51911,group_38562,train
51912,group_38563,train
51913,group_38564,train
51914,group_38565,test
51915,group_38566,train
51916,group_38567,train
51918,group_38568,train
51919,group_38569,train
51920,group_38570,test
51921,group_38571,train
51922,group_38572,train
51923,group_38573,validation
51924,group_38574,train
51926,group_38575,train
51927,group_38576,train
51928,group_38577,test
51929,group_38578,train
51931,group_38579,validation
51932,group_38580,train
51934,group_38581,train
51936,group_38582,train
51937,group_38583,validation
51938,group_38584,train
51939,group_38585,validation
51940,group_38586,test
51941,group_38587,validation
51942,group_38588,train
51944,group_38589,validation
51947,group_38590,train
51948,group_38591,validation
51949,group_38592,train
51951,group_38593,train
51955,group_38594,validation
51956,group_38595,test
51958,group_38596,train
51960,group_38597,test
51961,group_38598,test
51966,group_38599,train
51976,group_38600,validation
51978,group_38601,test
51981,group_38602,train
51982,group_38603,train
51983,group_38604,validation
51988,group_38605,train
51992,group_38601,test
51993,group_38607,train
51994,group_38608,validation
51995,group_38608,validation
51999,group_38599,train
